{
    "gui.alerts.lostPeripheralConnection": "Scratch загуби връзка с/ъс {extensionName}.",
    "gui.alerts.tryAgain": "Опитай пак",
    "gui.alerts.download": "Сваляне",
    "gui.connection.reconnect": "Повторно свързване",
    "gui.backpack.header": "Раница",
    "gui.backpack.errorBackpack": "Грешка при зареждането на раница",
    "gui.backpack.loadingBackpack": "Зареждане…",
    "gui.backpack.more": "Още",
    "gui.backpack.emptyBackpack": "Раницата е празна",
    "gui.unsupportedBrowser.label": "Браузърът не се поддържа",
    "gui.unsupportedBrowser.errorLabel": "Възникна грешка",
    "gui.unsupportedBrowser.notRecommended": "We are very sorry, but it looks like you are using a browser version that Scratch does not support. We recommend updating to the latest version of a supported browser such as Google Chrome, Mozilla Firefox, Microsoft Edge, or Apple Safari.",
    "gui.unsupportedBrowser.description": "We are very sorry, but Scratch does not support this browser. We recommend updating to the latest version of a supported browser such as Google Chrome, Mozilla Firefox, Microsoft Edge, or Apple Safari.",
    "gui.unsupportedBrowser.back": "Назад",
    "gui.unsupportedBrowser.previewfaq": "За да научите повече, разгледайте {previewFaqLink}.",
    "gui.unsupportedBrowser.previewfaqlinktext": "FAQ",
    "gui.cameraModal.cameraModalTitle": "Снимай",
    "gui.cameraModal.loadingCameraMessage": "Loading Camera...",
    "gui.cameraModal.permissionRequest": "Имаме нужда от Вашето разрешение, за да използваме камера Ви.",
    "gui.cameraModal.retakePhoto": "Снимай пак",
    "gui.cameraModal.save": "Запазване",
    "gui.cameraModal.takePhoto": "Снимай",
    "gui.cameraModal.loadingCaption": "Зареждане…",
    "gui.cameraModal.enableCameraCaption": "Enable Camera",
    "gui.cards.all-tutorials": "Обучения",
    "gui.cards.shrink": "Shrink",
    "gui.cards.expand": "Expand",
    "gui.cards.close": "Затвори",
    "gui.cards.more-things-to-try": "Още неща, които да опиташ!",
    "gui.cards.see-more": "Виж още",
    "gui.comingSoon.message1": "Не се притеснявайте, заели сме се с това{emoji}",
    "gui.comingSoon.message2": "Очаквайте скоро…",
    "gui.comingSoon.message3": "Работим по това {emoji}",
    "gui.connection.auto-scanning.noPeripheralsFound": "Не са открити устройства",
    "gui.connection.auto-scanning.prescan": "Приближи устройствата и започни търсенето.",
    "gui.connection.auto-scanning.pressbutton": "Натисни бутона на устройството си.",
    "gui.connection.auto-scanning.start-search": "Start Searching",
    "gui.connection.connecting-searchbutton": "Searching...",
    "gui.connection.auto-scanning.try-again": "Try again",
    "gui.connection.connected": "Свързан",
    "gui.connection.disconnect": "Прекрати връзка",
    "gui.connection.go-to-editor": "Отиди в Редактора",
    "gui.connection.connecting-cancelbutton": "Свързване...",
    "gui.connection.error.errorMessage": "Опа, изглежда нещо се обърка",
    "gui.connection.error.tryagainbutton": "Try again",
    "gui.connection.error.helpbutton": "Помощ",
    "gui.connection.peripheral-name-label": "Име на устройството",
    "gui.connection.connect": "Свързвам",
    "gui.connection.scanning.lookingforperipherals": "Търсене на устройства",
    "gui.connection.scanning.noPeripheralsFound": "Не са открити устройства",
    "gui.connection.scanning.instructions": "Избери устройство от списъка по-горе.",
    "gui.connection.search": "Обнови",
    "gui.connection.unavailable.installscratchlink": "Проверете дали имате инсталиран Scratch Link и дали работи",
    "gui.connection.unavailable.enablebluetooth": "Проверете дали Bluetooth е включен",
    "gui.connection.unavailable.tryagainbutton": "Try again",
    "gui.connection.unavailable.helpbutton": "Помощ",
    "gui.controls.go": "Старт",
    "gui.controls.stop": "Спиране",
    "gui.crashMessage.label": "Опа! Нещо се обърка",
    "gui.crashMessage.description": "Много съжаляваме, но изглежда Scratch се повреди. Тази неизправност е докладвана на екипа отговорен за Scratch. Презаредете страницата и опитайте отново.",
    "gui.crashMessage.errorNumber": "Грешката ви беше записана с id {errorId}",
    "gui.crashMessage.reload": "Reload",
    "gui.customProcedures.myblockModalTitle": "Създаване на блок",
    "gui.customProcedures.addAnInputNumberText": "Добави поле за въвеждане",
    "gui.customProcedures.numberTextType": "число или текст",
    "gui.customProcedures.addAnInputBoolean": "Добави поле за въвеждане",
    "gui.customProcedures.booleanType": "да-не въвеждане",
    "gui.customProcedures.addALabel": "Добавяне на етикет",
    "gui.customProcedures.runWithoutScreenRefresh": "Стартиране без обновяване на екрана",
    "gui.customProcedures.cancel": "Отказ",
    "gui.customProcedures.ok": "Добре",
    "gui.SpriteInfo.direction": "Посока",
    "gui.directionPicker.rotationStyles.allAround": "Пълно завъртане",
    "gui.directionPicker.rotationStyles.leftRight": "Left/Right",
    "gui.directionPicker.rotationStyles.dontRotate": "Без въртене",
    "gui.gui.addExtension": "Добавяне на разширение",
    "gui.gui.codeTab": "Код",
    "gui.gui.backdropsTab": "Фонове",
    "gui.gui.costumesTab": "Костюми",
    "gui.gui.soundsTab": "Звуци",
    "gui.extensionLibrary.comingSoon": "Очаквайте скоро",
    "gui.extensionLibrary.requires": "Изисква",
    "gui.extensionLibrary.collaboration": "В партньорство с ",
    "gui.library.filterPlaceholder": "Търсене",
    "gui.library.allTag": "Всички",
    "gui.loader.message1": "Създаване на блокчетата…",
    "gui.loader.message2": "Зареждане на спрайтове…",
    "gui.loader.message3": "Зареждане на звукове…",
    "gui.loader.message4": "Зареждане на разширенията…",
    "gui.loader.message5": "Събиране на котките…",
    "gui.loader.message6": "Transmitting nanos …",
    "gui.loader.message7": "Inflating gobos …",
    "gui.loader.message8": "Подготвяне на емоджитата…",
    "gui.loader.headline": "Зареждане на проекта",
    "gui.loader.creating": "Създай Проект",
    "gui.accountMenu.profile": "Профил",
    "gui.accountMenu.myStuff": "Моите неща",
    "gui.accountMenu.myClasses": "Моите класове",
    "gui.accountMenu.myClass": "Моят клас",
    "gui.accountMenu.accountSettings": "Настройки на акаунта",
    "gui.accountMenu.signOut": "Изход",
    "gui.authorInfo.byUser": "от {username}",
    "gui.menuBar.seeProjectPage": "Виж Страницата на Проекта",
    "general.username": "Потребителско име",
    "general.password": "Парола",
    "general.signIn": "Вход",
    "login.needHelp": "Имате нужда от помощ?",
    "form.validationRequired": "Това поле е задължително",
    "gui.menuBar.LanguageSelector": "избор на език",
    "gui.menuBar.tutorialsLibrary": "Обучения",
    "gui.menuBar.restoreSprite": "Възстанови Спрайта",
    "gui.menuBar.restoreSound": "Възстанови звука",
    "gui.menuBar.restoreCostume": "Възстанови костюма",
    "gui.menuBar.restore": "Възстанови",
    "gui.menuBar.saveNow": "Записване сега",
    "gui.menuBar.saveAsCopy": "Записване като копие",
    "gui.menuBar.remix": "Ремиксиране",
    "gui.menuBar.new": "Нов",
    "gui.menuBar.file": "Файл",
    "gui.menuBar.downloadToComputer": "Запиши на вашия компютър",
    "gui.menuBar.edit": "Редактиране",
    "gui.menuBar.turboModeOff": "Изключи Turbo mode",
    "gui.menuBar.turboModeOn": "Включи Turbo mode",
    "gui.menuBar.joinScratch": "Присъединяване в Scratch",
    "gui.menuBar.signIn": "Вход",
    "gui.gui.projectTitlePlaceholder": "Заглавие на проекта тук",
    "gui.menuBar.saveNowLink": "Записване Сега",
    "gui.menuBar.isShared": "Споделено",
    "gui.menuBar.share": "Споделяне",
    "gui.modal.help": "Помощ",
    "gui.modal.back": "Назад",
    "gui.monitor.listMonitor.empty": "(empty)",
    "gui.monitor.listMonitor.listLength": "length {length}",
    "gui.monitor.contextMenu.default": "нормално изписване",
    "gui.monitor.contextMenu.large": "уголемено изписване",
    "gui.monitor.contextMenu.slider": "плъзгач",
    "gui.monitor.contextMenu.sliderRange": "change slider range",
    "gui.monitor.contextMenu.import": "импорт",
    "gui.monitor.contextMenu.export": "експорт",
    "gui.playButton.play": "Play",
    "gui.playButton.stop": "Stop",
    "gui.gui.variableScopeOptionAllSprites": "За всички спрайтове",
    "gui.gui.variableScopeOptionSpriteOnly": "Само за този спрайт",
    "gui.gui.cloudVariableOption": "Облачна променлива (съхранявана на сървър)",
    "gui.gui.variablePromptAllSpritesMessage": "Тази променлива ще бъде достъпна за всички спрайтове.",
    "gui.prompt.cancel": "Отказ",
    "gui.prompt.ok": "OK",
    "gui.playbackStep.stopMsg": "Спиране",
    "gui.playbackStep.playMsg": "Пускане",
    "gui.playbackStep.loadingMsg": "Зареждане…",
    "gui.playbackStep.saveMsg": "Запазване",
    "gui.playbackStep.reRecordMsg": "Презапис",
    "gui.recordModal.title": "Запиши звук",
    "gui.recordingStep.beginRecord": "Започни запис, като натиснеш бутона по-долу.",
    "gui.recordingStep.permission": "{arrow}Трябва ни Вашето разрешение, за да използваме микрофона Ви",
    "gui.recordingStep.stop": "Stop recording",
    "gui.recordingStep.record": "Запис",
    "gui.sliderModal.min": "Minimum value",
    "gui.sliderModal.max": "Maximum value",
    "gui.sliderModal.title": "Change slider range",
    "gui.sliderPrompt.cancel": "Cancel",
    "gui.sliderPrompt.ok": "OK",
    "gui.soundEditor.sound": "Звук",
    "gui.soundEditor.play": "Пускане",
    "gui.soundEditor.stop": "Спиране",
    "gui.soundEditor.copy": "Copy",
    "gui.soundEditor.paste": "Paste",
    "gui.soundEditor.copyToNew": "Copy to New",
    "gui.soundEditor.delete": "Delete",
    "gui.soundEditor.save": "Запазване",
    "gui.soundEditor.undo": "Отмяна",
    "gui.soundEditor.redo": "Повтаряне",
    "gui.soundEditor.faster": "По-бързо",
    "gui.soundEditor.slower": "По-бавно",
    "gui.soundEditor.echo": "Ехо",
    "gui.soundEditor.robot": "Робот",
    "gui.soundEditor.louder": "По-силно",
    "gui.soundEditor.softer": "По-меко",
    "gui.soundEditor.reverse": "Размени",
    "gui.soundEditor.fadeOut": "Fade out",
    "gui.soundEditor.fadeIn": "Fade in",
    "gui.soundEditor.mute": "Mute",
    "gui.SpriteInfo.spritePlaceholder": "Name",
    "gui.SpriteInfo.sprite": "Спрайт",
    "gui.SpriteInfo.show": "Показване",
    "gui.SpriteInfo.size": "Size",
    "gui.spriteSelectorItem.contextMenuDuplicate": "копиране",
    "gui.spriteSelectorItem.contextMenuExport": "експорт",
    "gui.spriteSelectorItem.contextMenuDelete": "изтриване",
    "gui.spriteSelector.addSpriteFromLibrary": "Избор на спрайт",
    "gui.spriteSelector.addSpriteFromPaint": "Нарисувай",
    "gui.spriteSelector.addSpriteFromSurprise": "Изненада",
    "gui.spriteSelector.addSpriteFromFile": "Качи Спрайт",
    "gui.stageHeader.stageSizeLarge": "Превключване към голяма сцена",
    "gui.stageHeader.stageSizeSmall": "Превключване към малка сцена",
    "gui.stageHeader.stageSizeFull": "Влизане в режим \"Full screen\"",
    "gui.stageHeader.stageSizeUnFull": "Излизане от режим \"Full screen\"",
    "gui.stageHeader.fullscreenControl": "Цял Екран",
    "gui.spriteSelector.addBackdropFromLibrary": "Избор на фон",
    "gui.stageSelector.addBackdropFromPaint": "Нарисувай",
    "gui.stageSelector.addBackdropFromSurprise": "Изненада",
    "gui.stageSelector.addBackdropFromFile": "Качи Декор",
    "gui.stageSelector.stage": "Сцена",
    "gui.stageSelector.backdrops": "Фонове",
    "gui.telemetryOptIn.label": "Пращайте статистики, за да подобряваме Scratch",
    "gui.telemetryOptIn.body1": "The Scratch Team is always looking to better understand how Scratch is used around the world. To help support this effort, you can allow Scratch to automatically send usage information to the Scratch Team.",
    "gui.telemetryOptIn.body2": "Информацията, която събираме съдържа избор на език, използване на блокове и неща като запазване, зареждане и качване на проект. НЕ събираме никаква лична информация. Моля вижте нашата {privacyPolicyLink} за повече информация.",
    "gui.telemetryOptIn.privacyPolicyLink": "Декларация за поверителност",
    "gui.telemetryOptIn.buttonTextNo": "No, thanks",
    "gui.telemetryOptIn.buttonTooltipNo": "Disable telemetry",
    "gui.telemetryOptIn.buttonTextYes": "Да, аз ще помогна да подобрим Scratch",
    "gui.telemetryOptIn.buttonTooltipYes": "Enable telemetry",
    "gui.turboMode.active": "Режим Турбо",
    "gui.webglModal.label": "Браузърът не поддържа WebGL",
    "gui.webglModal.description": "Изглежда браузърът или компютърът Ви {webGlLink}, а Scratch 3.0 се нуждае от тази технология, за да работи.",
    "gui.webglModal.webgllink": "не поддържа WebGL",
    "gui.webglModal.back": "Назад",
    "gui.webglModal.previewfaq": "За да научите повече, разгледайте {previewFaqLink}.",
    "gui.webglModal.previewfaqlinktext": "FAQ",
    "gui.costumeLibrary.chooseABackdrop": "Избор на фон",
    "gui.costumeLibrary.chooseACostume": "Избор на костюм",
    "gui.costumeTab.addBackdropFromLibrary": "Избор на фон",
    "gui.costumeTab.addCostumeFromLibrary": "Избор на костюм",
    "gui.costumeTab.addBlankCostume": "Нарисувай",
    "gui.costumeTab.addSurpriseCostume": "Изненада",
    "gui.costumeTab.addFileBackdrop": "Качи Декор",
    "gui.costumeTab.addFileCostume": "Качи Костюм",
    "gui.costumeTab.addCameraCostume": "Камера",
    "gui.extensionLibrary.chooseAnExtension": "Choose an Extension",
    "gui.extensionLibrary.extensionUrl": "Enter the URL of the extension",
    "gui.monitors.importListColumnPrompt": "Коя колона трябва да бъде използвана (1-{numberOfColumns})?",
    "gui.recordingStep.alertMsg": "Could not start recording",
    "gui.projectLoader.loadError": "Проектът, който бе избран, не можа да се зареди.",
    "gui.soundLibrary.chooseASound": "Избор на звук",
    "gui.soundTab.fileUploadSound": "Качване на звук",
    "gui.soundTab.surpriseSound": "Изненада",
    "gui.soundTab.recordSound": "Запис",
    "gui.soundTab.addSoundFromLibrary": "Избор на звук",
    "gui.spriteLibrary.chooseASprite": "Избор на картинка",
    "gui.tipsLibrary.tutorials": "Избери Урок",
    "gui.alerts.createsuccess": "New project created.",
    "gui.alerts.createcopysuccess": "Проектът бе запазен като копие.",
    "gui.alerts.createremixsuccess": "Проектът бе запазен като ремикс.",
    "gui.alerts.creating": "Създаване на нов...",
    "gui.alerts.creatingCopy": "Проектът се копира...",
    "gui.alerts.creatingRemix": "Проектът се ремиксира...",
    "gui.alerts.creatingError": "Проектът не можа да се създаде. Моля опитайте пак!",
    "gui.alerts.savingError": "Проектът не можа да се запази.",
    "gui.alerts.savesuccess": "Project saved.",
    "gui.alerts.saving": "Запис проект...",
    "gui.alerts.cloudInfo": "Моля помнете, че клауд променливите могат да съдържат само числа, без букви и символи.{learnMoreLink}",
    "gui.alerts.cloudInfoLearnMore": "Научи повече",
    "gui.alerts.importing": "Importing…",
    "gui.defaultProject.meow": "Мяу",
    "gui.defaultProject.variable": "моята променлива",
    "gui.howtos.intro-move-sayhello-hat.name": "Първи стъпки",
    "gui.howtos.intro-move.step_stepMove": "Добави блок за движение",
    "gui.howtos.add-a-move-block.step_stepMoveSayHello": "Натисни зеленото знаме за старт",
    "gui.howtos.imagine": "Imagine a World",
    "gui.howtos.imagine.step_imagineTypeWhatYouWant": "Type What You Want to Say",
    "gui.howtos.imagine.step_imagineClickGreenFlag": "Click the Green Flag to Start",
    "gui.howtos.imagine.step_imagineChooseBackdrop": "Choose Any Backdrop",
    "gui.howtos.imagine.step_imagineChooseSprite": "Choose Any Sprite",
    "gui.howtos.imagine.step_imagineFlyAround": "Press the Space Key to Glide",
    "gui.howtos.imagine.step_imagineChooseAnotherSprite": "Choose Another Sprite",
    "gui.howtos.imagine.step_imagineLeftRight": "Move Left-Right",
    "gui.howtos.imagine.step_imagineUpDown": "Move Up-Down",
    "gui.howtos.imagine.step_imagineChangeCostumes": "Change Costumes",
    "gui.howtos.imagine.step_imagineGlideToPoint": "Glide to a Point",
    "gui.howtos.imagine.step_imagineGrowShrink": "Grow and Shrink",
    "gui.howtos.imagine.step_imagineChooseAnotherBackdrop": "Choose Another Backdrop",
    "gui.howtos.imagine.step_imagineSwitchBackdrops": "Switch Backdrops",
    "gui.howtos.imagine.step_imagineRecordASound": "Add a Sound",
    "gui.howtos.imagine.step_imagineChooseSound": "Choose Your Sound",
    "gui.howtos.code-cartoon": "Code a Cartoon",
    "gui.howtos.code-cartoon.step_codeCartoonSaySomething": "Say Something When You Click the Green Flag",
    "gui.howtos.code-cartoon.step_codeCartoonAnimate": "Animate a Character When You Click It",
    "gui.howtos.code-cartoon.step_codeCartoonSelectDifferentCharacter": "Select a Different Character",
    "gui.howtos.code-cartoon.step_codeCartoonUseMinusSign": "Use a Minus Sign to Get Smaller",
    "gui.howtos.code-cartoon.step_codeCartoonGrowShrink": "Make a Character Grow and Shrink",
    "gui.howtos.code-cartoon.step_codeCartoonSelectDifferentCharacter2": "Select a Different Character",
    "gui.howtos.code-cartoon.step_codeCartoonJump": "Jump Up and Down",
    "gui.howtos.code-cartoon.step_codeCartoonChangeScenes": "Click a Character to Change Scenes",
    "gui.howtos.code-cartoon.step_codeCartoonGlideAround": "Glide Around",
    "gui.howtos.code-cartoon.step_codeCartoonChangeCostumes": "Change Costumes",
    "gui.howtos.code-cartoon.step_codeCartoonChooseMoreCharacters": "Choose More Characters to Add to Your Cartoon",
    "gui.howtos.say-it-out-loud": "Направи Анимации, Които Говорят",
    "gui.howtos.say-it-out-loud.step_AddTXTextension": "Добави Текст за Изговаряне блоковете",
    "gui.howtos.say-it-out-loud.step_TXTSpeech": "Say Something",
    "gui.howtos.say-it-out-loud_TXTSetVoice": "Set a Voice",
    "gui.howtos.say-it-out-loud.step_TXTMove": "Move Around",
    "gui.howtos.say-it-out-loud.step_TXTBackdrop": "Добави Декор",
    "gui.howtos.say-it-out-loud.step_TXTAddSprite": "Добави Друг Герой",
    "gui.howtos.say-it-out-loud.step_TXTSong": "Направи Песен",
    "gui.howtos.say-it-out-loud.step_TXTColor": "Промени цвета",
    "gui.howtos.say-it-out-loud.step_TXTSpin": "Върти се Наоколо",
    "gui.howtos.say-it-out-loud.step_TXTGrow": "Порастване и Смаляване",
    "gui.howtos.talking": "Talking Tales",
    "gui.howtos.talking.step_talesAddExtension": "Click to Add the Text-to-Speech Blocks",
    "gui.howtos.talking.step_talesChooseSprite": "Choose a Sprite",
    "gui.howtos.talking.step_talesSaySomething": "Make a Character Speak",
    "gui.howtos.talking.step_talesChooseBackdrop": "Choose a Backdrop",
    "gui.howtos.talking.step_talesSwitchBackdrop": "Click a Character to Go to the Next Backdrop",
    "gui.howtos.talking.step_talesChooseAnotherSprite": "Choose Another Sprite",
    "gui.howtos.talking.step_talesMoveAround": "Move Around",
    "gui.howtos.talking.step_talesChooseAnotherBackdrop": "Choose Another Backdrop",
    "gui.howtos.talking.step_talesAnimateTalking": "Animate Talking",
    "gui.howtos.talking.step_talesChooseThirdBackdrop": "Choose Another Backdrop",
    "gui.howtos.talking.step_talesChooseSound": "Choose a Song to Dance To",
    "gui.howtos.talking.step_talesDanceMoves": "Dance Moves",
    "gui.howtos.talking.step_talesAskAnswer": "Get the Ask and Answer Blocks from the Sensing Category",
    "gui.howtos.animate-a-name.name": "Анимирано име",
    "gui.howtos.animate-a-name.step_AnimatePickLetter": "Вземи Спрайт-Буква",
    "gui.howtos.animate-a-name.step_AnimatePlaySound": "Пусни Звук, Когато е Кликнато",
    "gui.howtos.animate-a-name.step_AnimatePickLetter2": "Вземи Друг Спрайт-Буква",
    "gui.howtos.animate-a-name.step_AnimateChangeColor": "Промени цвета",
    "gui.howtos.animate-a-name.step_AnimateSpin": "Вземи Друг Спрайт-Буква & Го Завърти",
    "gui.howtos.animate-a-name.step_AnimateGrow": "Вземи Друг Спрайт-Буква & Го Уголеми",
    "gui.howtos.make-music.name": "Правете музика",
    "gui.howtos.Make-Music.step_PickInstrument": "Вземи Спрайт-Музикален инструмент",
    "gui.howtos.Make-Music.step_PlaySoundClick": "Пусни Звук, Когато е Кликнато",
    "gui.howtos.Make-Music.step_MakeSong": "Създай песен",
    "gui.howtos.make-music.step_MakeBeat": "Choose a Drum & Make a Beat",
    "gui.howtos.make-music.step_MakeBeatBox": "Choose the Microphone Sprite & Surprise Beatbox",
    "gui.howtos.story.name": "Измисли История",
    "gui.howtos.story.step_addbg": "Добави Декор",
    "gui.howtos.story.step_addsprite": "Добави Герой",
    "gui.howtos.story.step_saysomething": "Say Something",
    "gui.howtos.story.step_addanothersprite": "Добави Друг Герой",
    "gui.howtos.story.step_flip": "Обърни се на 180 градуса",
    "gui.howtos.story.step_conversation": "Разговаряй",
    "gui.howtos.story.addanotherbg": "Добави Друг Декор",
    "gui.howtos.story.step_swithbg": "Смени Фоновете",
    "gui.howtos.story.step_hidewizard": "Скрий Герой",
    "gui.howtos.story.step_showwizard": "Show a Character",
    "gui.howtos.make-a-chase-game.name": "Направи Игра с Гонене",
    "gui.howtos.Chase-Game.step_BG": "Добави Декор",
    "gui.howtos.chase-game.step_AddOcto": "Добави Спрайт",
    "gui.howtos.make-music.step_LeftRight": "Движи се Надясно & Наляво Със Стрелките",
    "gui.howtos.Chase-Game.step_UpDown": "Движи се Нагоре & Надолу Със Стрелките",
    "gui.howtos.Chase-Game.step_AddStar": "Добави Друг Спрайт",
    "gui.howtos.Chase-Game.step_MoveRandom": "Движи се Случайно",
    "gui.howtos.Chase-Game.step_WhenTouch": "In Octopus Sprite, When Touching Play Sound",
    "gui.howtos.Chase-Game.step_ScoreVariable": "Направи Променлива за Резултат",
    "gui.howtos.Chase-Game.ScoreWhenTouch": "In Octopus Sprite, When Touching Add Score",
    "gui.howtos.animate-char.name": "Анимирай Герой",
    "gui.howtos.animate-char.step_addbg": "Добави Декор",
    "gui.howtos.animate-char.step_addsprite": "Добави Спрайт",
    "gui.howtos.animate-char.step_saysomething": "Say Something",
    "gui.howtos.animate-char.step_addsound": "Добави Звук",
    "gui.howtos.animate-char.step_animatetalking": "Анимирай Говорене",
    "gui.howtos.animate-char.step_arrowkeys": "Движи се със Стрелките",
    "gui.howtos.animate-char.step_jump": "Скочи",
    "gui.howtos.animate-char.step_changecolor": "Промени цвета",
    "gui.howtos.make-a-game.name": "Направи Клик Игра",
    "gui.howtos.Make-A-Game.step_GamePickSprite": "Избери Спрайт",
    "gui.howtos.make-a-game.step_GamePlaySound": "Пусни Звук, Когато е Кликнато",
    "gui.howtos.make-a-game.step_GameAddScore": "Направи Променлива за Резултат",
    "gui.howtos.make-a-game.step_GameChangeScore": "Когато е Кликнато, Повиши Резултата",
    "gui.howtos.make-a-game.step_Random": "Отиди до случайна позиция",
    "gui.howtos.make-music.step_GameChangeColor": "Промени цвета",
    "gui.howtos.make-music.step_ResetScore": "Нулирай Резултата",
    "gui.howtos.make-it-fly.name": "Make it Fly",
    "gui.howtos.fly.step_stepflyChooseBackdrop": "Choose a Sky Background",
    "gui.howtos.add-a-move-block.step_stepflyChooseCharacter": "Choose a Character",
    "gui.howtos.fly.step_stepflySaySomething": "Say Something",
    "gui.howtos.add-a-move-block.step_stepflyMoveArrows": "Move With Arrow Keys",
    "gui.howtos.fly.step_stepflyChooseObject": "Choose an Object to Collect",
    "gui.howtos.add-a-move-block.step_stepflyFlyingObject": "Make the Object Move",
    "gui.howtos.add-a-move-block.step_stepflySelectFlyingSprite": "Select Your Character",
    "gui.howtos.add-a-move-block.step_stepflyAddScore": "Add a Score",
    "gui.howtos.add-a-move-block.step_stepflyKeepScore": "Keep Score",
    "gui.howtos.add-a-move-block.step_stepflyAddScenery": "Add Scenery",
    "gui.howtos.add-a-move-block.step_stepflyMoveScenery": "Move the Scenery",
    "gui.howtos.add-a-move-block.step_stepflySwitchLooks": "Next Costume",
    "gui.howtos.pong": "Pong Game",
    "gui.howtos.pong.step_pongAddBackdrop": "Add a Backdrop",
    "gui.howtos.pong.step_pongAddBallSprite": "Add a Ball Sprite",
    "gui.howtos.pong.step_pongBounceAround": "Bounce Around",
    "gui.howtos.pong.step_pongAddPaddle": "Add a Paddle",
    "gui.howtos.pong.step_pongMoveThePaddle": "Move the Paddle",
    "gui.howtos.pong.step_pongSelectBallSprite": "Select the Ball Sprite",
    "gui.howtos.pong.step_pongAddMoreCodeToBall": "Add Code to Bounce the Ball Off the Paddle",
    "gui.howtos.pong.step_pongAddAScore": "Add a Score",
    "gui.howtos.pong.step_pongChooseScoreFromMenu": "Choose 'Score' from the Menu",
    "gui.howtos.pong.step_pongInsertChangeScoreBlock": "Insert the 'Change Score' Block",
    "gui.howtos.pong.step_pongResetScore": "Reset Score",
    "gui.howtos.pong.step_pongAddLineSprite": "Add the Line Sprite",
    "gui.howtos.pong.step_pongGameOver": "Game Over",
    "gui.howtos.cartoon-network": "Анимирай Приключенска Игра",
    "gui.howtos.cartoon-network.step_CNcharacter": "Избери Герой, който да се Покаже",
    "gui.howtos.cartoon-network.step_CNsay": "Кажи нещо",
    "gui.howtos.cartoon-network.step_CNglide": "Glide Around",
    "gui.howtos.cartoon-network.step_CNpicksprite": "Избери Обект за Гонене",
    "gui.howtos.cartoon-network.step_CNcollect": "Събирай Обекти",
    "gui.howtos.cartoon-network.step_CNvariable": "Направи Променлива за Резултат",
    "gui.howtos.cartoon-network.step_CNscore": "Запази Резултата",
    "gui.howtos.cartoon-network.step_CNbackdrop": "Следващо Ниво: Смени Фона",
    "gui.howtos.videosens.name": "Видео Усет",
    "gui.howtos.videosens.step_addextension": "Добавяне на разширение",
    "gui.howtos.videosens.step_pet": "Погали котката",
    "gui.howtos.videosens.step_animate": "Анимирай",
    "gui.howtos.videosens.step_pop": "Спукай Балон",
    "gui.howtos.add-sprite.name": "Добави Спрайт",
    "gui.howtos.add-sprite.step_addSprite": "Добави Спрайт",
    "gui.howtos.add-a-backdrop.name": "Добави Декор",
    "gui.howtos.add-a-backdrop.step_addBackdrop": "Add a Backdrop",
    "gui.howtos.change-size.name": "Промени Размера",
    "gui.howtos.change-size.step_changeSize": "Change Size",
    "gui.howtos.glide-around.name": "Glide Around",
    "gui.howtos.change-size.step_glideAroundBackAndForth": "Glide Around",
    "gui.howtos.change-size.step_glideAroundPoint": "Glide to a Point",
    "gui.howtos.record-a-sound.name": "Запиши Звук",
    "gui.howtos.change-size.step_recordASoundSoundsTab": "Click on the 'Sounds' Tab",
    "gui.howtos.change-size.step_recordASoundClickRecord": "Click 'Record'",
    "gui.howtos.change-size.step_recordASoundPressRecordButton": "Press the Record Button",
    "gui.howtos.change-size.step_recordASoundChooseSound": "Choose Your Sound",
    "gui.howtos.change-size.step_recordASoundPlayYourSound": "Play Your Sound",
    "gui.howtos.spin-video.name": "Завърти Го",
    "gui.howtos.change-size.step_spinTurn": "Turn",
    "gui.howtos.change-size.step_spinPointInDirection": "Set Direction",
    "gui.howtos.hide-and-show.name": "Покажи се и се Скрий",
    "gui.howtos.change-size.step_hideAndShow": "Hide and Show",
    "gui.howtos.switch-costume.name": "Animate a Sprite",
    "gui.howtos.change-size.step_switchCostumes": "Animate a Sprite",
    "gui.howtos.move-around-with-arrow-keys.name": "Използвай Стрелките",
    "gui.howtos.add-a-backdrop.step_moveArrowKeysLeftRight": "Move Left and Right",
    "gui.howtos.add-a-backdrop.step_moveArrowKeysUpDown": "Move Up and Down",
    "gui.howtos.add-effects.name": "Добави Ефекти",
    "gui.howtos.videosens.step_addEffects": "Add Effects",
    "gui.extension.music.name": "Музика",
    "gui.extension.music.description": "Изсвирете с инструменти и барабани.",
    "gui.extension.pen.name": "Молив",
    "gui.extension.pen.description": "Draw with your sprites.",
    "gui.extension.videosensing.name": "Video Sensing",
    "gui.extension.videosensing.description": "Sense motion with the camera.",
    "gui.extension.text2speech.name": "Текст за Произнасяне",
    "gui.extension.text2speech.description": "Накарай проектите си да говорят.",
    "gui.extension.translate.name": "Преведи",
    "gui.extension.translate.description": "Превеждай текст на много езици.",
    "gui.extension.makeymakey.description": "Make anything into a key.",
    "gui.extension.microbit.description": "Свържи проектите си със света.",
    "gui.extension.microbit.connectingMessage": "Connecting",
    "gui.extension.ev3.description": "Построй интерактивни роботи и други неща.",
    "gui.extension.ev3.connectingMessage": "Connecting. Make sure the pin on your EV3 is set to 1234.",
    "gui.extension.boost.description": "Bring robotic creations to life.",
    "gui.extension.boost.connectingMessage": "Connecting",
    "gui.extension.wedo2.description": "Направи ги с мотори и сензори.",
    "gui.extension.wedo2.connectingMessage": "Connecting",
    "gui.extension.gdxfor.description": "Sense push, pull, motion, and spin.",
    "gui.extension.gdxfor.connectingMessage": "Connecting",
    "gui.libraryTags.all": "Всички",
    "gui.libraryTags.animals": "Животни",
    "gui.libraryTags.dance": "Dance",
    "gui.libraryTags.effects": "Ефекти",
    "gui.libraryTags.fantasy": "Фантастика",
    "gui.libraryTags.fashion": "Мода",
    "gui.libraryTags.food": "Food",
    "gui.libraryTags.indoors": "На закрито",
    "gui.libraryTags.loops": "Цикли",
    "gui.libraryTags.music": "Музика",
    "gui.libraryTags.notes": "Notes",
    "gui.libraryTags.outdoors": "На открито",
    "gui.libraryTags.patterns": "Patterns",
    "gui.libraryTags.people": "Хора",
    "gui.libraryTags.percussion": "Перкусионни",
    "gui.libraryTags.space": "Космос",
    "gui.libraryTags.sports": "Спорт",
    "gui.libraryTags.underwater": "Подводни",
    "gui.libraryTags.voice": "Voice",
    "gui.libraryTags.wacky": "Wacky",
    "gui.libraryTags.animation": "Animation",
    "gui.libraryTags.art": "Изкуство",
    "gui.libraryTags.games": "Игри",
    "gui.libraryTags.stories": "Истории",
    "gui.libraryTags.letters": "Букви",
    "gui.opcodeLabels.direction": "посока",
    "gui.opcodeLabels.xposition": "x позиция",
    "gui.opcodeLabels.yposition": "y позиция",
    "gui.opcodeLabels.size": "размер",
    "gui.opcodeLabels.costumename": "име на костюм",
    "gui.opcodeLabels.costumenumber": "costume number",
    "gui.opcodeLabels.backdropname": "име на декор",
    "gui.opcodeLabels.backdropnumber": "backdrop number",
    "gui.opcodeLabels.volume": "сила на звука",
    "gui.opcodeLabels.tempo": "темпо",
    "gui.opcodeLabels.answer": "отговор",
    "gui.opcodeLabels.loudness": "шумно",
    "gui.opcodeLabels.username": "потребителско име",
    "gui.opcodeLabels.year": "година",
    "gui.opcodeLabels.month": "месец",
    "gui.opcodeLabels.date": "дата",
    "gui.opcodeLabels.dayofweek": "ден от седмицата",
    "gui.opcodeLabels.hour": "час",
    "gui.opcodeLabels.minute": "минута",
    "gui.opcodeLabels.second": "секунда",
    "gui.opcodeLabels.timer": "таймер",
    "gui.sharedMessages.backdrop": "backdrop{index}",
    "gui.sharedMessages.costume": "costume{index}",
    "gui.sharedMessages.sprite": "Sprite{index}",
    "gui.sharedMessages.pop": "пук",
    "gui.sharedMessages.replaceProjectWarning": "Replace contents of the current project?",
    "gui.sharedMessages.loadFromComputerTitle": "Load from your computer",
    "gui.gui.defaultProjectTitle": "Scratch Проект"
}