{
    "gui.alerts.lostPeripheralConnection": "Scratch hat die Verbindung zu{extensionName} verloren.",
    "gui.alerts.tryAgain": "Erneut versuchen",
    "gui.alerts.download": "Herunterladen",
    "gui.connection.reconnect": "Erneut verbinden",
    "gui.backpack.header": "Lager",
    "gui.backpack.errorBackpack": "Fehler beim Laden des Lagers",
    "gui.backpack.loadingBackpack": "Wird geladen ...",
    "gui.backpack.more": "Mehr",
    "gui.backpack.emptyBackpack": "Das Lager ist leer",
    "gui.unsupportedBrowser.label": "Browser wird nicht unterstützt",
    "gui.unsupportedBrowser.errorLabel": "Ein Fehler ist aufgetreten.",
    "gui.unsupportedBrowser.notRecommended": "Es tut uns sehr leid, aber du benutzt offenbar eine Browserversion, die Scratch nicht unterstützt. Wir empfehlen, auf die neueste Version eines unterstützten Browsers wie Google Chrome, Mozilla Firefox, Microsoft Edge, oder Apple Safari zu aktualisieren.",
    "gui.unsupportedBrowser.description": "Es tut uns sehr leid, aber Scratch unterstützt diesen Browser nicht. Wir empfehlen, auf die neueste Version eines unterstützten Browsers wie Google Chrome, Mozilla Firefox, Microsoft Edge, oder Apple Safari zu aktualisieren.",
    "gui.unsupportedBrowser.back": "Zurück",
    "gui.unsupportedBrowser.previewfaq": "Besuche die {previewFaqLink}, um mehr zu erfahren.",
    "gui.unsupportedBrowser.previewfaqlinktext": "Häufig gestellte Fragen",
    "gui.cameraModal.cameraModalTitle": "Ein Foto aufnehmen",
    "gui.cameraModal.loadingCameraMessage": "Kamera wird geladen ...",
    "gui.cameraModal.permissionRequest": "Wir benötigen deine Zustimmung, um deine Kamera zu verwenden",
    "gui.cameraModal.retakePhoto": "Foto erneut aufnehmen",
    "gui.cameraModal.save": "Speichern",
    "gui.cameraModal.takePhoto": "Foto aufnehmen",
    "gui.cameraModal.loadingCaption": "Wird geladen ....",
    "gui.cameraModal.enableCameraCaption": "Kamera aktivieren",
    "gui.cards.all-tutorials": "Tutorien",
    "gui.cards.shrink": "Zuklappen",
    "gui.cards.expand": "Aufklappen",
    "gui.cards.close": "Schließen",
    "gui.cards.more-things-to-try": "Probiere mehr Dinge aus",
    "gui.cards.see-more": "Mehr erfahren",
    "gui.comingSoon.message1": "Keine Sorge, wir kümmern uns darum {emoji}",
    "gui.comingSoon.message2": "Bald verfügbar ...",
    "gui.comingSoon.message3": "Wir arbeiten daran {emoji}",
    "gui.connection.auto-scanning.noPeripheralsFound": "Keine Geräte gefunden",
    "gui.connection.auto-scanning.prescan": "Starte die Suche, wenn du ein Gerät in der Nähe hast.",
    "gui.connection.auto-scanning.pressbutton": "Drücke den Button an deinem Gerät.",
    "gui.connection.auto-scanning.start-search": "Suche starten",
    "gui.connection.connecting-searchbutton": "Suche läuft...",
    "gui.connection.auto-scanning.try-again": "Versuche es noch einmal",
    "gui.connection.connected": "Verbunden",
    "gui.connection.disconnect": "Trenne",
    "gui.connection.go-to-editor": "Gehe zum Editor",
    "gui.connection.connecting-cancelbutton": "Ich verbinde...",
    "gui.connection.error.errorMessage": "Hoppla, etwas hat wohl nicht funktioniert.",
    "gui.connection.error.tryagainbutton": "Versuche es noch einmal",
    "gui.connection.error.helpbutton": "Hilfe",
    "gui.connection.peripheral-name-label": "Gerätename",
    "gui.connection.connect": "Verbinde",
    "gui.connection.scanning.lookingforperipherals": "Suche Geräte",
    "gui.connection.scanning.noPeripheralsFound": "Keine Geräte gefunden",
    "gui.connection.scanning.instructions": "Wähle dein Gerät oben in der Liste.",
    "gui.connection.search": "Erneuere",
    "gui.connection.unavailable.installscratchlink": "Überprüfe, ob du Scratch Link installiert hast und ob das Program läuft",
    "gui.connection.unavailable.enablebluetooth": "Überprüfe, ob Bluetooth aktiviert ist",
    "gui.connection.unavailable.tryagainbutton": "Versuche es noch einmal",
    "gui.connection.unavailable.helpbutton": "Hilfe",
    "gui.controls.go": "Los",
    "gui.controls.stop": "Stopp",
    "gui.crashMessage.label": "Hoppla! Da ist was schief gegangen.",
    "gui.crashMessage.description": "Es tut uns Leid, anscheinend ist ein Fehler bei Scratch aufgetreten. Das Scratch-Team wurde automatisch informiert. Bitte aktualisiere die Seite, um es erneut zu versuchen.",
    "gui.crashMessage.errorNumber": "Der Fehler wurde unter der ID {errorId} gespeichert.",
    "gui.crashMessage.reload": "Neu laden",
    "gui.customProcedures.myblockModalTitle": "Neuer Block",
    "gui.customProcedures.addAnInputNumberText": "Eingabefeld hinzufügen",
    "gui.customProcedures.numberTextType": "Zahl oder Text",
    "gui.customProcedures.addAnInputBoolean": "Eingabefeld hinzufügen",
    "gui.customProcedures.booleanType": "Wahrheitswert",
    "gui.customProcedures.addALabel": "Beschriftung hinzufügen",
    "gui.customProcedures.runWithoutScreenRefresh": "Ohne Bildschirmaktualisierung laufen lassen",
    "gui.customProcedures.cancel": "Abbrechen",
    "gui.customProcedures.ok": "OK",
    "gui.SpriteInfo.direction": "Richtung",
    "gui.directionPicker.rotationStyles.allAround": "Rundherum",
    "gui.directionPicker.rotationStyles.leftRight": "Links/Rechts",
    "gui.directionPicker.rotationStyles.dontRotate": "Nicht drehen",
    "gui.gui.addExtension": "Erweiterung hinzufügen",
    "gui.gui.codeTab": "Skripte",
    "gui.gui.backdropsTab": "Bühnenbilder",
    "gui.gui.costumesTab": "Kostüme",
    "gui.gui.soundsTab": "Klänge",
    "gui.extensionLibrary.comingSoon": "Bald verfügbar",
    "gui.extensionLibrary.requires": "Erfordert",
    "gui.extensionLibrary.collaboration": "Zusammenarbeit mit",
    "gui.library.filterPlaceholder": "Suche",
    "gui.library.allTag": "Alles",
    "gui.loader.message1": "Blöcke werden erstellt ...",
    "gui.loader.message2": "Figuren werden geladen ...",
    "gui.loader.message3": "Klänge werden geladen ...",
    "gui.loader.message4": "Erweiterungen werden geladen ...",
    "gui.loader.message5": "Katzen werden eingesammelt ...",
    "gui.loader.message6": "Nanos werden übertragen ...",
    "gui.loader.message7": "Gobos werden aufgeblasen ...",
    "gui.loader.message8": "Emojis werden vorbereitet ...",
    "gui.loader.headline": "Projekt wird geladen",
    "gui.loader.creating": "Projekt wird erstellt",
    "gui.accountMenu.profile": "Profil",
    "gui.accountMenu.myStuff": "Meine Sachen",
    "gui.accountMenu.myClasses": "Meine Klassen",
    "gui.accountMenu.myClass": "Meine Klasse",
    "gui.accountMenu.accountSettings": "Kontoeinstellungen",
    "gui.accountMenu.signOut": "Abmelden",
    "gui.authorInfo.byUser": "von {username}",
    "gui.menuBar.seeProjectPage": "Zeige Projektseite",
    "general.username": "Benutzername",
    "general.password": "Kennwort",
    "general.signIn": "Anmelden",
    "login.needHelp": "Brauchst du Hilfe?",
    "form.validationRequired": "Dieses Feld wird benötigt",
    "gui.menuBar.LanguageSelector": "Sprachauswahl",
    "gui.menuBar.tutorialsLibrary": "Tutorien",
    "gui.menuBar.restoreSprite": "Figur wiederherstellen",
    "gui.menuBar.restoreSound": "Klang wiederherstellen",
    "gui.menuBar.restoreCostume": "Kostüm wiederherstellen",
    "gui.menuBar.restore": "Wiederherstellen",
    "gui.menuBar.saveNow": "Jetzt speichern",
    "gui.menuBar.saveAsCopy": "Eine Kopie speichern",
    "gui.menuBar.remix": "Remixen",
    "gui.menuBar.new": "Neu",
    "gui.menuBar.file": "Datei",
    "gui.menuBar.downloadToComputer": "Auf deinem Computer speichern",
    "gui.menuBar.edit": "Bearbeiten",
    "gui.menuBar.turboModeOff": "Turbo-Modus ausschalten",
    "gui.menuBar.turboModeOn": "Turbo-Modus einschalten",
    "gui.menuBar.joinScratch": "Scratcher werden",
    "gui.menuBar.signIn": "Anmelden",
    "gui.gui.projectTitlePlaceholder": "Projekttitel",
    "gui.menuBar.saveNowLink": "Jetzt speichern",
    "gui.menuBar.isShared": "Veröffentlicht",
    "gui.menuBar.share": "Veröffentlichen",
    "gui.modal.help": "Hilfe",
    "gui.modal.back": "Zurück",
    "gui.monitor.listMonitor.empty": "(leer)",
    "gui.monitor.listMonitor.listLength": "Länge: {length}",
    "gui.monitor.contextMenu.default": "Normale Anzeigengröße",
    "gui.monitor.contextMenu.large": "Großanzeige",
    "gui.monitor.contextMenu.slider": "Schieberegler",
    "gui.monitor.contextMenu.sliderRange": "Wertebereich des Schiebereglers ändern",
    "gui.monitor.contextMenu.import": "Importieren",
    "gui.monitor.contextMenu.export": "Exportieren",
    "gui.playButton.play": "Play",
    "gui.playButton.stop": "Stop",
    "gui.gui.variableScopeOptionAllSprites": "Für alle Figuren",
    "gui.gui.variableScopeOptionSpriteOnly": "Nur für diese Figur",
    "gui.gui.cloudVariableOption": "Cloud-Variable (auf dem Server gespeichert)",
    "gui.gui.variablePromptAllSpritesMessage": "Diese Variable wird für alle Figuren verfügbar sein.",
    "gui.prompt.cancel": "Abbrechen",
    "gui.prompt.ok": "OK",
    "gui.playbackStep.stopMsg": "Stopp",
    "gui.playbackStep.playMsg": "Abspielen",
    "gui.playbackStep.loadingMsg": "Wird geladen ...",
    "gui.playbackStep.saveMsg": "Speichern",
    "gui.playbackStep.reRecordMsg": "Erneut aufnehmen",
    "gui.recordModal.title": "Klang aufnehmen",
    "gui.recordingStep.beginRecord": "Starte die Aufnahme, indem du auf den Knopf unten klickst",
    "gui.recordingStep.permission": "{arrow}Wir benötigen deine Zustimmung, um dein Mikrofon zu benutzen",
    "gui.recordingStep.stop": "Aufnahme beenden",
    "gui.recordingStep.record": "Aufnehmen",
    "gui.sliderModal.min": "Kleinster Wert",
    "gui.sliderModal.max": "Größter Wert",
    "gui.sliderModal.title": "Wertebereich des Schiebereglers ändern",
    "gui.sliderPrompt.cancel": "Abbrechen",
    "gui.sliderPrompt.ok": "OK",
    "gui.soundEditor.sound": "Klang",
    "gui.soundEditor.play": "Abspielen",
    "gui.soundEditor.stop": "Stopp",
    "gui.soundEditor.copy": "Copy",
    "gui.soundEditor.paste": "Paste",
    "gui.soundEditor.copyToNew": "Copy to New",
    "gui.soundEditor.delete": "Delete",
    "gui.soundEditor.save": "Speichern",
    "gui.soundEditor.undo": "Rückgängig",
    "gui.soundEditor.redo": "Wiederherstellen",
    "gui.soundEditor.faster": "Schneller",
    "gui.soundEditor.slower": "Langsamer",
    "gui.soundEditor.echo": "Echo",
    "gui.soundEditor.robot": "Roboter",
    "gui.soundEditor.louder": "Lauter",
    "gui.soundEditor.softer": "Leiser",
    "gui.soundEditor.reverse": "Umkehren",
    "gui.soundEditor.fadeOut": "Fade out",
    "gui.soundEditor.fadeIn": "Fade in",
    "gui.soundEditor.mute": "Mute",
    "gui.SpriteInfo.spritePlaceholder": "Name",
    "gui.SpriteInfo.sprite": "Figur",
    "gui.SpriteInfo.show": "Zeige dich",
    "gui.SpriteInfo.size": "Größe",
    "gui.spriteSelectorItem.contextMenuDuplicate": "Duplizieren",
    "gui.spriteSelectorItem.contextMenuExport": "Exportieren",
    "gui.spriteSelectorItem.contextMenuDelete": "Löschen",
    "gui.spriteSelector.addSpriteFromLibrary": "Figur wählen",
    "gui.spriteSelector.addSpriteFromPaint": "Malen",
    "gui.spriteSelector.addSpriteFromSurprise": "Überraschung",
    "gui.spriteSelector.addSpriteFromFile": "Figur hochladen",
    "gui.stageHeader.stageSizeLarge": "Schalte auf große Bühne um",
    "gui.stageHeader.stageSizeSmall": "Schalte auf kleine Bühne um",
    "gui.stageHeader.stageSizeFull": "Vollbildmodus",
    "gui.stageHeader.stageSizeUnFull": "Vollbildmodus verlassen",
    "gui.stageHeader.fullscreenControl": "Vollbildkontrolle",
    "gui.spriteSelector.addBackdropFromLibrary": "Bühnenbild wählen",
    "gui.stageSelector.addBackdropFromPaint": "Malen",
    "gui.stageSelector.addBackdropFromSurprise": "Überraschung",
    "gui.stageSelector.addBackdropFromFile": "Bühnenbild hochladen",
    "gui.stageSelector.stage": "Bühne",
    "gui.stageSelector.backdrops": "Bühnenbilder",
    "gui.telemetryOptIn.label": "Statistiken zur Verbesserung von Scratch übermitteln",
    "gui.telemetryOptIn.body1": "Das Scratch-Team interessiert sich dafür, wie Scratch weltweit verwendet wird. Um dabei zu helfen, kannst du Scratch erlauben, Daten über seine Verwendung automatisch an das Scratch-Team zu schicken.",
    "gui.telemetryOptIn.body2": "Die Informationen, die wir sammeln, umfassen Sprachauswahl, Verwendung der Blöcke sowie Vorgänge wie Speichern, Laden und Hochladen von Projekten. Wir sammeln KEINERLEI personenbezogene Informationen. Weitere Informationen dazu finden sich unter {privacyPolicyLink}.",
    "gui.telemetryOptIn.privacyPolicyLink": "Datenschutzrichtlinien",
    "gui.telemetryOptIn.buttonTextNo": "Nein danke",
    "gui.telemetryOptIn.buttonTooltipNo": "Telemetrie deaktivieren",
    "gui.telemetryOptIn.buttonTextYes": "Ja, ich möchte helfen, Scratch zu verbessern",
    "gui.telemetryOptIn.buttonTooltipYes": "Telemetrie aktivieren",
    "gui.turboMode.active": "Turbo-Modus",
    "gui.webglModal.label": "Dein Browser unterstützt kein WebGL",
    "gui.webglModal.description": "Es sieht leider so aus, als ob dein Browser oder Computer {webGlLink}. Diese Technologie wird benötigt, um Scratch 3.0 auszuführen.",
    "gui.webglModal.webgllink": "unterstützt kein WebGL",
    "gui.webglModal.back": "Zurück",
    "gui.webglModal.previewfaq": "Besuche die {previewFaqLink}, um mehr zu erfahren.",
    "gui.webglModal.previewfaqlinktext": "Häufig gestellte Fragen",
    "gui.costumeLibrary.chooseABackdrop": "Wähle ein Bühnenbild",
    "gui.costumeLibrary.chooseACostume": "Wähle ein Kostüm",
    "gui.costumeTab.addBackdropFromLibrary": "Wähle ein Bühnenbild",
    "gui.costumeTab.addCostumeFromLibrary": "Wähle ein Kostüm",
    "gui.costumeTab.addBlankCostume": "Malen",
    "gui.costumeTab.addSurpriseCostume": "Überraschung",
    "gui.costumeTab.addFileBackdrop": "Bühnenbild hochladen",
    "gui.costumeTab.addFileCostume": "Kostüm hochladen",
    "gui.costumeTab.addCameraCostume": "Kamera",
    "gui.extensionLibrary.chooseAnExtension": "Erweiterung auswählen",
    "gui.extensionLibrary.extensionUrl": "Gib die URL der Erweiterung ein",
    "gui.monitors.importListColumnPrompt": "Welche Spalte soll verwendet werden (1-{numberOfColumns})?",
    "gui.recordingStep.alertMsg": "Aufnahme konnte nicht gestartet werden",
    "gui.projectLoader.loadError": "Die gewählte Projekt-Datei konnte nicht geladen werden.",
    "gui.soundLibrary.chooseASound": "Klang wählen",
    "gui.soundTab.fileUploadSound": "Klang hochladen",
    "gui.soundTab.surpriseSound": "Überraschung",
    "gui.soundTab.recordSound": "Aufnehmen",
    "gui.soundTab.addSoundFromLibrary": "Klang wählen",
    "gui.spriteLibrary.chooseASprite": "Figur wählen",
    "gui.tipsLibrary.tutorials": "Wähle ein Tutorial",
    "gui.alerts.createsuccess": "Ein neues Projekt wurde erstellt.",
    "gui.alerts.createcopysuccess": "Das Projekt wurde als Kopie gespeichert.",
    "gui.alerts.createremixsuccess": "Das Projekt wurde als Remix gespeichert.",
    "gui.alerts.creating": "Ein neues Projekt wird erzeugt...",
    "gui.alerts.creatingCopy": "Das Projekt wird kopiert...",
    "gui.alerts.creatingRemix": "Das Projekt wird remixt...",
    "gui.alerts.creatingError": "Das Projekt konnte nicht erstellt werden. Versuche es bitte erneut! ",
    "gui.alerts.savingError": "Das Projekt konnte nicht gespeichert werden.",
    "gui.alerts.savesuccess": "Das Projekt wurde gespeichert.",
    "gui.alerts.saving": "Das Projekt wird gespeichert...",
    "gui.alerts.cloudInfo": "Beachte bitte, dass Cloud-Variablen nur Zahlen unterstützen, keine Buchstaben oder Symbole {learnMoreLink}",
    "gui.alerts.cloudInfoLearnMore": "Erfahre mehr.",
    "gui.alerts.importing": "Importiere...",
    "gui.defaultProject.meow": "Miau",
    "gui.defaultProject.variable": "meine Variable",
    "gui.howtos.intro-move-sayhello-hat.name": "Erste Schritte",
    "gui.howtos.intro-move.step_stepMove": "Füge einen Bewegungsblock hinzu",
    "gui.howtos.add-a-move-block.step_stepMoveSayHello": "Klicke die grüne Flagge, um das Programm zu starten",
    "gui.howtos.imagine": "Imagine a World",
    "gui.howtos.imagine.step_imagineTypeWhatYouWant": "Type What You Want to Say",
    "gui.howtos.imagine.step_imagineClickGreenFlag": "Click the Green Flag to Start",
    "gui.howtos.imagine.step_imagineChooseBackdrop": "Choose Any Backdrop",
    "gui.howtos.imagine.step_imagineChooseSprite": "Choose Any Sprite",
    "gui.howtos.imagine.step_imagineFlyAround": "Press the Space Key to Glide",
    "gui.howtos.imagine.step_imagineChooseAnotherSprite": "Choose Another Sprite",
    "gui.howtos.imagine.step_imagineLeftRight": "Move Left-Right",
    "gui.howtos.imagine.step_imagineUpDown": "Move Up-Down",
    "gui.howtos.imagine.step_imagineChangeCostumes": "Change Costumes",
    "gui.howtos.imagine.step_imagineGlideToPoint": "Glide to a Point",
    "gui.howtos.imagine.step_imagineGrowShrink": "Grow and Shrink",
    "gui.howtos.imagine.step_imagineChooseAnotherBackdrop": "Choose Another Backdrop",
    "gui.howtos.imagine.step_imagineSwitchBackdrops": "Switch Backdrops",
    "gui.howtos.imagine.step_imagineRecordASound": "Add a Sound",
    "gui.howtos.imagine.step_imagineChooseSound": "Choose Your Sound",
    "gui.howtos.code-cartoon": "Code a Cartoon",
    "gui.howtos.code-cartoon.step_codeCartoonSaySomething": "Say Something When You Click the Green Flag",
    "gui.howtos.code-cartoon.step_codeCartoonAnimate": "Animate a Character When You Click It",
    "gui.howtos.code-cartoon.step_codeCartoonSelectDifferentCharacter": "Select a Different Character",
    "gui.howtos.code-cartoon.step_codeCartoonUseMinusSign": "Use a Minus Sign to Get Smaller",
    "gui.howtos.code-cartoon.step_codeCartoonGrowShrink": "Make a Character Grow and Shrink",
    "gui.howtos.code-cartoon.step_codeCartoonSelectDifferentCharacter2": "Select a Different Character",
    "gui.howtos.code-cartoon.step_codeCartoonJump": "Jump Up and Down",
    "gui.howtos.code-cartoon.step_codeCartoonChangeScenes": "Click a Character to Change Scenes",
    "gui.howtos.code-cartoon.step_codeCartoonGlideAround": "Glide Around",
    "gui.howtos.code-cartoon.step_codeCartoonChangeCostumes": "Change Costumes",
    "gui.howtos.code-cartoon.step_codeCartoonChooseMoreCharacters": "Choose More Characters to Add to Your Cartoon",
    "gui.howtos.say-it-out-loud": "Erstelle Animationen, die sprechen können",
    "gui.howtos.say-it-out-loud.step_AddTXTextension": "Füge die \"Text zu Sprache\"-Blöcke hinzu",
    "gui.howtos.say-it-out-loud.step_TXTSpeech": "Sag etwas",
    "gui.howtos.say-it-out-loud_TXTSetVoice": "Wähle eine Stimme",
    "gui.howtos.say-it-out-loud.step_TXTMove": "Bewege dich umher",
    "gui.howtos.say-it-out-loud.step_TXTBackdrop": "Füge ein Bühnenbild hinzu",
    "gui.howtos.say-it-out-loud.step_TXTAddSprite": "Füge eine weitere Figur hinzu",
    "gui.howtos.say-it-out-loud.step_TXTSong": "Führe ein Lied auf",
    "gui.howtos.say-it-out-loud.step_TXTColor": "Ändere die Farbe",
    "gui.howtos.say-it-out-loud.step_TXTSpin": "Dreh dich im Kreis",
    "gui.howtos.say-it-out-loud.step_TXTGrow": "Wachse und Schrumpfe",
    "gui.howtos.talking": "Talking Tales",
    "gui.howtos.talking.step_talesAddExtension": "Click to Add the Text-to-Speech Blocks",
    "gui.howtos.talking.step_talesChooseSprite": "Choose a Sprite",
    "gui.howtos.talking.step_talesSaySomething": "Make a Character Speak",
    "gui.howtos.talking.step_talesChooseBackdrop": "Choose a Backdrop",
    "gui.howtos.talking.step_talesSwitchBackdrop": "Click a Character to Go to the Next Backdrop",
    "gui.howtos.talking.step_talesChooseAnotherSprite": "Choose Another Sprite",
    "gui.howtos.talking.step_talesMoveAround": "Move Around",
    "gui.howtos.talking.step_talesChooseAnotherBackdrop": "Choose Another Backdrop",
    "gui.howtos.talking.step_talesAnimateTalking": "Animate Talking",
    "gui.howtos.talking.step_talesChooseThirdBackdrop": "Choose Another Backdrop",
    "gui.howtos.talking.step_talesChooseSound": "Choose a Song to Dance To",
    "gui.howtos.talking.step_talesDanceMoves": "Dance Moves",
    "gui.howtos.talking.step_talesAskAnswer": "Get the Ask and Answer Blocks from the Sensing Category",
    "gui.howtos.animate-a-name.name": "Animiere einen Namen",
    "gui.howtos.animate-a-name.step_AnimatePickLetter": "Wähle eine Buchstabenfigur",
    "gui.howtos.animate-a-name.step_AnimatePlaySound": "Spiele einen Klang, wenn angeklickt",
    "gui.howtos.animate-a-name.step_AnimatePickLetter2": "Wähle eine weitere Buchstabenfigur",
    "gui.howtos.animate-a-name.step_AnimateChangeColor": "Ändere die Farbe",
    "gui.howtos.animate-a-name.step_AnimateSpin": "Wähle eine weitere Buchstabenfigur und lass sie sich drehen",
    "gui.howtos.animate-a-name.step_AnimateGrow": "Wähle einen weiteren Buchstaben und lass ihn wachsen",
    "gui.howtos.make-music.name": "Mach Musik",
    "gui.howtos.Make-Music.step_PickInstrument": "Wähle eine Instrumentenfigur",
    "gui.howtos.Make-Music.step_PlaySoundClick": "Spiele einen Klang, wenn angeklickt",
    "gui.howtos.Make-Music.step_MakeSong": "Komponiere ein Lied",
    "gui.howtos.make-music.step_MakeBeat": "Wähle ein Schlaginstrument und spiele einen Rhythmus",
    "gui.howtos.make-music.step_MakeBeatBox": "Wähle die Mikrofonfigur & Überraschungs-Beatbox",
    "gui.howtos.story.name": "Erzähle eine Geschichte",
    "gui.howtos.story.step_addbg": "Füge ein Bühnenbild hinzu",
    "gui.howtos.story.step_addsprite": "Füge eine Figur hinzu",
    "gui.howtos.story.step_saysomething": "Sag etwas",
    "gui.howtos.story.step_addanothersprite": "Füge eine weitere Figur hinzu",
    "gui.howtos.story.step_flip": "Dreh die Figur um",
    "gui.howtos.story.step_conversation": "Lass sie sich unterhalten",
    "gui.howtos.story.addanotherbg": "Füge ein weiteres Bühnenbild hinzu",
    "gui.howtos.story.step_swithbg": "Wechsle Bühnenbilder",
    "gui.howtos.story.step_hidewizard": "Verstecke eine Figur",
    "gui.howtos.story.step_showwizard": "Zeige eine Figur",
    "gui.howtos.make-a-chase-game.name": "Mach ein Fangspiel",
    "gui.howtos.Chase-Game.step_BG": "Füge ein Bühnenbild hinzu",
    "gui.howtos.chase-game.step_AddOcto": "Füge eine Figur hinzu",
    "gui.howtos.make-music.step_LeftRight": "Bewege mit den Pfeiltasten nach links und rechts",
    "gui.howtos.Chase-Game.step_UpDown": "Bewege mit den Pfeiltasten nach oben und unten",
    "gui.howtos.Chase-Game.step_AddStar": "Füge eine weitere Figur hinzu",
    "gui.howtos.Chase-Game.step_MoveRandom": "Bewege zufällig",
    "gui.howtos.Chase-Game.step_WhenTouch": "In der Oktopusfigur: Spiele bei Berührung einen Klang",
    "gui.howtos.Chase-Game.step_ScoreVariable": "Erstelle eine Punktestandsvariable",
    "gui.howtos.Chase-Game.ScoreWhenTouch": "In der Oktopusfigur: Füge bei Berührung einen Punkt hinzu",
    "gui.howtos.animate-char.name": "Animiere eine Figur",
    "gui.howtos.animate-char.step_addbg": "Füge ein Bühnenbild hinzu",
    "gui.howtos.animate-char.step_addsprite": "Füge eine Figur hinzu",
    "gui.howtos.animate-char.step_saysomething": "Sag etwas",
    "gui.howtos.animate-char.step_addsound": "Füge einen Klang hinzu",
    "gui.howtos.animate-char.step_animatetalking": "Animiere das Sprechen",
    "gui.howtos.animate-char.step_arrowkeys": "Bewege mit den Pfeiltasten",
    "gui.howtos.animate-char.step_jump": "Springe",
    "gui.howtos.animate-char.step_changecolor": "Ändere die Farbe",
    "gui.howtos.make-a-game.name": "Mach ein Klick-Spiel",
    "gui.howtos.Make-A-Game.step_GamePickSprite": "Wähle eine Figur",
    "gui.howtos.make-a-game.step_GamePlaySound": "Spiele einen, Klang wenn angeklickt",
    "gui.howtos.make-a-game.step_GameAddScore": "Erstelle eine Punktestandsvariable",
    "gui.howtos.make-a-game.step_GameChangeScore": "Erhöhe den Punktestand, wenn angeklickt",
    "gui.howtos.make-a-game.step_Random": "Geh zu einer Zufallsposition",
    "gui.howtos.make-music.step_GameChangeColor": "Ändere die Farbe",
    "gui.howtos.make-music.step_ResetScore": "Setze den Punktestand zurück",
    "gui.howtos.make-it-fly.name": "Make it Fly",
    "gui.howtos.fly.step_stepflyChooseBackdrop": "Choose a Sky Background",
    "gui.howtos.add-a-move-block.step_stepflyChooseCharacter": "Choose a Character",
    "gui.howtos.fly.step_stepflySaySomething": "Say Something",
    "gui.howtos.add-a-move-block.step_stepflyMoveArrows": "Move With Arrow Keys",
    "gui.howtos.fly.step_stepflyChooseObject": "Choose an Object to Collect",
    "gui.howtos.add-a-move-block.step_stepflyFlyingObject": "Make the Object Move",
    "gui.howtos.add-a-move-block.step_stepflySelectFlyingSprite": "Select Your Character",
    "gui.howtos.add-a-move-block.step_stepflyAddScore": "Add a Score",
    "gui.howtos.add-a-move-block.step_stepflyKeepScore": "Keep Score",
    "gui.howtos.add-a-move-block.step_stepflyAddScenery": "Add Scenery",
    "gui.howtos.add-a-move-block.step_stepflyMoveScenery": "Move the Scenery",
    "gui.howtos.add-a-move-block.step_stepflySwitchLooks": "Next Costume",
    "gui.howtos.pong": "Pong Game",
    "gui.howtos.pong.step_pongAddBackdrop": "Add a Backdrop",
    "gui.howtos.pong.step_pongAddBallSprite": "Add a Ball Sprite",
    "gui.howtos.pong.step_pongBounceAround": "Bounce Around",
    "gui.howtos.pong.step_pongAddPaddle": "Add a Paddle",
    "gui.howtos.pong.step_pongMoveThePaddle": "Move the Paddle",
    "gui.howtos.pong.step_pongSelectBallSprite": "Select the Ball Sprite",
    "gui.howtos.pong.step_pongAddMoreCodeToBall": "Add Code to Bounce the Ball Off the Paddle",
    "gui.howtos.pong.step_pongAddAScore": "Add a Score",
    "gui.howtos.pong.step_pongChooseScoreFromMenu": "Choose 'Score' from the Menu",
    "gui.howtos.pong.step_pongInsertChangeScoreBlock": "Insert the 'Change Score' Block",
    "gui.howtos.pong.step_pongResetScore": "Reset Score",
    "gui.howtos.pong.step_pongAddLineSprite": "Add the Line Sprite",
    "gui.howtos.pong.step_pongGameOver": "Game Over",
    "gui.howtos.cartoon-network": "Animiere ein Abenteuerspiel",
    "gui.howtos.cartoon-network.step_CNcharacter": "Wähle die Figur, die gezeigt werden soll",
    "gui.howtos.cartoon-network.step_CNsay": "Sag etwas",
    "gui.howtos.cartoon-network.step_CNglide": "Gleite umher",
    "gui.howtos.cartoon-network.step_CNpicksprite": "Wähle ein Objekt, das verfolgt werden soll",
    "gui.howtos.cartoon-network.step_CNcollect": "Sammle Objekte",
    "gui.howtos.cartoon-network.step_CNvariable": "Erzeuge eine Variable für den Spielstand",
    "gui.howtos.cartoon-network.step_CNscore": "Speichere den Spielstand",
    "gui.howtos.cartoon-network.step_CNbackdrop": "Nächstes Level: Ändere das Bühnenbild",
    "gui.howtos.videosens.name": "Video-Erfassung",
    "gui.howtos.videosens.step_addextension": "Füge eine Erweiterung hinzu",
    "gui.howtos.videosens.step_pet": "Streichle die Katze",
    "gui.howtos.videosens.step_animate": "Animiere",
    "gui.howtos.videosens.step_pop": "Lass einen Ballon platzen",
    "gui.howtos.add-sprite.name": "Füge eine Figur hinzu",
    "gui.howtos.add-sprite.step_addSprite": "Füge eine Figur hinzu",
    "gui.howtos.add-a-backdrop.name": "Füge ein Bühnenbild hinzu",
    "gui.howtos.add-a-backdrop.step_addBackdrop": "Add a Backdrop",
    "gui.howtos.change-size.name": "Ändere die Größe",
    "gui.howtos.change-size.step_changeSize": "Change Size",
    "gui.howtos.glide-around.name": "Gleite umher",
    "gui.howtos.change-size.step_glideAroundBackAndForth": "Glide Around",
    "gui.howtos.change-size.step_glideAroundPoint": "Glide to a Point",
    "gui.howtos.record-a-sound.name": "Einen Klang aufnehmen",
    "gui.howtos.change-size.step_recordASoundSoundsTab": "Click on the 'Sounds' Tab",
    "gui.howtos.change-size.step_recordASoundClickRecord": "Click 'Record'",
    "gui.howtos.change-size.step_recordASoundPressRecordButton": "Press the Record Button",
    "gui.howtos.change-size.step_recordASoundChooseSound": "Choose Your Sound",
    "gui.howtos.change-size.step_recordASoundPlayYourSound": "Play Your Sound",
    "gui.howtos.spin-video.name": "Lass es sich drehen",
    "gui.howtos.change-size.step_spinTurn": "Turn",
    "gui.howtos.change-size.step_spinPointInDirection": "Set Direction",
    "gui.howtos.hide-and-show.name": "Verstecken und Zeigen",
    "gui.howtos.change-size.step_hideAndShow": "Hide and Show",
    "gui.howtos.switch-costume.name": "Animiere eine Figur",
    "gui.howtos.change-size.step_switchCostumes": "Animate a Sprite",
    "gui.howtos.move-around-with-arrow-keys.name": "Benutze die Pfeiltasten",
    "gui.howtos.add-a-backdrop.step_moveArrowKeysLeftRight": "Move Left and Right",
    "gui.howtos.add-a-backdrop.step_moveArrowKeysUpDown": "Move Up and Down",
    "gui.howtos.add-effects.name": "Füge Effekte hinzu",
    "gui.howtos.videosens.step_addEffects": "Add Effects",
    "gui.extension.music.name": "Musik",
    "gui.extension.music.description": "Spiele Instrumente und Schlagzeug.",
    "gui.extension.pen.name": "Malstift",
    "gui.extension.pen.description": "Zeichne mit deinen Figuren.",
    "gui.extension.videosensing.name": "Video-Erfassung",
    "gui.extension.videosensing.description": "Erfasse Bewegung mit der Kamera.",
    "gui.extension.text2speech.name": "Text zu Sprache",
    "gui.extension.text2speech.description": "Bring deinen Projekten das Sprechen bei.",
    "gui.extension.translate.name": "Übersetzen",
    "gui.extension.translate.description": "Übersetze den Text in viele Sprachen.",
    "gui.extension.makeymakey.description": "Mach alles zu einer Taste.",
    "gui.extension.microbit.description": "Verbinde deine Projekte mit der realen Welt.",
    "gui.extension.microbit.connectingMessage": "Verbinde",
    "gui.extension.ev3.description": "Baue interaktive Roboter und mehr.",
    "gui.extension.ev3.connectingMessage": "Verbinde. Stelle sicher, dass das Kennwort auf deiner EV3 auf 1234 gesetzt ist.",
    "gui.extension.boost.description": "Erwecke Roboterkreationen zum Leben.",
    "gui.extension.boost.connectingMessage": "Verbinde",
    "gui.extension.wedo2.description": "Baue mit Motoren und Sensoren.",
    "gui.extension.wedo2.connectingMessage": "Verbinde",
    "gui.extension.gdxfor.description": "Spüre Druck, Zug, Bewegung und Drehung",
    "gui.extension.gdxfor.connectingMessage": "Verbinde",
    "gui.libraryTags.all": "Alles",
    "gui.libraryTags.animals": "Tiere",
    "gui.libraryTags.dance": "Tanz",
    "gui.libraryTags.effects": "Effekte",
    "gui.libraryTags.fantasy": "Fantasie",
    "gui.libraryTags.fashion": "Mode",
    "gui.libraryTags.food": "Essen",
    "gui.libraryTags.indoors": "Innenräume",
    "gui.libraryTags.loops": "Schleifen",
    "gui.libraryTags.music": "Musik",
    "gui.libraryTags.notes": "Noten",
    "gui.libraryTags.outdoors": "Landschaften",
    "gui.libraryTags.patterns": "Muster",
    "gui.libraryTags.people": "Personen",
    "gui.libraryTags.percussion": "Schlagwerk",
    "gui.libraryTags.space": "Weltraum",
    "gui.libraryTags.sports": "Sport",
    "gui.libraryTags.underwater": "Unterwasserwelt",
    "gui.libraryTags.voice": "Stimmen",
    "gui.libraryTags.wacky": "Verrücktes",
    "gui.libraryTags.animation": "Animationen",
    "gui.libraryTags.art": "Kunst",
    "gui.libraryTags.games": "Spiele",
    "gui.libraryTags.stories": "Geschichten",
    "gui.libraryTags.letters": "Buchstaben",
    "gui.opcodeLabels.direction": "Richtung",
    "gui.opcodeLabels.xposition": "x-Position",
    "gui.opcodeLabels.yposition": "y-Position",
    "gui.opcodeLabels.size": "Größe",
    "gui.opcodeLabels.costumename": "Kostümname",
    "gui.opcodeLabels.costumenumber": "Kostümnummer",
    "gui.opcodeLabels.backdropname": "Bühnenbildname",
    "gui.opcodeLabels.backdropnumber": "Bühnenbildnummer",
    "gui.opcodeLabels.volume": "Lautstärke",
    "gui.opcodeLabels.tempo": "Tempo",
    "gui.opcodeLabels.answer": "Antwort",
    "gui.opcodeLabels.loudness": "Lautstärke",
    "gui.opcodeLabels.username": "Benutzername",
    "gui.opcodeLabels.year": "Jahr",
    "gui.opcodeLabels.month": "Monat",
    "gui.opcodeLabels.date": "Datum",
    "gui.opcodeLabels.dayofweek": "Wochentag",
    "gui.opcodeLabels.hour": "Stunde",
    "gui.opcodeLabels.minute": "Minute",
    "gui.opcodeLabels.second": "Sekunde",
    "gui.opcodeLabels.timer": "Stoppuhr",
    "gui.sharedMessages.backdrop": "Bühnenbild{index}",
    "gui.sharedMessages.costume": "Kostüm{index}",
    "gui.sharedMessages.sprite": "Figur{index}",
    "gui.sharedMessages.pop": "Plopp",
    "gui.sharedMessages.replaceProjectWarning": "Inhalte des aktuellen Projektes ersetzen?",
    "gui.sharedMessages.loadFromComputerTitle": "Hochladen von deinem Computer",
    "gui.gui.defaultProjectTitle": "Scratch-Projekt"
}