{
    "gui.alerts.lostPeripheralConnection": "Scratch ha perdido su conexión a {extensionName}.",
    "gui.alerts.tryAgain": "Vuelve a intentar",
    "gui.alerts.download": "Descargar",
    "gui.connection.reconnect": "Reconectar",
    "gui.backpack.header": "Mochila",
    "gui.backpack.errorBackpack": "Error al cargar la mochila",
    "gui.backpack.loadingBackpack": "Cargando...",
    "gui.backpack.more": "Más",
    "gui.backpack.emptyBackpack": "La mochila está vacía",
    "gui.unsupportedBrowser.label": "El navegador no es compatible",
    "gui.unsupportedBrowser.errorLabel": "Ocurrió un error",
    "gui.unsupportedBrowser.notRecommended": "Lo sentimos mucho, pero parece que estas usando una versión de navegador que no es compatible con Scratch. Recomendamos actualizar a la versión más reciente de un navegador compatible como Google Chrome, Mozilla Firefox, Microsoft Edge o Apple Safari.",
    "gui.unsupportedBrowser.description": "Lo sentimos mucho, pero Scratch no es compatible con este navegador. Recomendamos probar con la versión más reciente de un navegador compatible como Google Chrome, Mozilla Firefox, Microsoft Edge o Apple Safari.",
    "gui.unsupportedBrowser.back": "Regresar",
    "gui.unsupportedBrowser.previewfaq": "Para obtener más información, ve a {previewFaqLink}.",
    "gui.unsupportedBrowser.previewfaqlinktext": "Preguntas frecuentes (FAQ)",
    "gui.cameraModal.cameraModalTitle": "Tomar una foto",
    "gui.cameraModal.loadingCameraMessage": "Cargando cámara...",
    "gui.cameraModal.permissionRequest": "Necesitamos permiso para usar tu cámara",
    "gui.cameraModal.retakePhoto": "Vuelve a tomar la foto",
    "gui.cameraModal.save": "Guardar",
    "gui.cameraModal.takePhoto": "Sacar una foto",
    "gui.cameraModal.loadingCaption": "Cargando...",
    "gui.cameraModal.enableCameraCaption": "Activar la cámara",
    "gui.cards.all-tutorials": "Tutoriales",
    "gui.cards.shrink": "Encoger",
    "gui.cards.expand": "Expandir",
    "gui.cards.close": "Cerrar",
    "gui.cards.more-things-to-try": "¡Más cosas para probar!",
    "gui.cards.see-more": "Ver más",
    "gui.comingSoon.message1": "No te preocupes, estamos en eso {emoji}",
    "gui.comingSoon.message2": "Próximamente...",
    "gui.comingSoon.message3": "Estamos trabajando en ello {emoji}",
    "gui.connection.auto-scanning.noPeripheralsFound": "No se encontró ningún dispositivo",
    "gui.connection.auto-scanning.prescan": "Ten tu dispositivo cerca, luego inicia la búsqueda.",
    "gui.connection.auto-scanning.pressbutton": "Presiona el botón en tu dispositivo.",
    "gui.connection.auto-scanning.start-search": "Inicia la búsqueda",
    "gui.connection.connecting-searchbutton": "Buscando...",
    "gui.connection.auto-scanning.try-again": "Volver a intentar",
    "gui.connection.connected": "Conectado",
    "gui.connection.disconnect": "Desconectar",
    "gui.connection.go-to-editor": "Ir al Editor",
    "gui.connection.connecting-cancelbutton": "Conectando...",
    "gui.connection.error.errorMessage": "¡Uy! Parece que algo salió mal.",
    "gui.connection.error.tryagainbutton": "Volver a intentar",
    "gui.connection.error.helpbutton": "Ayuda",
    "gui.connection.peripheral-name-label": "Nombre del dispositivo",
    "gui.connection.connect": "Conectar",
    "gui.connection.scanning.lookingforperipherals": "Buscando dispositivos",
    "gui.connection.scanning.noPeripheralsFound": "No se encontró ningún dispositivo",
    "gui.connection.scanning.instructions": "Selecciona tu dispositivo en la lista de arriba.",
    "gui.connection.search": "Actualizar",
    "gui.connection.unavailable.installscratchlink": "Asegúrate de tener Scratch Link instalado y corriendo",
    "gui.connection.unavailable.enablebluetooth": "Revisa que el Bluetooth esté habilitado",
    "gui.connection.unavailable.tryagainbutton": "Volver a intentar",
    "gui.connection.unavailable.helpbutton": "Ayuda",
    "gui.controls.go": "Ir",
    "gui.controls.stop": "Detener",
    "gui.crashMessage.label": "¡Uy! Algo salió mal.",
    "gui.crashMessage.description": "Lo sentimos mucho, pero Scratch no responde. Este error ha sido reportado automáticamente al Equipo de Scratch. Por favor, actualiza tu página para volver a intentarlo.",
    "gui.crashMessage.errorNumber": "Su error ha sido registrado con id {errorId}",
    "gui.crashMessage.reload": "Recargar",
    "gui.customProcedures.myblockModalTitle": "Crear un bloque",
    "gui.customProcedures.addAnInputNumberText": "Agregar una entrada",
    "gui.customProcedures.numberTextType": "número o texto",
    "gui.customProcedures.addAnInputBoolean": "Agregar una entrada",
    "gui.customProcedures.booleanType": "booleano",
    "gui.customProcedures.addALabel": "Agregar una etiqueta",
    "gui.customProcedures.runWithoutScreenRefresh": "Ejecutar sin actualizar la pantalla",
    "gui.customProcedures.cancel": "Cancelar",
    "gui.customProcedures.ok": "De acuerdo",
    "gui.SpriteInfo.direction": "Dirección",
    "gui.directionPicker.rotationStyles.allAround": "En todas direcciones",
    "gui.directionPicker.rotationStyles.leftRight": "Izquierda/Derecha",
    "gui.directionPicker.rotationStyles.dontRotate": "No rotar",
    "gui.gui.addExtension": "Agregar Extensión",
    "gui.gui.codeTab": "Código",
    "gui.gui.backdropsTab": "Fondos",
    "gui.gui.costumesTab": "Disfraces",
    "gui.gui.soundsTab": "Sonidos",
    "gui.extensionLibrary.comingSoon": "Próximamente",
    "gui.extensionLibrary.requires": "Requiere",
    "gui.extensionLibrary.collaboration": "Colaboración con",
    "gui.library.filterPlaceholder": "Buscar",
    "gui.library.allTag": "Todos",
    "gui.loader.message1": "Creando bloques",
    "gui.loader.message2": "Cargando objetos ...",
    "gui.loader.message3": "Cargando sonidos ...",
    "gui.loader.message4": "Cargando extensiones ...",
    "gui.loader.message5": "Arreando gatos …",
    "gui.loader.message6": "Transmitiendo nanos ...",
    "gui.loader.message7": "Inflando Gobos ...",
    "gui.loader.message8": "Preparando emojis ...",
    "gui.loader.headline": "Cargando proyecto",
    "gui.loader.creating": "Creando un proyecto",
    "gui.accountMenu.profile": "Perfil",
    "gui.accountMenu.myStuff": "Mis Cosas",
    "gui.accountMenu.myClasses": "Mis Clases",
    "gui.accountMenu.myClass": "Mi Clase",
    "gui.accountMenu.accountSettings": "Configuración de la cuenta",
    "gui.accountMenu.signOut": "Cerrar sesión",
    "gui.authorInfo.byUser": "por {username}",
    "gui.menuBar.seeProjectPage": "Ver página del proyecto",
    "general.username": "Nombre de Usuario",
    "general.password": "Contraseña",
    "general.signIn": "Iniciar sesión",
    "login.needHelp": "¿Necesitas ayuda?",
    "form.validationRequired": "Este campo es requerido",
    "gui.menuBar.LanguageSelector": "Escoger el lenguaje",
    "gui.menuBar.tutorialsLibrary": "Tutoriales",
    "gui.menuBar.restoreSprite": "Restaurar Objeto",
    "gui.menuBar.restoreSound": "Restaurar Sonido",
    "gui.menuBar.restoreCostume": "Restaurar Disfraz",
    "gui.menuBar.restore": "Restaurar",
    "gui.menuBar.saveNow": "Guardar ahora",
    "gui.menuBar.saveAsCopy": "Guardar como copia",
    "gui.menuBar.remix": "Reinventar",
    "gui.menuBar.new": "Nuevo",
    "gui.menuBar.file": "Archivo",
    "gui.menuBar.downloadToComputer": "Guardar en tu computador",
    "gui.menuBar.edit": "Editar",
    "gui.menuBar.turboModeOff": "Desactivar Modo turbo",
    "gui.menuBar.turboModeOn": "Activar Modo turbo",
    "gui.menuBar.joinScratch": "Únete a Scratch",
    "gui.menuBar.signIn": "Iniciar sesión",
    "gui.gui.projectTitlePlaceholder": "Título del proyecto aquí",
    "gui.menuBar.saveNowLink": "Guardar ahora",
    "gui.menuBar.isShared": "Compartidos",
    "gui.menuBar.share": "Compartir",
    "gui.modal.help": "Ayuda",
    "gui.modal.back": "Regresar",
    "gui.monitor.listMonitor.empty": "(vacío)",
    "gui.monitor.listMonitor.listLength": "largo {length}",
    "gui.monitor.contextMenu.default": "tamaño normal",
    "gui.monitor.contextMenu.large": "tamaño grande",
    "gui.monitor.contextMenu.slider": "deslizador",
    "gui.monitor.contextMenu.sliderRange": "cambiar rango del deslizador",
    "gui.monitor.contextMenu.import": "importar",
    "gui.monitor.contextMenu.export": "exportar",
    "gui.playButton.play": "Reproducir",
    "gui.playButton.stop": "Detener",
    "gui.gui.variableScopeOptionAllSprites": "Para todos los objetos",
    "gui.gui.variableScopeOptionSpriteOnly": "Sólo para este objeto",
    "gui.gui.cloudVariableOption": "Variable de la nube (guardada en el servidor)",
    "gui.gui.variablePromptAllSpritesMessage": "Esta variable estará disponible para todos los objetos.",
    "gui.prompt.cancel": "Cancelar",
    "gui.prompt.ok": "De acuerdo",
    "gui.playbackStep.stopMsg": "Detener",
    "gui.playbackStep.playMsg": "Reproducir",
    "gui.playbackStep.loadingMsg": "Cargando...",
    "gui.playbackStep.saveMsg": "Guardar",
    "gui.playbackStep.reRecordMsg": "Volver a grabar",
    "gui.recordModal.title": "Grabar Sonido",
    "gui.recordingStep.beginRecord": "Empieza a grabar haciendo clic en el botón de abajo",
    "gui.recordingStep.permission": "{arrow}Necesitamos permiso para utilizar tu micrófono",
    "gui.recordingStep.stop": "Parar de grabar",
    "gui.recordingStep.record": "Grabar",
    "gui.sliderModal.min": "Valor mínimo",
    "gui.sliderModal.max": "Valor máximo",
    "gui.sliderModal.title": "Cambiar rango del deslizador",
    "gui.sliderPrompt.cancel": "Cancelar",
    "gui.sliderPrompt.ok": "De acuerdo",
    "gui.soundEditor.sound": "Sonido",
    "gui.soundEditor.play": "Jugar",
    "gui.soundEditor.stop": "Detener",
    "gui.soundEditor.copy": "Copiar",
    "gui.soundEditor.paste": "Pegar",
    "gui.soundEditor.copyToNew": "Copiar a uno nuevo",
    "gui.soundEditor.delete": "Eliminar",
    "gui.soundEditor.save": "Guardar",
    "gui.soundEditor.undo": "Deshacer",
    "gui.soundEditor.redo": "Rehacer",
    "gui.soundEditor.faster": "Más rápido",
    "gui.soundEditor.slower": "Más lento",
    "gui.soundEditor.echo": "Eco",
    "gui.soundEditor.robot": "Robot",
    "gui.soundEditor.louder": "Más fuerte",
    "gui.soundEditor.softer": "Más suave",
    "gui.soundEditor.reverse": "Reversa",
    "gui.soundEditor.fadeOut": "Desvanecer",
    "gui.soundEditor.fadeIn": "Aparecer",
    "gui.soundEditor.mute": "Silenciar",
    "gui.SpriteInfo.spritePlaceholder": "Nombre",
    "gui.SpriteInfo.sprite": "Objeto",
    "gui.SpriteInfo.show": "mostrar",
    "gui.SpriteInfo.size": "Tamaño",
    "gui.spriteSelectorItem.contextMenuDuplicate": "duplicar",
    "gui.spriteSelectorItem.contextMenuExport": "exportar",
    "gui.spriteSelectorItem.contextMenuDelete": "eliminar",
    "gui.spriteSelector.addSpriteFromLibrary": "Elegir un objeto",
    "gui.spriteSelector.addSpriteFromPaint": "Pintar",
    "gui.spriteSelector.addSpriteFromSurprise": "Sorpresa",
    "gui.spriteSelector.addSpriteFromFile": "Subir un objeto",
    "gui.stageHeader.stageSizeLarge": "Cambiar a un escenario grande",
    "gui.stageHeader.stageSizeSmall": "Cambiar a un escenario pequeño",
    "gui.stageHeader.stageSizeFull": "Ingresar al modo de pantalla completa",
    "gui.stageHeader.stageSizeUnFull": "Salir del modo de pantalla completa",
    "gui.stageHeader.fullscreenControl": "Control de Pantalla Completa",
    "gui.spriteSelector.addBackdropFromLibrary": "Elige un fondo",
    "gui.stageSelector.addBackdropFromPaint": "Pintar",
    "gui.stageSelector.addBackdropFromSurprise": "Sorpresa",
    "gui.stageSelector.addBackdropFromFile": "Subir Fondo",
    "gui.stageSelector.stage": "Escenario",
    "gui.stageSelector.backdrops": "Fondos",
    "gui.telemetryOptIn.label": "Reportar las estadísticas para mejorar Scratch",
    "gui.telemetryOptIn.body1": "El equipo de Scratch siempre busca entender mejor cómo se usa Scratch en el mundo. Para aportar a esta iniciativa, puede permitir que Scratch envíe automáticamente la información de uso al equipo de Scratch.",
    "gui.telemetryOptIn.body2": "La información que recopilamos incluye selección de idioma, uso de bloques y algunos eventos como guardar, cargar y subir un proyecto. NO recogemos ninguna información personal. Por favor vea nuestra {privacyPolicyLink} para más información.",
    "gui.telemetryOptIn.privacyPolicyLink": "política de privacidad",
    "gui.telemetryOptIn.buttonTextNo": "No, gracias",
    "gui.telemetryOptIn.buttonTooltipNo": "Desactivar la telemetria",
    "gui.telemetryOptIn.buttonTextYes": "Sí, me gustaría ayudar a mejorar Scratch",
    "gui.telemetryOptIn.buttonTooltipYes": "Habilitar telemetría",
    "gui.turboMode.active": "Modo Turbo",
    "gui.webglModal.label": "Su navegador no es compatible con WebGL",
    "gui.webglModal.description": "Lamentablemente, parece que su navegador o computadora {webGlLink}. Esta tecnología es necesaria para ejecutar Scratch 3.0.",
    "gui.webglModal.webgllink": "no es compatible con WebGL",
    "gui.webglModal.back": "Regresar",
    "gui.webglModal.previewfaq": "Para obtener más información, vaya a {previewFaqLink}.",
    "gui.webglModal.previewfaqlinktext": "Preguntas frecuentes (FAQ)",
    "gui.costumeLibrary.chooseABackdrop": "Escoger un fondo",
    "gui.costumeLibrary.chooseACostume": "Escoger un disfraz",
    "gui.costumeTab.addBackdropFromLibrary": "Escoger un fondo",
    "gui.costumeTab.addCostumeFromLibrary": "Escoger un disfraz",
    "gui.costumeTab.addBlankCostume": "Pintar",
    "gui.costumeTab.addSurpriseCostume": "Sorpresa",
    "gui.costumeTab.addFileBackdrop": "Subir fondo",
    "gui.costumeTab.addFileCostume": "Subir disfraz",
    "gui.costumeTab.addCameraCostume": "Cámara",
    "gui.extensionLibrary.chooseAnExtension": "Eligir una extensión",
    "gui.extensionLibrary.extensionUrl": "Ingrese la URL de la extensión",
    "gui.monitors.importListColumnPrompt": "¿Qué columna debe usarse (1-{numberOfColumns})?",
    "gui.recordingStep.alertMsg": "No se pudo comenzar a grabar",
    "gui.projectLoader.loadError": "El archivo de proyecto seleccionado falló al cargar.",
    "gui.soundLibrary.chooseASound": "Elige un sonido",
    "gui.soundTab.fileUploadSound": "Subir sonido",
    "gui.soundTab.surpriseSound": "Sorpresa",
    "gui.soundTab.recordSound": "Grabar",
    "gui.soundTab.addSoundFromLibrary": "Elige un sonido",
    "gui.spriteLibrary.chooseASprite": "Elige un objeto",
    "gui.tipsLibrary.tutorials": "Elige un tutorial",
    "gui.alerts.createsuccess": "Nuevo proyecto creado.",
    "gui.alerts.createcopysuccess": "Proyecto guardado como copia.",
    "gui.alerts.createremixsuccess": "Proyecto guardado como reinvención.",
    "gui.alerts.creating": "Creando nuevo...",
    "gui.alerts.creatingCopy": "Copiando proyecto...",
    "gui.alerts.creatingRemix": "Reinventando proyecto...",
    "gui.alerts.creatingError": "No pudimos crear el proyecto. ¡Por favor, inténtalo de nuevo!",
    "gui.alerts.savingError": "El proyecto no se pudo guardar.",
    "gui.alerts.savesuccess": "Proyecto guardado.",
    "gui.alerts.saving": "Guardando proyecto...",
    "gui.alerts.cloudInfo": "Tenga en cuenta que las variables de la nube solo admiten números, no letras ni símbolos. {learnMoreLink}",
    "gui.alerts.cloudInfoLearnMore": "Aprende más.",
    "gui.alerts.importing": "Importando...",
    "gui.defaultProject.meow": "Miau",
    "gui.defaultProject.variable": "mi variable",
    "gui.howtos.intro-move-sayhello-hat.name": "Cómo comenzar",
    "gui.howtos.intro-move.step_stepMove": "Agrega un bloque de movimiento",
    "gui.howtos.add-a-move-block.step_stepMoveSayHello": "Haz clic en la bandera verde para empezar",
    "gui.howtos.imagine": "Imagina un mundo",
    "gui.howtos.imagine.step_imagineTypeWhatYouWant": "Escribe lo que quieres decir",
    "gui.howtos.imagine.step_imagineClickGreenFlag": "Haz clic en la bandera verde para comenzar",
    "gui.howtos.imagine.step_imagineChooseBackdrop": "Escoge cualquier fondo",
    "gui.howtos.imagine.step_imagineChooseSprite": "Escoge un objeto",
    "gui.howtos.imagine.step_imagineFlyAround": "Presiona la barra espaciadora para deslizar",
    "gui.howtos.imagine.step_imagineChooseAnotherSprite": "Escoge otro objeto",
    "gui.howtos.imagine.step_imagineLeftRight": "Mueve a la izquierda y a la derecha",
    "gui.howtos.imagine.step_imagineUpDown": "Mueve arriba y abajo",
    "gui.howtos.imagine.step_imagineChangeCostumes": "Cambia de disfraz",
    "gui.howtos.imagine.step_imagineGlideToPoint": "Desliza a un punto",
    "gui.howtos.imagine.step_imagineGrowShrink": "Hazlo crecer y encogerse",
    "gui.howtos.imagine.step_imagineChooseAnotherBackdrop": "Escoge otro fondo",
    "gui.howtos.imagine.step_imagineSwitchBackdrops": "Cambia de fondo",
    "gui.howtos.imagine.step_imagineRecordASound": "Añade un sonido",
    "gui.howtos.imagine.step_imagineChooseSound": "Escoge un sonido",
    "gui.howtos.code-cartoon": "Programa una caricatura",
    "gui.howtos.code-cartoon.step_codeCartoonSaySomething": "Di algo al hacer clic en la bandera verde",
    "gui.howtos.code-cartoon.step_codeCartoonAnimate": "Anima a un personaje al hacerle clic",
    "gui.howtos.code-cartoon.step_codeCartoonSelectDifferentCharacter": "Selecciona otro personaje",
    "gui.howtos.code-cartoon.step_codeCartoonUseMinusSign": "Usa un signo menos para hacerlo más pequeño",
    "gui.howtos.code-cartoon.step_codeCartoonGrowShrink": "Haz que un personaje se agrande o se achique",
    "gui.howtos.code-cartoon.step_codeCartoonSelectDifferentCharacter2": "Selecciona otro personaje",
    "gui.howtos.code-cartoon.step_codeCartoonJump": "Salta arriba y abajo",
    "gui.howtos.code-cartoon.step_codeCartoonChangeScenes": "Haz clic en un personaje para cambiar de escena",
    "gui.howtos.code-cartoon.step_codeCartoonGlideAround": "Desliza alrededor",
    "gui.howtos.code-cartoon.step_codeCartoonChangeCostumes": "Cambia de disfraz",
    "gui.howtos.code-cartoon.step_codeCartoonChooseMoreCharacters": "Escoge más personajes para añadir a tu caricatura",
    "gui.howtos.say-it-out-loud": "Crea animaciones que hablen",
    "gui.howtos.say-it-out-loud.step_AddTXTextension": "Agrega bloques de Texto a Voz",
    "gui.howtos.say-it-out-loud.step_TXTSpeech": "Di algo",
    "gui.howtos.say-it-out-loud_TXTSetVoice": "Escoge una voz",
    "gui.howtos.say-it-out-loud.step_TXTMove": "Muévelo alrededor",
    "gui.howtos.say-it-out-loud.step_TXTBackdrop": "Agrega un fondo",
    "gui.howtos.say-it-out-loud.step_TXTAddSprite": "Agrega otro personaje",
    "gui.howtos.say-it-out-loud.step_TXTSong": "Interpreta una canción",
    "gui.howtos.say-it-out-loud.step_TXTColor": "Cambia de color",
    "gui.howtos.say-it-out-loud.step_TXTSpin": "Da vueltas",
    "gui.howtos.say-it-out-loud.step_TXTGrow": "Hazlo crecer y encogerse",
    "gui.howtos.talking": "Cuentos que hablan",
    "gui.howtos.talking.step_talesAddExtension": "Haz clic para agregar los bloques de texto a voz",
    "gui.howtos.talking.step_talesChooseSprite": "Elegir un objeto",
    "gui.howtos.talking.step_talesSaySomething": "Haz que un personaje hable",
    "gui.howtos.talking.step_talesChooseBackdrop": "Escoger un fondo",
    "gui.howtos.talking.step_talesSwitchBackdrop": "Haz clic en un personaje para ir al fondo siguiente",
    "gui.howtos.talking.step_talesChooseAnotherSprite": "Escoge otro objeto",
    "gui.howtos.talking.step_talesMoveAround": "Muévelo alrededor",
    "gui.howtos.talking.step_talesChooseAnotherBackdrop": "Escoge otro fondo",
    "gui.howtos.talking.step_talesAnimateTalking": "Anima la boca del personaje",
    "gui.howtos.talking.step_talesChooseThirdBackdrop": "Escoge otro fondo",
    "gui.howtos.talking.step_talesChooseSound": "Escoge una canción para bailar",
    "gui.howtos.talking.step_talesDanceMoves": "Pasos de baile",
    "gui.howtos.talking.step_talesAskAnswer": "Toma los bloques de pregunta y respuesta en la categoría Sensores",
    "gui.howtos.animate-a-name.name": "Anima un nombre",
    "gui.howtos.animate-a-name.step_AnimatePickLetter": "Escoge un objeto de letra",
    "gui.howtos.animate-a-name.step_AnimatePlaySound": "Inicia el sonido con un clic",
    "gui.howtos.animate-a-name.step_AnimatePickLetter2": "Escoge otro objeto de letra",
    "gui.howtos.animate-a-name.step_AnimateChangeColor": "Cambia el color",
    "gui.howtos.animate-a-name.step_AnimateSpin": "Escoge otro objeto de letra & hazla girar",
    "gui.howtos.animate-a-name.step_AnimateGrow": "Escoge otro objeto de letra & hazla girar",
    "gui.howtos.make-music.name": "Crea música",
    "gui.howtos.Make-Music.step_PickInstrument": "Escoge un objeto de instrumento",
    "gui.howtos.Make-Music.step_PlaySoundClick": "Inicia el sonido con un clic",
    "gui.howtos.Make-Music.step_MakeSong": "Crea una canción",
    "gui.howtos.make-music.step_MakeBeat": "Escoge un tambor & crea un ritmo",
    "gui.howtos.make-music.step_MakeBeatBox": "Escoge el objeto de micrófono y crea un beatbox sorpresa",
    "gui.howtos.story.name": "Crea una historia",
    "gui.howtos.story.step_addbg": "Agrega un Fondo",
    "gui.howtos.story.step_addsprite": "Agrega un personaje",
    "gui.howtos.story.step_saysomething": "Di algo",
    "gui.howtos.story.step_addanothersprite": "Agrega otro personaje",
    "gui.howtos.story.step_flip": "Cambia de dirección",
    "gui.howtos.story.step_conversation": "Ten una conversación",
    "gui.howtos.story.addanotherbg": "Agrega otro fondo",
    "gui.howtos.story.step_swithbg": "Cambia de fondo",
    "gui.howtos.story.step_hidewizard": "Esconde un personaje",
    "gui.howtos.story.step_showwizard": "Muestra un personaje",
    "gui.howtos.make-a-chase-game.name": "Haz un juego de perseguir",
    "gui.howtos.Chase-Game.step_BG": "Agrega un dondo",
    "gui.howtos.chase-game.step_AddOcto": "Añade un objeto",
    "gui.howtos.make-music.step_LeftRight": "Muévete a la derecha y a la izquierda con las teclas de flecha",
    "gui.howtos.Chase-Game.step_UpDown": "Muévete hacia arriba y abajo con las teclas de flecha",
    "gui.howtos.Chase-Game.step_AddStar": "Agrega otro objeto",
    "gui.howtos.Chase-Game.step_MoveRandom": "Muévelo de manera aleatoria",
    "gui.howtos.Chase-Game.step_WhenTouch": "En el objeto del pulpo, haz un sonido cuando lo toques",
    "gui.howtos.Chase-Game.step_ScoreVariable": "Crear una variable para el puntaje",
    "gui.howtos.Chase-Game.ScoreWhenTouch": "En el objeto del pulpo, cuando lo tocas agrega puntos",
    "gui.howtos.animate-char.name": "Anima un personaje",
    "gui.howtos.animate-char.step_addbg": "Agrega un fondo",
    "gui.howtos.animate-char.step_addsprite": "Agrega un objeto",
    "gui.howtos.animate-char.step_saysomething": "Decir algo",
    "gui.howtos.animate-char.step_addsound": "Añade un sonido",
    "gui.howtos.animate-char.step_animatetalking": "Anima la boca del personaje",
    "gui.howtos.animate-char.step_arrowkeys": "Muévete usando las flechas",
    "gui.howtos.animate-char.step_jump": "Salta",
    "gui.howtos.animate-char.step_changecolor": "Cambiar color",
    "gui.howtos.make-a-game.name": "Haz un juego de cliquear",
    "gui.howtos.Make-A-Game.step_GamePickSprite": "Escoge un objeto",
    "gui.howtos.make-a-game.step_GamePlaySound": "Inicia el sonido con un click",
    "gui.howtos.make-a-game.step_GameAddScore": "Crea una variable de resultado",
    "gui.howtos.make-a-game.step_GameChangeScore": "Con un clic incrementa el puntaje",
    "gui.howtos.make-a-game.step_Random": "Ir a una posición aleatoria",
    "gui.howtos.make-music.step_GameChangeColor": "Cambia de color",
    "gui.howtos.make-music.step_ResetScore": "Reinicia el puntaje",
    "gui.howtos.make-it-fly.name": "Hazlo volar",
    "gui.howtos.fly.step_stepflyChooseBackdrop": "Escoge un fondo para el cielo",
    "gui.howtos.add-a-move-block.step_stepflyChooseCharacter": "Escoge un personaje",
    "gui.howtos.fly.step_stepflySaySomething": "Di algo",
    "gui.howtos.add-a-move-block.step_stepflyMoveArrows": "Muévelo con las flechas",
    "gui.howtos.fly.step_stepflyChooseObject": "Escoge un objeto a recoger",
    "gui.howtos.add-a-move-block.step_stepflyFlyingObject": "Haz que el objeto se mueva",
    "gui.howtos.add-a-move-block.step_stepflySelectFlyingSprite": "Escoge tu personaje",
    "gui.howtos.add-a-move-block.step_stepflyAddScore": "Añade un puntaje",
    "gui.howtos.add-a-move-block.step_stepflyKeepScore": "Registra el puntaje",
    "gui.howtos.add-a-move-block.step_stepflyAddScenery": "Agrega escenografía",
    "gui.howtos.add-a-move-block.step_stepflyMoveScenery": "Mueve la escenografía",
    "gui.howtos.add-a-move-block.step_stepflySwitchLooks": "Siguiente disfraz",
    "gui.howtos.pong": "Juego de Pong",
    "gui.howtos.pong.step_pongAddBackdrop": "Agrega un fondo",
    "gui.howtos.pong.step_pongAddBallSprite": "Agrega una bola",
    "gui.howtos.pong.step_pongBounceAround": "Rebota",
    "gui.howtos.pong.step_pongAddPaddle": "Agrega una paleta",
    "gui.howtos.pong.step_pongMoveThePaddle": "Mueve la paleta",
    "gui.howtos.pong.step_pongSelectBallSprite": "Escoge el objeto de la pelota",
    "gui.howtos.pong.step_pongAddMoreCodeToBall": "Agrega código para que la pelota rebote en la paleta",
    "gui.howtos.pong.step_pongAddAScore": "Añade un puntaje",
    "gui.howtos.pong.step_pongChooseScoreFromMenu": "Escoge \"puntaje\" en el menú",
    "gui.howtos.pong.step_pongInsertChangeScoreBlock": "Inserta el bloque \"cambiar puntaje\"",
    "gui.howtos.pong.step_pongResetScore": "Reinicia el puntaje",
    "gui.howtos.pong.step_pongAddLineSprite": "Agrega una línea",
    "gui.howtos.pong.step_pongGameOver": "Juego terminado",
    "gui.howtos.cartoon-network": "Anima un juego de aventura",
    "gui.howtos.cartoon-network.step_CNcharacter": "Elige un personaje para mostrar",
    "gui.howtos.cartoon-network.step_CNsay": "Di algo",
    "gui.howtos.cartoon-network.step_CNglide": "Desliza alrededor",
    "gui.howtos.cartoon-network.step_CNpicksprite": "Elige un objeto que perseguir",
    "gui.howtos.cartoon-network.step_CNcollect": "Colecciona objetos",
    "gui.howtos.cartoon-network.step_CNvariable": "Crea una variable para el puntaje",
    "gui.howtos.cartoon-network.step_CNscore": "Registra el puntaje",
    "gui.howtos.cartoon-network.step_CNbackdrop": "Siguiente nivel: Cambia el fondo",
    "gui.howtos.videosens.name": "Sensor de video",
    "gui.howtos.videosens.step_addextension": "Agregar Extensión",
    "gui.howtos.videosens.step_pet": "Acaricia al gato",
    "gui.howtos.videosens.step_animate": "Anima",
    "gui.howtos.videosens.step_pop": "Haz estallar un globo",
    "gui.howtos.add-sprite.name": "Agrega un Objeto",
    "gui.howtos.add-sprite.step_addSprite": "Agrega un Objeto",
    "gui.howtos.add-a-backdrop.name": "Agrega un Fondo",
    "gui.howtos.add-a-backdrop.step_addBackdrop": "Agrega un fondo",
    "gui.howtos.change-size.name": "Cambiar tamaño",
    "gui.howtos.change-size.step_changeSize": "Cambiar tamaño",
    "gui.howtos.glide-around.name": "Deslizar alrededor",
    "gui.howtos.change-size.step_glideAroundBackAndForth": "Desliza alrededor",
    "gui.howtos.change-size.step_glideAroundPoint": "Desliza a un punto",
    "gui.howtos.record-a-sound.name": "Grabar un sonido",
    "gui.howtos.change-size.step_recordASoundSoundsTab": "Haz clic en la pestaña \"Sonidos\"",
    "gui.howtos.change-size.step_recordASoundClickRecord": "Haz clic en \"Grabar\"",
    "gui.howtos.change-size.step_recordASoundPressRecordButton": "Presiona el botón de Grabar",
    "gui.howtos.change-size.step_recordASoundChooseSound": "Escoge un sonido",
    "gui.howtos.change-size.step_recordASoundPlayYourSound": "Reproduce el sonido",
    "gui.howtos.spin-video.name": "Hazlo girar",
    "gui.howtos.change-size.step_spinTurn": "Gira",
    "gui.howtos.change-size.step_spinPointInDirection": "Fija una dirección",
    "gui.howtos.hide-and-show.name": "Ocultar y mostrar",
    "gui.howtos.change-size.step_hideAndShow": "Ocultar y mostrar",
    "gui.howtos.switch-costume.name": "Anima un objeto",
    "gui.howtos.change-size.step_switchCostumes": "Anima un objeto",
    "gui.howtos.move-around-with-arrow-keys.name": "Usar las flechas",
    "gui.howtos.add-a-backdrop.step_moveArrowKeysLeftRight": "Muévete a la izquierda y a la derecha",
    "gui.howtos.add-a-backdrop.step_moveArrowKeysUpDown": "Muévete arriba y abajo",
    "gui.howtos.add-effects.name": "Añade efectos",
    "gui.howtos.videosens.step_addEffects": "Añade efectos",
    "gui.extension.music.name": "Música",
    "gui.extension.music.description": "Toca instrumentos y tambores.",
    "gui.extension.pen.name": "Lápiz",
    "gui.extension.pen.description": "Dibuja con tus objetos.",
    "gui.extension.videosensing.name": "Sensor de video",
    "gui.extension.videosensing.description": "Detecta movimiento con tu cámara",
    "gui.extension.text2speech.name": "Texto a Voz",
    "gui.extension.text2speech.description": "Haz que tu proyecto hable.",
    "gui.extension.translate.name": "Traductor",
    "gui.extension.translate.description": "Traduce texto a muchos lenguajes.",
    "gui.extension.makeymakey.description": "Haz que cualquier cosa sea una tecla.",
    "gui.extension.microbit.description": "Conecta tus proyectos con el mundo.",
    "gui.extension.microbit.connectingMessage": "Conectando",
    "gui.extension.ev3.description": "Construye robots interactivos y más.",
    "gui.extension.ev3.connectingMessage": "Conectando. Asegúrate que el pin en tu EV3 sea 1234.",
    "gui.extension.boost.description": "Dale vida a tus creaciones robóticas.",
    "gui.extension.boost.connectingMessage": "Conectando",
    "gui.extension.wedo2.description": "Construye con motores y sensores.",
    "gui.extension.wedo2.connectingMessage": "Conectando",
    "gui.extension.gdxfor.description": "Sensores de empuje, movimiento y giro.",
    "gui.extension.gdxfor.connectingMessage": "Conectando",
    "gui.libraryTags.all": "Todos",
    "gui.libraryTags.animals": "Animales",
    "gui.libraryTags.dance": "Bailes",
    "gui.libraryTags.effects": "Efectos",
    "gui.libraryTags.fantasy": "Fantasía",
    "gui.libraryTags.fashion": "Moda",
    "gui.libraryTags.food": "Alimento",
    "gui.libraryTags.indoors": "Interiores",
    "gui.libraryTags.loops": "Ciclos",
    "gui.libraryTags.music": "Música",
    "gui.libraryTags.notes": "Notas",
    "gui.libraryTags.outdoors": "Exteriores",
    "gui.libraryTags.patterns": "Patrones",
    "gui.libraryTags.people": "Gente",
    "gui.libraryTags.percussion": "Percusión",
    "gui.libraryTags.space": "Espacio",
    "gui.libraryTags.sports": "Deportes",
    "gui.libraryTags.underwater": "Bajo el mar",
    "gui.libraryTags.voice": "Voz",
    "gui.libraryTags.wacky": "Loco",
    "gui.libraryTags.animation": "Animación",
    "gui.libraryTags.art": "Arte",
    "gui.libraryTags.games": "Juegos",
    "gui.libraryTags.stories": "Historias",
    "gui.libraryTags.letters": "Letras",
    "gui.opcodeLabels.direction": "dirección",
    "gui.opcodeLabels.xposition": "posición x",
    "gui.opcodeLabels.yposition": "posición y",
    "gui.opcodeLabels.size": "tamaño",
    "gui.opcodeLabels.costumename": "nombre del disfraz",
    "gui.opcodeLabels.costumenumber": "número de disfraz",
    "gui.opcodeLabels.backdropname": "nombre de fondo",
    "gui.opcodeLabels.backdropnumber": "número de fondo",
    "gui.opcodeLabels.volume": "volumen",
    "gui.opcodeLabels.tempo": "tempo",
    "gui.opcodeLabels.answer": "respuesta",
    "gui.opcodeLabels.loudness": "volumen del sonido",
    "gui.opcodeLabels.username": "nombre de usuario",
    "gui.opcodeLabels.year": "año",
    "gui.opcodeLabels.month": "mes",
    "gui.opcodeLabels.date": "fecha",
    "gui.opcodeLabels.dayofweek": "día de la semana",
    "gui.opcodeLabels.hour": "hora",
    "gui.opcodeLabels.minute": "minuto",
    "gui.opcodeLabels.second": "segundo",
    "gui.opcodeLabels.timer": "cronómetro",
    "gui.sharedMessages.backdrop": "fondo{index}",
    "gui.sharedMessages.costume": "disfraz{index}",
    "gui.sharedMessages.sprite": "Objeto{index}",
    "gui.sharedMessages.pop": "pop",
    "gui.sharedMessages.replaceProjectWarning": "¿Reemplazar el contenido del proyecto actual?",
    "gui.sharedMessages.loadFromComputerTitle": "Subir desde tu computador",
    "gui.gui.defaultProjectTitle": "Proyecto Scratch"
}