{
    "gui.alerts.lostPeripheralConnection": "O Scratch perdeu a conexão com {extensionName}.",
    "gui.alerts.tryAgain": "Tente Novamente",
    "gui.alerts.download": "Baixar",
    "gui.connection.reconnect": "Reconectar",
    "gui.backpack.header": "Mochila",
    "gui.backpack.errorBackpack": "Erro ao carregar a mochila",
    "gui.backpack.loadingBackpack": "Carregando...",
    "gui.backpack.more": "Mais",
    "gui.backpack.emptyBackpack": "A mochila está vazia",
    "gui.unsupportedBrowser.label": "O navegador não é suportado",
    "gui.unsupportedBrowser.errorLabel": "Ocorreu um Erro",
    "gui.unsupportedBrowser.notRecommended": "Sentimos muito, mas parece que você está utilizando uma versão de navegador não suportada pelo Scratch. Nós recomendamos a atualização para a versão mais recente de um navegador como o Google Chrome, Mozilla Firefox, Microsoft Edge ou Safari. ",
    "gui.unsupportedBrowser.description": "Sentimos muito, mas o Scratch não suporta este navegador. Nós recomendamos a atualização para a versão mais recente de um navegador como o Google Chrome, Mozilla Firefox, Microsoft Edge ou Safari. ",
    "gui.unsupportedBrowser.back": "Voltar",
    "gui.unsupportedBrowser.previewfaq": "Para aprender mais, vá para {previewFaqLink}.",
    "gui.unsupportedBrowser.previewfaqlinktext": "FAQ",
    "gui.cameraModal.cameraModalTitle": "Tirar uma Foto",
    "gui.cameraModal.loadingCameraMessage": "Carregando a Câmera...",
    "gui.cameraModal.permissionRequest": "Nós precisamos da sua permissão para usar sua câmera",
    "gui.cameraModal.retakePhoto": "Retomar a Foto ",
    "gui.cameraModal.save": "Salvar",
    "gui.cameraModal.takePhoto": "Tirar Foto",
    "gui.cameraModal.loadingCaption": "Carregando...",
    "gui.cameraModal.enableCameraCaption": "Habilitar Câmera",
    "gui.cards.all-tutorials": "Tutoriais",
    "gui.cards.shrink": "Reduzir",
    "gui.cards.expand": "Expandir",
    "gui.cards.close": "Fechar",
    "gui.cards.more-things-to-try": "Mais coisas para experimentar!",
    "gui.cards.see-more": "Veja mais",
    "gui.comingSoon.message1": "Não se preocupe, estamos trabalhando nisso {emoji}",
    "gui.comingSoon.message2": "Em Breve...",
    "gui.comingSoon.message3": "Estamos trabalhando nisso {emoji}",
    "gui.connection.auto-scanning.noPeripheralsFound": "Nenhum dispositivo encontrado",
    "gui.connection.auto-scanning.prescan": "Tenha seu dispositivo em mãos e então comece a busca.",
    "gui.connection.auto-scanning.pressbutton": "Pressione o botão no seu dispositivo.",
    "gui.connection.auto-scanning.start-search": "Inicie a Busca",
    "gui.connection.connecting-searchbutton": "Procurando...",
    "gui.connection.auto-scanning.try-again": "Tente novamente",
    "gui.connection.connected": "Conectado",
    "gui.connection.disconnect": "Desconectar",
    "gui.connection.go-to-editor": "Ir para o Editor",
    "gui.connection.connecting-cancelbutton": "Conectando...",
    "gui.connection.error.errorMessage": "Ooops! Parece que deu algo errado. ",
    "gui.connection.error.tryagainbutton": "Tente novamente",
    "gui.connection.error.helpbutton": "Ajuda",
    "gui.connection.peripheral-name-label": "Nome do dispositivo",
    "gui.connection.connect": "Conectar",
    "gui.connection.scanning.lookingforperipherals": "Procurando por dispositivos",
    "gui.connection.scanning.noPeripheralsFound": "Nenhum dispositivo encontrado",
    "gui.connection.scanning.instructions": "Selecione seu dispositivo na lista acima.",
    "gui.connection.search": "Atualizar",
    "gui.connection.unavailable.installscratchlink": "Confirme que o Scratch Link está instalado e funcionando ",
    "gui.connection.unavailable.enablebluetooth": "Verifique se o Bluetooth está ligado",
    "gui.connection.unavailable.tryagainbutton": "Tente novamente",
    "gui.connection.unavailable.helpbutton": "Ajuda",
    "gui.controls.go": "Ir",
    "gui.controls.stop": "Pare",
    "gui.crashMessage.label": "Ooops! Algo deu errado.",
    "gui.crashMessage.description": "Parece que o Scratch parou de funcionar. Este erro foi automaticamente reportado para a Equipe Scratch . Atualize sua página para tentar novamente.",
    "gui.crashMessage.errorNumber": "Seu erro foi registrado com o ID {errorId}",
    "gui.crashMessage.reload": "Recarregue",
    "gui.customProcedures.myblockModalTitle": "Criar um Bloco",
    "gui.customProcedures.addAnInputNumberText": "Adicionar uma entrada",
    "gui.customProcedures.numberTextType": "número ou texto",
    "gui.customProcedures.addAnInputBoolean": "Adicionar uma entrada",
    "gui.customProcedures.booleanType": "booleano",
    "gui.customProcedures.addALabel": "Adicionar um rótulo",
    "gui.customProcedures.runWithoutScreenRefresh": "Executar sem atualização de tela",
    "gui.customProcedures.cancel": "Cancelar",
    "gui.customProcedures.ok": "OK",
    "gui.SpriteInfo.direction": "Direção",
    "gui.directionPicker.rotationStyles.allAround": "Rotação Completa",
    "gui.directionPicker.rotationStyles.leftRight": "Esquerda/Direita",
    "gui.directionPicker.rotationStyles.dontRotate": "Não gire",
    "gui.gui.addExtension": "Adicionar uma Extensão",
    "gui.gui.codeTab": "Código",
    "gui.gui.backdropsTab": "Cenários",
    "gui.gui.costumesTab": "Fantasias",
    "gui.gui.soundsTab": "Sons",
    "gui.extensionLibrary.comingSoon": "Em Breve ",
    "gui.extensionLibrary.requires": "Requer",
    "gui.extensionLibrary.collaboration": "Em colaboração com",
    "gui.library.filterPlaceholder": "Buscar",
    "gui.library.allTag": "Tudo",
    "gui.loader.message1": "Criando blocos...",
    "gui.loader.message2": "Carregando atores...",
    "gui.loader.message3": "Carregando sons...",
    "gui.loader.message4": "Carregando extensões...",
    "gui.loader.message5": "Reunindo a gataria...",
    "gui.loader.message6": "Transmitindo nanos...",
    "gui.loader.message7": "Inflando gobos...",
    "gui.loader.message8": "Preparando emojis...",
    "gui.loader.headline": "Carregando Projeto",
    "gui.loader.creating": "Criando Projeto",
    "gui.accountMenu.profile": "Perfil",
    "gui.accountMenu.myStuff": "Minhas Criações",
    "gui.accountMenu.myClasses": "Minhas Aulas",
    "gui.accountMenu.myClass": "Minha turma",
    "gui.accountMenu.accountSettings": "Configurações de conta",
    "gui.accountMenu.signOut": "Sair",
    "gui.authorInfo.byUser": "por {username}",
    "gui.menuBar.seeProjectPage": "Veja a Página do Projeto",
    "general.username": "Nome de usuário",
    "general.password": "Senha",
    "general.signIn": "Entrar",
    "login.needHelp": "Precisa de ajuda?",
    "form.validationRequired": "Este campo é obrigatório",
    "gui.menuBar.LanguageSelector": "Seletor de idioma",
    "gui.menuBar.tutorialsLibrary": "Tutoriais",
    "gui.menuBar.restoreSprite": "Restaurar Ator",
    "gui.menuBar.restoreSound": "Restaurar Som",
    "gui.menuBar.restoreCostume": "Restaurar a Fantasia",
    "gui.menuBar.restore": "Restaurar",
    "gui.menuBar.saveNow": "Salvar agora",
    "gui.menuBar.saveAsCopy": "Salvar como cópia",
    "gui.menuBar.remix": "Remix",
    "gui.menuBar.new": "Novo",
    "gui.menuBar.file": "Arquivo",
    "gui.menuBar.downloadToComputer": "Baixar para o seu computador",
    "gui.menuBar.edit": "Editar",
    "gui.menuBar.turboModeOff": "Desligar o Modo Turbo",
    "gui.menuBar.turboModeOn": "Ligar Modo Turbo",
    "gui.menuBar.joinScratch": "Inscreva-se",
    "gui.menuBar.signIn": "Entrar",
    "gui.gui.projectTitlePlaceholder": "Título do projeto",
    "gui.menuBar.saveNowLink": "Salvar agora",
    "gui.menuBar.isShared": "Compartilhado",
    "gui.menuBar.share": "Compartilhar",
    "gui.modal.help": "Ajuda",
    "gui.modal.back": "Voltar",
    "gui.monitor.listMonitor.empty": "(vazio)",
    "gui.monitor.listMonitor.listLength": "Comprimento {length}",
    "gui.monitor.contextMenu.default": "letras tamanho normal",
    "gui.monitor.contextMenu.large": "letras grandes",
    "gui.monitor.contextMenu.slider": "controle deslizante",
    "gui.monitor.contextMenu.sliderRange": "mudar alcance deslizante",
    "gui.monitor.contextMenu.import": "importar",
    "gui.monitor.contextMenu.export": "Exportar",
    "gui.playButton.play": "Tocar",
    "gui.playButton.stop": "Pare",
    "gui.gui.variableScopeOptionAllSprites": "Para todos os atores",
    "gui.gui.variableScopeOptionSpriteOnly": "Apenas para este ator",
    "gui.gui.cloudVariableOption": "Variável na nuvem (armazenada no servidor)",
    "gui.gui.variablePromptAllSpritesMessage": "Esta variável ficará disponível para todos os atores.",
    "gui.prompt.cancel": "Cancelar",
    "gui.prompt.ok": "OK",
    "gui.playbackStep.stopMsg": "Parar",
    "gui.playbackStep.playMsg": "Tocar",
    "gui.playbackStep.loadingMsg": "Carregando...",
    "gui.playbackStep.saveMsg": "Salvar",
    "gui.playbackStep.reRecordMsg": "Regravar",
    "gui.recordModal.title": "Gravar Som",
    "gui.recordingStep.beginRecord": "Comece a gravação clicando no botão abaixo",
    "gui.recordingStep.permission": "{arrow}Precisamos da sua permissão para usar seu microfone",
    "gui.recordingStep.stop": "Parar gravação",
    "gui.recordingStep.record": "Gravar",
    "gui.sliderModal.min": "Valor mínimo",
    "gui.sliderModal.max": "Valor máximo",
    "gui.sliderModal.title": "Mudar alcance deslizante",
    "gui.sliderPrompt.cancel": "Cancelar",
    "gui.sliderPrompt.ok": "OK",
    "gui.soundEditor.sound": "Som",
    "gui.soundEditor.play": "Jogar",
    "gui.soundEditor.stop": "Parar",
    "gui.soundEditor.copy": "Copiar",
    "gui.soundEditor.paste": "Colar",
    "gui.soundEditor.copyToNew": "Copiar como novo",
    "gui.soundEditor.delete": "Apagar",
    "gui.soundEditor.save": "Salvar",
    "gui.soundEditor.undo": "Desfazer",
    "gui.soundEditor.redo": "Refazer",
    "gui.soundEditor.faster": "Mais Rápido",
    "gui.soundEditor.slower": "Mais Devagar",
    "gui.soundEditor.echo": "Eco",
    "gui.soundEditor.robot": "Robô",
    "gui.soundEditor.louder": "Mais Alto",
    "gui.soundEditor.softer": "Mais Baixo",
    "gui.soundEditor.reverse": "Inverter",
    "gui.soundEditor.fadeOut": "Desaparecer",
    "gui.soundEditor.fadeIn": "Aparecer",
    "gui.soundEditor.mute": "Silenciar",
    "gui.SpriteInfo.spritePlaceholder": "Nome",
    "gui.SpriteInfo.sprite": "Ator",
    "gui.SpriteInfo.show": "Mostrar",
    "gui.SpriteInfo.size": "Tamanho",
    "gui.spriteSelectorItem.contextMenuDuplicate": "Duplicar",
    "gui.spriteSelectorItem.contextMenuExport": "Exportar",
    "gui.spriteSelectorItem.contextMenuDelete": "Apagar",
    "gui.spriteSelector.addSpriteFromLibrary": "Selecione um Ator",
    "gui.spriteSelector.addSpriteFromPaint": "Pintar",
    "gui.spriteSelector.addSpriteFromSurprise": "Surpresa",
    "gui.spriteSelector.addSpriteFromFile": "Enviar Ator",
    "gui.stageHeader.stageSizeLarge": "Mudar para um palco maior",
    "gui.stageHeader.stageSizeSmall": "Mude para um palco pequeno",
    "gui.stageHeader.stageSizeFull": "Entrar no modo de tela cheia",
    "gui.stageHeader.stageSizeUnFull": "Sair do modo de tela cheia",
    "gui.stageHeader.fullscreenControl": "Controle de Tela Cheia",
    "gui.spriteSelector.addBackdropFromLibrary": "Selecionar Cenário",
    "gui.stageSelector.addBackdropFromPaint": "Pintar",
    "gui.stageSelector.addBackdropFromSurprise": "Surpresa",
    "gui.stageSelector.addBackdropFromFile": "Carregar Cenário",
    "gui.stageSelector.stage": "Palco",
    "gui.stageSelector.backdrops": "Cenários",
    "gui.telemetryOptIn.label": "Reporte estatísticas para melhorar o Scratch",
    "gui.telemetryOptIn.body1": "A equipe do Scratch está sempre buscando entender melhor como o Scratch é usado ao redor do mundo. Para ajudá-la nesse sentido, você pode permitir que o Scratch envie, automaticamente, informações de seu uso para a equipe do Scratch.",
    "gui.telemetryOptIn.body2": "A informação que coletamos inclui seleção de idioma, blocos utilizados, e alguns eventos como salvar, carregar e fazer o upload de um projeto. Nós NÃO coletamos nenhuma informação pessoal. Por favor, veja nossa {privacyPolicyLink} para mais informação.",
    "gui.telemetryOptIn.privacyPolicyLink": "Política de Privacidade",
    "gui.telemetryOptIn.buttonTextNo": "Não, obrigado. ",
    "gui.telemetryOptIn.buttonTooltipNo": "Desativar telemetria. ",
    "gui.telemetryOptIn.buttonTextYes": "Sim, eu gostaria de ajudar a melhor o Scratch",
    "gui.telemetryOptIn.buttonTooltipYes": "Ativar telemetria",
    "gui.turboMode.active": "Modo Turbo",
    "gui.webglModal.label": "Seu navegador não suporta WebGL",
    "gui.webglModal.description": "Infelizmente seu navegador ou computador, {webGlLink}. Esta tecnologia é necessária para executar o Scratch 3.0.",
    "gui.webglModal.webgllink": "não suporta WebGL",
    "gui.webglModal.back": "Voltar",
    "gui.webglModal.previewfaq": "Para aprender mais, vá para {previewFaqLink}.",
    "gui.webglModal.previewfaqlinktext": "FAQ",
    "gui.costumeLibrary.chooseABackdrop": "Selecionar Cenário",
    "gui.costumeLibrary.chooseACostume": "Escolher Fantasia",
    "gui.costumeTab.addBackdropFromLibrary": "Selecionar Cenário",
    "gui.costumeTab.addCostumeFromLibrary": "Escolher Fantasia",
    "gui.costumeTab.addBlankCostume": "Pintar",
    "gui.costumeTab.addSurpriseCostume": "Surpresa",
    "gui.costumeTab.addFileBackdrop": "Carregar Cenário",
    "gui.costumeTab.addFileCostume": "Carregar Fantasia",
    "gui.costumeTab.addCameraCostume": "Câmera",
    "gui.extensionLibrary.chooseAnExtension": "Escolha uma Extensão",
    "gui.extensionLibrary.extensionUrl": "Insira o URL para a extensão",
    "gui.monitors.importListColumnPrompt": "Qual coluna deveria ser utilizada (1-{numberOfColumns})?",
    "gui.recordingStep.alertMsg": "Não conseguiu iniciar a gravação",
    "gui.projectLoader.loadError": "O arquivo do projeto selecionado falhou ao carregar. ",
    "gui.soundLibrary.chooseASound": "Selecione um Som",
    "gui.soundTab.fileUploadSound": "Carregar Som",
    "gui.soundTab.surpriseSound": "Surpresa",
    "gui.soundTab.recordSound": "Gravar",
    "gui.soundTab.addSoundFromLibrary": "Selecionar um Som",
    "gui.spriteLibrary.chooseASprite": "Selecione um Ator",
    "gui.tipsLibrary.tutorials": "Escolher um tutorial",
    "gui.alerts.createsuccess": "Novo projeto criado.",
    "gui.alerts.createcopysuccess": "Projeto salvo como cópia.",
    "gui.alerts.createremixsuccess": "Projeto salvo como remix.",
    "gui.alerts.creating": "Criando novo...",
    "gui.alerts.creatingCopy": "Copiando projeto...",
    "gui.alerts.creatingRemix": "Remixando projeto...",
    "gui.alerts.creatingError": "Não foi possível criar o projeto. Por favor, tente novamente!",
    "gui.alerts.savingError": "Projeto não pode ser salvo.",
    "gui.alerts.savesuccess": "Projeto salvo.",
    "gui.alerts.saving": "Salvando projeto...",
    "gui.alerts.cloudInfo": "Por favor, note que as variáveis em nuvem suportam apenas números, não letras ou símbolos. {learnMoreLink}",
    "gui.alerts.cloudInfoLearnMore": "Aprenda mais. ",
    "gui.alerts.importing": "Importando...",
    "gui.defaultProject.meow": "Miau",
    "gui.defaultProject.variable": "minha variável",
    "gui.howtos.intro-move-sayhello-hat.name": "Primeiros Passos",
    "gui.howtos.intro-move.step_stepMove": "Adicione um bloco de movimento",
    "gui.howtos.add-a-move-block.step_stepMoveSayHello": "Clique na bandeira verde para iniciar",
    "gui.howtos.imagine": "Imagine um Mundo",
    "gui.howtos.imagine.step_imagineTypeWhatYouWant": "Digite o que Quer Dizer",
    "gui.howtos.imagine.step_imagineClickGreenFlag": "Clique a Bandeira Verde para Começar",
    "gui.howtos.imagine.step_imagineChooseBackdrop": "Escolha Qualquer Pano de Fundo",
    "gui.howtos.imagine.step_imagineChooseSprite": "Escolha Qualquer Ator",
    "gui.howtos.imagine.step_imagineFlyAround": "Pressione Espaço para Deslizar",
    "gui.howtos.imagine.step_imagineChooseAnotherSprite": "Escolha Outro Ator",
    "gui.howtos.imagine.step_imagineLeftRight": "Mexa-se da Esquerda para a Direita",
    "gui.howtos.imagine.step_imagineUpDown": "Mexa-se de Cima para Baixo",
    "gui.howtos.imagine.step_imagineChangeCostumes": "Mude de Fantasia",
    "gui.howtos.imagine.step_imagineGlideToPoint": "Deslize até um Ponto",
    "gui.howtos.imagine.step_imagineGrowShrink": "Aumente ou diminua",
    "gui.howtos.imagine.step_imagineChooseAnotherBackdrop": "Escolher Outro Cenário",
    "gui.howtos.imagine.step_imagineSwitchBackdrops": "Trocar Cenário",
    "gui.howtos.imagine.step_imagineRecordASound": "Adicionar um som",
    "gui.howtos.imagine.step_imagineChooseSound": "Escolha Seu Som",
    "gui.howtos.code-cartoon": "Programe uma Animação",
    "gui.howtos.code-cartoon.step_codeCartoonSaySomething": "Diga Algo Quando Clicar na Bandeira Verde",
    "gui.howtos.code-cartoon.step_codeCartoonAnimate": "Anime um Personagem Quando Clicar Nele",
    "gui.howtos.code-cartoon.step_codeCartoonSelectDifferentCharacter": "Selecione Outro Personagem",
    "gui.howtos.code-cartoon.step_codeCartoonUseMinusSign": "Use o Sinal de Menos para Ficar Menor",
    "gui.howtos.code-cartoon.step_codeCartoonGrowShrink": "Faça um Personagem Crescer e Diminuir",
    "gui.howtos.code-cartoon.step_codeCartoonSelectDifferentCharacter2": "Selecione Outro Personagem",
    "gui.howtos.code-cartoon.step_codeCartoonJump": "Pule",
    "gui.howtos.code-cartoon.step_codeCartoonChangeScenes": "Clique em um Personagem para Mudar de Cena",
    "gui.howtos.code-cartoon.step_codeCartoonGlideAround": "Deslize Por Aí",
    "gui.howtos.code-cartoon.step_codeCartoonChangeCostumes": "Mude de Fantasia",
    "gui.howtos.code-cartoon.step_codeCartoonChooseMoreCharacters": "Escolha Mais Personagens para Adicionar à sua Animação",
    "gui.howtos.say-it-out-loud": "Crie Animações que falam",
    "gui.howtos.say-it-out-loud.step_AddTXTextension": "Adicione o Texto para os blocos de Fala",
    "gui.howtos.say-it-out-loud.step_TXTSpeech": "Diga Algo",
    "gui.howtos.say-it-out-loud_TXTSetVoice": "Definir uma Voz",
    "gui.howtos.say-it-out-loud.step_TXTMove": "Mova Por Aí",
    "gui.howtos.say-it-out-loud.step_TXTBackdrop": "Adicione um Cenário",
    "gui.howtos.say-it-out-loud.step_TXTAddSprite": "Adicione Outro Personagem",
    "gui.howtos.say-it-out-loud.step_TXTSong": "Cante uma Música",
    "gui.howtos.say-it-out-loud.step_TXTColor": "Mude a Cor",
    "gui.howtos.say-it-out-loud.step_TXTSpin": "Gire",
    "gui.howtos.say-it-out-loud.step_TXTGrow": "Aumente ou diminua",
    "gui.howtos.talking": "Contando Histórias",
    "gui.howtos.talking.step_talesAddExtension": "Clique para Adicionar Blocos de Texto-para-Fala",
    "gui.howtos.talking.step_talesChooseSprite": "Selecione um Ator",
    "gui.howtos.talking.step_talesSaySomething": "Faça um Personagem Falar",
    "gui.howtos.talking.step_talesChooseBackdrop": "Selecionar Cenário",
    "gui.howtos.talking.step_talesSwitchBackdrop": "Clique em um Personagem para Ir ao Próximo Pano de Fundo",
    "gui.howtos.talking.step_talesChooseAnotherSprite": "Escolha Outro Ator",
    "gui.howtos.talking.step_talesMoveAround": "Mova Por Aí",
    "gui.howtos.talking.step_talesChooseAnotherBackdrop": "Escolher Outro Cenário",
    "gui.howtos.talking.step_talesAnimateTalking": "Anime uma Fala",
    "gui.howtos.talking.step_talesChooseThirdBackdrop": "Escolher Outro Cenário",
    "gui.howtos.talking.step_talesChooseSound": "Escolha uma Música e Dance",
    "gui.howtos.talking.step_talesDanceMoves": "Passos de Dança",
    "gui.howtos.talking.step_talesAskAnswer": "Pegue os Blocos de Pergunta e Resposta da Categoria Sensores",
    "gui.howtos.animate-a-name.name": "Anime um Nome",
    "gui.howtos.animate-a-name.step_AnimatePickLetter": "Escolha um Ator Letra",
    "gui.howtos.animate-a-name.step_AnimatePlaySound": "Toque uma Música Quando Clicado",
    "gui.howtos.animate-a-name.step_AnimatePickLetter2": "Escolha Outro Ator Letra",
    "gui.howtos.animate-a-name.step_AnimateChangeColor": "Mude cor",
    "gui.howtos.animate-a-name.step_AnimateSpin": "Escolha Outro Ator Letra & Faça-o Girar",
    "gui.howtos.animate-a-name.step_AnimateGrow": "Escolha outro Ator Letra & Faça-o Crescer",
    "gui.howtos.make-music.name": "Faça Música",
    "gui.howtos.Make-Music.step_PickInstrument": "Escolha um Ator Instrumento",
    "gui.howtos.Make-Music.step_PlaySoundClick": "Toque Um Som Quando Clicado",
    "gui.howtos.Make-Music.step_MakeSong": "Crie uma Canção",
    "gui.howtos.make-music.step_MakeBeat": "Escolha um Tambor & Faça uma Batida",
    "gui.howtos.make-music.step_MakeBeatBox": "Selecione o Ator Microfone & Beatbox Surpresa",
    "gui.howtos.story.name": "Crie uma História",
    "gui.howtos.story.step_addbg": "Adicione um Cenário",
    "gui.howtos.story.step_addsprite": "Adicione um Personagem",
    "gui.howtos.story.step_saysomething": "Diga Algo",
    "gui.howtos.story.step_addanothersprite": "Adicione Outro Personagem",
    "gui.howtos.story.step_flip": "Mude a Direção",
    "gui.howtos.story.step_conversation": "Crie um Diálogo",
    "gui.howtos.story.addanotherbg": "Adicione Outro Cenário",
    "gui.howtos.story.step_swithbg": "Trocar Cenário",
    "gui.howtos.story.step_hidewizard": "Esconda um Personagem",
    "gui.howtos.story.step_showwizard": "Mostre um Personagem",
    "gui.howtos.make-a-chase-game.name": "Faça um Jogo de Perseguição",
    "gui.howtos.Chase-Game.step_BG": "Adicione um Cenário",
    "gui.howtos.chase-game.step_AddOcto": "Adicione um Ator",
    "gui.howtos.make-music.step_LeftRight": "Mova para a Direita & Esquerda com as Setas do Teclado",
    "gui.howtos.Chase-Game.step_UpDown": "Mova para Cima & para Baixo com as Setas do Teclado",
    "gui.howtos.Chase-Game.step_AddStar": "Adicione Outro Ator",
    "gui.howtos.Chase-Game.step_MoveRandom": "Mova Aleatoriamente",
    "gui.howtos.Chase-Game.step_WhenTouch": "Quando Tocar no Ator Polvo, Toque o Som",
    "gui.howtos.Chase-Game.step_ScoreVariable": "Crie uma Variável de Pontuação",
    "gui.howtos.Chase-Game.ScoreWhenTouch": "Quando Tocar no Ator Polvo, Adicione a Pontuação",
    "gui.howtos.animate-char.name": "Anime um Ator",
    "gui.howtos.animate-char.step_addbg": "Adicione um Cenário",
    "gui.howtos.animate-char.step_addsprite": "Adicione um Ator",
    "gui.howtos.animate-char.step_saysomething": "Diga Algo",
    "gui.howtos.animate-char.step_addsound": "Adicione Som",
    "gui.howtos.animate-char.step_animatetalking": "Anime uma Fala",
    "gui.howtos.animate-char.step_arrowkeys": "Mova Usando as Setas",
    "gui.howtos.animate-char.step_jump": "Pular",
    "gui.howtos.animate-char.step_changecolor": "Mude a Cor",
    "gui.howtos.make-a-game.name": "Faça um Jogo de Clicar",
    "gui.howtos.Make-A-Game.step_GamePickSprite": "Escolha Um Ator",
    "gui.howtos.make-a-game.step_GamePlaySound": "Toque Um Som Quando Clicado",
    "gui.howtos.make-a-game.step_GameAddScore": "Crie uma Variável de Pontuação",
    "gui.howtos.make-a-game.step_GameChangeScore": "Quando Clicado, Aumentar a Pontuação",
    "gui.howtos.make-a-game.step_Random": "Vá para posição aleatória",
    "gui.howtos.make-music.step_GameChangeColor": "Mude a Cor",
    "gui.howtos.make-music.step_ResetScore": "Reinicie a Pontuação",
    "gui.howtos.make-it-fly.name": "Faça Algo Voar",
    "gui.howtos.fly.step_stepflyChooseBackdrop": "Escolha um Fundo para o Céu",
    "gui.howtos.add-a-move-block.step_stepflyChooseCharacter": "Escolha um personagem",
    "gui.howtos.fly.step_stepflySaySomething": "Diga Algo",
    "gui.howtos.add-a-move-block.step_stepflyMoveArrows": "Mova Usando as Setas do Teclado",
    "gui.howtos.fly.step_stepflyChooseObject": "Escolha um Objeto para Coletar",
    "gui.howtos.add-a-move-block.step_stepflyFlyingObject": "Escolha um Objeto para se Mover",
    "gui.howtos.add-a-move-block.step_stepflySelectFlyingSprite": "Selecione seu Personagem",
    "gui.howtos.add-a-move-block.step_stepflyAddScore": "Adicione Pontuação",
    "gui.howtos.add-a-move-block.step_stepflyKeepScore": "Mantenha Pontuação",
    "gui.howtos.add-a-move-block.step_stepflyAddScenery": "Adicionar Cenário",
    "gui.howtos.add-a-move-block.step_stepflyMoveScenery": "Mova o Cenário",
    "gui.howtos.add-a-move-block.step_stepflySwitchLooks": "Próxima Fantasia",
    "gui.howtos.pong": "Jogo tipo Pong",
    "gui.howtos.pong.step_pongAddBackdrop": "Adicione um Cenário",
    "gui.howtos.pong.step_pongAddBallSprite": "Adicione uma Bola",
    "gui.howtos.pong.step_pongBounceAround": "Pule por Aí",
    "gui.howtos.pong.step_pongAddPaddle": "Adicione uma Raquete",
    "gui.howtos.pong.step_pongMoveThePaddle": "Mova a Raquete",
    "gui.howtos.pong.step_pongSelectBallSprite": "Selecione o Ator da Bola",
    "gui.howtos.pong.step_pongAddMoreCodeToBall": "Adicione Código para Fazer a Bola Quicar da Raquete",
    "gui.howtos.pong.step_pongAddAScore": "Adicione Pontuação",
    "gui.howtos.pong.step_pongChooseScoreFromMenu": "Escolha \"Pontuação\" do Menu",
    "gui.howtos.pong.step_pongInsertChangeScoreBlock": "Insira o Bloco \"Adicione à Pontuação\"",
    "gui.howtos.pong.step_pongResetScore": "Reinicie a Pontuação",
    "gui.howtos.pong.step_pongAddLineSprite": "Adicione uma Linha",
    "gui.howtos.pong.step_pongGameOver": "Fim de Jogo",
    "gui.howtos.cartoon-network": "Anime um Jogo de Aventura",
    "gui.howtos.cartoon-network.step_CNcharacter": "Escolha um personagem para mostrar",
    "gui.howtos.cartoon-network.step_CNsay": "Diga Algo",
    "gui.howtos.cartoon-network.step_CNglide": "Deslize Por Aí",
    "gui.howtos.cartoon-network.step_CNpicksprite": "Escolha um Objeto para Perseguir",
    "gui.howtos.cartoon-network.step_CNcollect": "Colete Objetos",
    "gui.howtos.cartoon-network.step_CNvariable": "Crie uma Variável de Pontuação",
    "gui.howtos.cartoon-network.step_CNscore": "Mantenha Pontuação",
    "gui.howtos.cartoon-network.step_CNbackdrop": "Subiu de Nível: Altere o Cenário",
    "gui.howtos.videosens.name": "Detecção de Vídeo",
    "gui.howtos.videosens.step_addextension": "Adicionar uma Extensão",
    "gui.howtos.videosens.step_pet": "Faça Carinho no Gato",
    "gui.howtos.videosens.step_animate": "Animar",
    "gui.howtos.videosens.step_pop": "Estoure o Balão",
    "gui.howtos.add-sprite.name": "Adicione um Ator",
    "gui.howtos.add-sprite.step_addSprite": "Adicione um Ator",
    "gui.howtos.add-a-backdrop.name": "Adicione um Cenário",
    "gui.howtos.add-a-backdrop.step_addBackdrop": "Adicione um Cenário",
    "gui.howtos.change-size.name": "Mude o Tamanho",
    "gui.howtos.change-size.step_changeSize": "Mude o Tamanho",
    "gui.howtos.glide-around.name": "Deslize Por Aí",
    "gui.howtos.change-size.step_glideAroundBackAndForth": "Deslize Por Aí",
    "gui.howtos.change-size.step_glideAroundPoint": "Deslize até um Ponto",
    "gui.howtos.record-a-sound.name": "Grave um Som",
    "gui.howtos.change-size.step_recordASoundSoundsTab": "Clique na Aba \"Sons\"",
    "gui.howtos.change-size.step_recordASoundClickRecord": "Clique em 'Gravar'",
    "gui.howtos.change-size.step_recordASoundPressRecordButton": "Pressione o botão Gravar",
    "gui.howtos.change-size.step_recordASoundChooseSound": "Escolha Seu Som",
    "gui.howtos.change-size.step_recordASoundPlayYourSound": "Toque Seu Som",
    "gui.howtos.spin-video.name": "Faça-o girar",
    "gui.howtos.change-size.step_spinTurn": "Vire",
    "gui.howtos.change-size.step_spinPointInDirection": "Mude a Direção",
    "gui.howtos.hide-and-show.name": "Esconde-Esconde",
    "gui.howtos.change-size.step_hideAndShow": "Esconde-Esconde",
    "gui.howtos.switch-costume.name": "Anime um Ator",
    "gui.howtos.change-size.step_switchCostumes": "Anime um Ator",
    "gui.howtos.move-around-with-arrow-keys.name": "Use as Setas do Teclado",
    "gui.howtos.add-a-backdrop.step_moveArrowKeysLeftRight": "Mova para a esquerda e para a direita",
    "gui.howtos.add-a-backdrop.step_moveArrowKeysUpDown": "Mova para cima e para baixo",
    "gui.howtos.add-effects.name": "Adicionar Efeitos",
    "gui.howtos.videosens.step_addEffects": "Adicionar Efeitos",
    "gui.extension.music.name": "Música",
    "gui.extension.music.description": "Toque instrumentos e tambores.",
    "gui.extension.pen.name": "Caneta",
    "gui.extension.pen.description": "Desenhe com os seus atores.",
    "gui.extension.videosensing.name": "Detecção de Vídeo",
    "gui.extension.videosensing.description": "Detecte movimento com a câmera.",
    "gui.extension.text2speech.name": "Texto para Fala",
    "gui.extension.text2speech.description": "Faça seus projetos falarem",
    "gui.extension.translate.name": "Traduzir",
    "gui.extension.translate.description": "Traduza texto para várias línguas.",
    "gui.extension.makeymakey.description": "Transforme tudo em uma tecla.",
    "gui.extension.microbit.description": "Conecte seus projetos ao mundo.",
    "gui.extension.microbit.connectingMessage": "Conectando",
    "gui.extension.ev3.description": "Construa robôs e outras coisas interativas.",
    "gui.extension.ev3.connectingMessage": "Conectando. Garanta que o pin no seu EV3 esteja configurado para 1234.",
    "gui.extension.boost.description": "Trazer criações robóticas para a vida",
    "gui.extension.boost.connectingMessage": "Conectando",
    "gui.extension.wedo2.description": "Crie com motores e sensores.",
    "gui.extension.wedo2.connectingMessage": "Conectando",
    "gui.extension.gdxfor.description": "Detecte se empurrar, puxar, movimentos e giros.",
    "gui.extension.gdxfor.connectingMessage": "Conectando",
    "gui.libraryTags.all": "Tudo",
    "gui.libraryTags.animals": "Animais",
    "gui.libraryTags.dance": "Dança",
    "gui.libraryTags.effects": "Efeitos",
    "gui.libraryTags.fantasy": "Imaginários",
    "gui.libraryTags.fashion": "Moda",
    "gui.libraryTags.food": "Comida",
    "gui.libraryTags.indoors": "Interior",
    "gui.libraryTags.loops": "Loops",
    "gui.libraryTags.music": "Música",
    "gui.libraryTags.notes": "Notas",
    "gui.libraryTags.outdoors": "Exterior",
    "gui.libraryTags.patterns": "Padrões",
    "gui.libraryTags.people": "Pessoas",
    "gui.libraryTags.percussion": "Percussão",
    "gui.libraryTags.space": "Espaço",
    "gui.libraryTags.sports": "Esportes",
    "gui.libraryTags.underwater": "Embaixo d'água",
    "gui.libraryTags.voice": "Voz",
    "gui.libraryTags.wacky": "Maluco",
    "gui.libraryTags.animation": "Animações",
    "gui.libraryTags.art": "Arte",
    "gui.libraryTags.games": "Jogos",
    "gui.libraryTags.stories": "Histórias",
    "gui.libraryTags.letters": "Letras",
    "gui.opcodeLabels.direction": "direção",
    "gui.opcodeLabels.xposition": "posição x",
    "gui.opcodeLabels.yposition": "posição y",
    "gui.opcodeLabels.size": "tamanho",
    "gui.opcodeLabels.costumename": "nome da fantasia",
    "gui.opcodeLabels.costumenumber": "número da fantasia",
    "gui.opcodeLabels.backdropname": "nome do cenário",
    "gui.opcodeLabels.backdropnumber": "cenário número",
    "gui.opcodeLabels.volume": "volume",
    "gui.opcodeLabels.tempo": "ritmo",
    "gui.opcodeLabels.answer": "resposta",
    "gui.opcodeLabels.loudness": "nível de ruído",
    "gui.opcodeLabels.username": "nome de usuário",
    "gui.opcodeLabels.year": "ano",
    "gui.opcodeLabels.month": "mês",
    "gui.opcodeLabels.date": "data",
    "gui.opcodeLabels.dayofweek": "dia da semana",
    "gui.opcodeLabels.hour": "hora",
    "gui.opcodeLabels.minute": "minuto",
    "gui.opcodeLabels.second": "segundo",
    "gui.opcodeLabels.timer": "cronômetro",
    "gui.sharedMessages.backdrop": "cenário{index}",
    "gui.sharedMessages.costume": "fantasia{index}",
    "gui.sharedMessages.sprite": "Ator{index}",
    "gui.sharedMessages.pop": "saltar",
    "gui.sharedMessages.replaceProjectWarning": "Substituir conteúdos do projeto atual?",
    "gui.sharedMessages.loadFromComputerTitle": "Carregar do seu computador",
    "gui.gui.defaultProjectTitle": "Projeto Scratch"
}