{
    "gui.alerts.lostPeripheralConnection": "O Scratch perdeu a ligação a {extensionName}.",
    "gui.alerts.tryAgain": "Tentar de Novo",
    "gui.alerts.download": "Descarregar",
    "gui.connection.reconnect": "Voltar a Ligar",
    "gui.backpack.header": "Mochila",
    "gui.backpack.errorBackpack": "Erro ao carregar a mochila",
    "gui.backpack.loadingBackpack": "Carregando…",
    "gui.backpack.more": "Mais",
    "gui.backpack.emptyBackpack": "A mochila está vazia",
    "gui.unsupportedBrowser.label": "O navegador não é suportado",
    "gui.unsupportedBrowser.errorLabel": "Ocorreu um Erro",
    "gui.unsupportedBrowser.notRecommended": "Pedimos desculpa, mas parece que está a utilizar uma versão de navegador não suportada pelo Scratch. Recomendamos a actualização para a versão mais recente de um navegador suportado, tal como o Google Chrome, o Mozilla Firefox, o Microsoft Edge ou o Safari.",
    "gui.unsupportedBrowser.description": "Pedimos desculpa, mas o Scratch não suporta este navegador. Recomendamos a actualização para a versão mais recente de um navegador suportado, tal como o Google Chrome, o Mozilla Firefox, o Microsoft Edge ou o Safari.",
    "gui.unsupportedBrowser.back": "Voltar",
    "gui.unsupportedBrowser.previewfaq": "Para saber mais, vá a {previewFaqLink}.",
    "gui.unsupportedBrowser.previewfaqlinktext": "PF",
    "gui.cameraModal.cameraModalTitle": "Tirar uma Fotografia",
    "gui.cameraModal.loadingCameraMessage": "Carregando a Câmara…",
    "gui.cameraModal.permissionRequest": "Precisamos da sua permissão para usar a sua câmara",
    "gui.cameraModal.retakePhoto": "Tirar Fotografia de Novo",
    "gui.cameraModal.save": "Guardar",
    "gui.cameraModal.takePhoto": "Tirar Fotografia",
    "gui.cameraModal.loadingCaption": "Carregando…",
    "gui.cameraModal.enableCameraCaption": "Activar a Câmara",
    "gui.cards.all-tutorials": "Tutoriais",
    "gui.cards.shrink": "Shrink",
    "gui.cards.expand": "Expand",
    "gui.cards.close": "Fechar",
    "gui.cards.more-things-to-try": "Mais coisas a experimentar!",
    "gui.cards.see-more": "Ver mais",
    "gui.comingSoon.message1": "Não se preocupe, estamos a trabalhar afincadamente nisto {emoji}",
    "gui.comingSoon.message2": "Em Breve...",
    "gui.comingSoon.message3": "Estamos a trabalhar afincadamente nisto {emoji}",
    "gui.connection.auto-scanning.noPeripheralsFound": "Não foram encontrados dispositivos",
    "gui.connection.auto-scanning.prescan": "Mantenha o seu dispositivo por perto, depois comece uma procura.",
    "gui.connection.auto-scanning.pressbutton": "Pressione o botão no seu dispositivo.",
    "gui.connection.auto-scanning.start-search": "Começar Procura",
    "gui.connection.connecting-searchbutton": "Procurando…",
    "gui.connection.auto-scanning.try-again": "Tentar de novo",
    "gui.connection.connected": "Ligado",
    "gui.connection.disconnect": "Desligar",
    "gui.connection.go-to-editor": "Ir para o Editor",
    "gui.connection.connecting-cancelbutton": "Ligando…",
    "gui.connection.error.errorMessage": "Ops, parece que algo correu mal.",
    "gui.connection.error.tryagainbutton": "Tentar de novo",
    "gui.connection.error.helpbutton": "Ajuda",
    "gui.connection.peripheral-name-label": "Nome do dispositivo",
    "gui.connection.connect": "Ligar",
    "gui.connection.scanning.lookingforperipherals": "Procurando dispositivos",
    "gui.connection.scanning.noPeripheralsFound": "Não foram encontrados dispositivos",
    "gui.connection.scanning.instructions": "Seleccione o seu dispositivo na lista abaixo.",
    "gui.connection.search": "Refrescar",
    "gui.connection.unavailable.installscratchlink": "Assegure-se de que tem o Scratch Link instalado e em execução",
    "gui.connection.unavailable.enablebluetooth": "Verifique se o Bluetooth está activo",
    "gui.connection.unavailable.tryagainbutton": "Tentar de novo",
    "gui.connection.unavailable.helpbutton": "Ajuda",
    "gui.controls.go": "Começar",
    "gui.controls.stop": "Parar",
    "gui.crashMessage.label": "Oh lá! Algo correu mal.",
    "gui.crashMessage.description": "Lamentamos, mas aparentemente o Scratch parou. Este erro foi reportado automaticamente à Equipa Scratch. Por favor refresque a sua página para tentar de novo.",
    "gui.crashMessage.errorNumber": "O seu erro foi registado com o identificador {errorId}",
    "gui.crashMessage.reload": "Recarregar",
    "gui.customProcedures.myblockModalTitle": "Criar um Bloco",
    "gui.customProcedures.addAnInputNumberText": "Adicionar uma entrada",
    "gui.customProcedures.numberTextType": "numérica ou textual",
    "gui.customProcedures.addAnInputBoolean": "Adicionar uma entrada",
    "gui.customProcedures.booleanType": "booleana",
    "gui.customProcedures.addALabel": "Adicionar uma etiqueta",
    "gui.customProcedures.runWithoutScreenRefresh": "Executar sem actualizar o ecrã",
    "gui.customProcedures.cancel": "Cancelar",
    "gui.customProcedures.ok": "OK",
    "gui.SpriteInfo.direction": "Direcção",
    "gui.directionPicker.rotationStyles.allAround": "Girar a Toda a Volta",
    "gui.directionPicker.rotationStyles.leftRight": "Olhar apenas para a esquerda e para a direita",
    "gui.directionPicker.rotationStyles.dontRotate": "Não rodar",
    "gui.gui.addExtension": "Adicionar Extensão",
    "gui.gui.codeTab": "Código",
    "gui.gui.backdropsTab": "Cenários",
    "gui.gui.costumesTab": "Trajes",
    "gui.gui.soundsTab": "Sons",
    "gui.extensionLibrary.comingSoon": "Em Breve",
    "gui.extensionLibrary.requires": "Requere",
    "gui.extensionLibrary.collaboration": "Colaboração com",
    "gui.library.filterPlaceholder": "Procurar",
    "gui.library.allTag": "Tudo",
    "gui.loader.message1": "A criar blocos …",
    "gui.loader.message2": "A carregar os actores …",
    "gui.loader.message3": "A carregar os sons …",
    "gui.loader.message4": "A carregar extensões …",
    "gui.loader.message5": "A apascentar gatos …",
    "gui.loader.message6": "A transmitir nanos …",
    "gui.loader.message7": "A soprar balões …",
    "gui.loader.message8": "A preparar emojis …",
    "gui.loader.headline": "A Carregar o Projecto",
    "gui.loader.creating": "Criando Projecto",
    "gui.accountMenu.profile": "Perfil",
    "gui.accountMenu.myStuff": "As Minhas Coisas",
    "gui.accountMenu.myClasses": "As Minhas Turmas",
    "gui.accountMenu.myClass": "A Minha Turma",
    "gui.accountMenu.accountSettings": "Configurações da conta",
    "gui.accountMenu.signOut": "Sair",
    "gui.authorInfo.byUser": "por {username}",
    "gui.menuBar.seeProjectPage": "Ver Página do Projecto",
    "general.username": "Nome de utilizador",
    "general.password": "Palavra-passe",
    "general.signIn": "Entrar",
    "login.needHelp": "Precisa de Ajuda?",
    "form.validationRequired": "Este campo é obrigatório",
    "gui.menuBar.LanguageSelector": "selector de língua",
    "gui.menuBar.tutorialsLibrary": "Tutoriais",
    "gui.menuBar.restoreSprite": "Recuperar Actor",
    "gui.menuBar.restoreSound": "Recuperar Som",
    "gui.menuBar.restoreCostume": "Recuperar Traje",
    "gui.menuBar.restore": "Recuperar",
    "gui.menuBar.saveNow": "Guardar agora",
    "gui.menuBar.saveAsCopy": "Guardar como cópia",
    "gui.menuBar.remix": "Remisturar",
    "gui.menuBar.new": "Novo",
    "gui.menuBar.file": "Arquivo",
    "gui.menuBar.downloadToComputer": "Descarregar para o seu computador",
    "gui.menuBar.edit": "Editar",
    "gui.menuBar.turboModeOff": "Desligar o Modo Turbo",
    "gui.menuBar.turboModeOn": "Ligar o Modo Turbo",
    "gui.menuBar.joinScratch": "Aderir ao Scratch",
    "gui.menuBar.signIn": "Entrar",
    "gui.gui.projectTitlePlaceholder": "Introduza aqui o título do projecto",
    "gui.menuBar.saveNowLink": "Guardar Agora",
    "gui.menuBar.isShared": "Partilhado",
    "gui.menuBar.share": "Partilhar",
    "gui.modal.help": "Ajuda",
    "gui.modal.back": "Voltar",
    "gui.monitor.listMonitor.empty": "(vazia)",
    "gui.monitor.listMonitor.listLength": "comprimento {length}",
    "gui.monitor.contextMenu.default": "visor normal",
    "gui.monitor.contextMenu.large": "visor grande",
    "gui.monitor.contextMenu.slider": "deslizador",
    "gui.monitor.contextMenu.sliderRange": "change slider range",
    "gui.monitor.contextMenu.import": "importar",
    "gui.monitor.contextMenu.export": "exportar",
    "gui.playButton.play": "Play",
    "gui.playButton.stop": "Stop",
    "gui.gui.variableScopeOptionAllSprites": "Para todos os actores",
    "gui.gui.variableScopeOptionSpriteOnly": "Apenas para este actor",
    "gui.gui.cloudVariableOption": "Variável de nuvem (guardada em servidor)",
    "gui.gui.variablePromptAllSpritesMessage": "Esta variável estará disponível para todos os actores.",
    "gui.prompt.cancel": "Cancelar",
    "gui.prompt.ok": "OK",
    "gui.playbackStep.stopMsg": "Parar",
    "gui.playbackStep.playMsg": "Tocar",
    "gui.playbackStep.loadingMsg": "Carregando…",
    "gui.playbackStep.saveMsg": "Guardar",
    "gui.playbackStep.reRecordMsg": "Voltar a Gravar",
    "gui.recordModal.title": "Gravar Som",
    "gui.recordingStep.beginRecord": "Começar a gravar clicando no botão abaixo",
    "gui.recordingStep.permission": "{arrow}Precisamos da sua permissão para usar o seu microfone",
    "gui.recordingStep.stop": "Parar a gravação",
    "gui.recordingStep.record": "Gravar",
    "gui.sliderModal.min": "Minimum value",
    "gui.sliderModal.max": "Maximum value",
    "gui.sliderModal.title": "Change slider range",
    "gui.sliderPrompt.cancel": "Cancelar",
    "gui.sliderPrompt.ok": "OK",
    "gui.soundEditor.sound": "Som",
    "gui.soundEditor.play": "Tocar",
    "gui.soundEditor.stop": "Parar",
    "gui.soundEditor.copy": "Copy",
    "gui.soundEditor.paste": "Paste",
    "gui.soundEditor.copyToNew": "Copy to New",
    "gui.soundEditor.delete": "Delete",
    "gui.soundEditor.save": "Guardar",
    "gui.soundEditor.undo": "Desfazer",
    "gui.soundEditor.redo": "Refazer",
    "gui.soundEditor.faster": "Acelerar",
    "gui.soundEditor.slower": "Retardar",
    "gui.soundEditor.echo": "Eco",
    "gui.soundEditor.robot": "Robô",
    "gui.soundEditor.louder": "Maior Volume",
    "gui.soundEditor.softer": "Menor Volume",
    "gui.soundEditor.reverse": "Inverter",
    "gui.soundEditor.fadeOut": "Fade out",
    "gui.soundEditor.fadeIn": "Fade in",
    "gui.soundEditor.mute": "Mute",
    "gui.SpriteInfo.spritePlaceholder": "Nome",
    "gui.SpriteInfo.sprite": "Actor",
    "gui.SpriteInfo.show": "Mostrar",
    "gui.SpriteInfo.size": "Tamanho",
    "gui.spriteSelectorItem.contextMenuDuplicate": "duplicar",
    "gui.spriteSelectorItem.contextMenuExport": "exportar",
    "gui.spriteSelectorItem.contextMenuDelete": "remover",
    "gui.spriteSelector.addSpriteFromLibrary": "Escolher um Actor",
    "gui.spriteSelector.addSpriteFromPaint": "Pintar",
    "gui.spriteSelector.addSpriteFromSurprise": "Surpresa",
    "gui.spriteSelector.addSpriteFromFile": "Carregar Actor",
    "gui.stageHeader.stageSizeLarge": "Mudar para um palco grande",
    "gui.stageHeader.stageSizeSmall": "Mudar para palco pequeno",
    "gui.stageHeader.stageSizeFull": "Iniciar modo de ecrã completo",
    "gui.stageHeader.stageSizeUnFull": "Sair do modo de ecrã completo",
    "gui.stageHeader.fullscreenControl": "Controlo de Ecrã Completo",
    "gui.spriteSelector.addBackdropFromLibrary": "Escolher um Cenário",
    "gui.stageSelector.addBackdropFromPaint": "Pintar",
    "gui.stageSelector.addBackdropFromSurprise": "Surpresa",
    "gui.stageSelector.addBackdropFromFile": "Carregar Cenário",
    "gui.stageSelector.stage": "Palco",
    "gui.stageSelector.backdrops": "Cenários",
    "gui.telemetryOptIn.label": "Reportar estatísticas para melhorar o Scratch",
    "gui.telemetryOptIn.body1": "A Equipa Scratch está sempre a tentar compreender melhor como o Scratch é usado em todo o mundo. Para ajudar a apoiar este esforço, pode permitir que o Scratch envie automaticamente informação de uso para a Equipa Scratch.",
    "gui.telemetryOptIn.body2": "A informação que recolhemos inclui a selecção da língua, a utilização dos blocos e alguns eventos tais como guardar, abrir e carregar um projecto. NÃO recolhemos nenhuma informação pessoal. Por favor veja as nossas {privacyPolicyLink} para mais informações.",
    "gui.telemetryOptIn.privacyPolicyLink": "Política de Privacidade",
    "gui.telemetryOptIn.buttonTextNo": "Não, obrigado",
    "gui.telemetryOptIn.buttonTooltipNo": "Desactivar telemetria",
    "gui.telemetryOptIn.buttonTextYes": "Sim, quero ajudar a melhorar o Scratch",
    "gui.telemetryOptIn.buttonTooltipYes": "Activar telemetria",
    "gui.turboMode.active": "Modo Turbo",
    "gui.webglModal.label": "O Seu Navegador Não Suporta WebGL",
    "gui.webglModal.description": "Aparentemente o seu navegador ou computador {webGlLink}. Esta tecnologia é necessária para que o Scratch 3.0 funcione.",
    "gui.webglModal.webgllink": "não suporta WebGL",
    "gui.webglModal.back": "Voltar",
    "gui.webglModal.previewfaq": "Para saber mais, vá a {previewFaqLink}.",
    "gui.webglModal.previewfaqlinktext": "PF",
    "gui.costumeLibrary.chooseABackdrop": "Escolher um Cenário",
    "gui.costumeLibrary.chooseACostume": "Escolher um Traje",
    "gui.costumeTab.addBackdropFromLibrary": "Escolher um Cenário",
    "gui.costumeTab.addCostumeFromLibrary": "Escolher um Traje",
    "gui.costumeTab.addBlankCostume": "Pintar",
    "gui.costumeTab.addSurpriseCostume": "Surpresa",
    "gui.costumeTab.addFileBackdrop": "Carregar Cenário",
    "gui.costumeTab.addFileCostume": "Carregar Traje",
    "gui.costumeTab.addCameraCostume": "Câmara",
    "gui.extensionLibrary.chooseAnExtension": "Escolher uma Extensão",
    "gui.extensionLibrary.extensionUrl": "Introduza o URL da extensão",
    "gui.monitors.importListColumnPrompt": "Que coluna deve ser usada (1 – {numberOfColumns})?",
    "gui.recordingStep.alertMsg": "Não foi possível iniciar gravação",
    "gui.projectLoader.loadError": "Falhou o carregamento do arquivo de projecto que foi seleccionado.",
    "gui.soundLibrary.chooseASound": "Escolher um Som",
    "gui.soundTab.fileUploadSound": "Carregar Som",
    "gui.soundTab.surpriseSound": "Surpresa",
    "gui.soundTab.recordSound": "Gravar",
    "gui.soundTab.addSoundFromLibrary": "Escolher um Som",
    "gui.spriteLibrary.chooseASprite": "Escolher um Actor",
    "gui.tipsLibrary.tutorials": "Escolher um Tutorial",
    "gui.alerts.createsuccess": "Criado novo projecto.",
    "gui.alerts.createcopysuccess": "Projecto guardado como cópia.",
    "gui.alerts.createremixsuccess": "Projecto guardado como uma remistura.",
    "gui.alerts.creating": "A criar novo…",
    "gui.alerts.creatingCopy": "A copiar o projecto…",
    "gui.alerts.creatingRemix": "A remisturar o projecto…",
    "gui.alerts.creatingError": "Não foi possível criar o projecto. Por favor tente novamente!",
    "gui.alerts.savingError": "Não foi possível guardar o projecto.",
    "gui.alerts.savesuccess": "Projecto guardado.",
    "gui.alerts.saving": "A guardar o projecto…",
    "gui.alerts.cloudInfo": "Por favor note que as variáveis de nuvem suportam apenas números, e não letras ou símbolos. {learnMoreLink}",
    "gui.alerts.cloudInfoLearnMore": "Saber mais.",
    "gui.alerts.importing": "Importing…",
    "gui.defaultProject.meow": "Miau!",
    "gui.defaultProject.variable": "a minha variável",
    "gui.howtos.intro-move-sayhello-hat.name": "Começar",
    "gui.howtos.intro-move.step_stepMove": "Adicionar um Bloco de Movimento",
    "gui.howtos.add-a-move-block.step_stepMoveSayHello": "Clicar na bandeira verde para começar",
    "gui.howtos.imagine": "Imagine a World",
    "gui.howtos.imagine.step_imagineTypeWhatYouWant": "Type What You Want to Say",
    "gui.howtos.imagine.step_imagineClickGreenFlag": "Click the Green Flag to Start",
    "gui.howtos.imagine.step_imagineChooseBackdrop": "Choose Any Backdrop",
    "gui.howtos.imagine.step_imagineChooseSprite": "Choose Any Sprite",
    "gui.howtos.imagine.step_imagineFlyAround": "Press the Space Key to Glide",
    "gui.howtos.imagine.step_imagineChooseAnotherSprite": "Choose Another Sprite",
    "gui.howtos.imagine.step_imagineLeftRight": "Move Left-Right",
    "gui.howtos.imagine.step_imagineUpDown": "Move Up-Down",
    "gui.howtos.imagine.step_imagineChangeCostumes": "Change Costumes",
    "gui.howtos.imagine.step_imagineGlideToPoint": "Glide to a Point",
    "gui.howtos.imagine.step_imagineGrowShrink": "Grow and Shrink",
    "gui.howtos.imagine.step_imagineChooseAnotherBackdrop": "Choose Another Backdrop",
    "gui.howtos.imagine.step_imagineSwitchBackdrops": "Switch Backdrops",
    "gui.howtos.imagine.step_imagineRecordASound": "Add a Sound",
    "gui.howtos.imagine.step_imagineChooseSound": "Choose Your Sound",
    "gui.howtos.code-cartoon": "Code a Cartoon",
    "gui.howtos.code-cartoon.step_codeCartoonSaySomething": "Say Something When You Click the Green Flag",
    "gui.howtos.code-cartoon.step_codeCartoonAnimate": "Animate a Character When You Click It",
    "gui.howtos.code-cartoon.step_codeCartoonSelectDifferentCharacter": "Select a Different Character",
    "gui.howtos.code-cartoon.step_codeCartoonUseMinusSign": "Use a Minus Sign to Get Smaller",
    "gui.howtos.code-cartoon.step_codeCartoonGrowShrink": "Make a Character Grow and Shrink",
    "gui.howtos.code-cartoon.step_codeCartoonSelectDifferentCharacter2": "Select a Different Character",
    "gui.howtos.code-cartoon.step_codeCartoonJump": "Jump Up and Down",
    "gui.howtos.code-cartoon.step_codeCartoonChangeScenes": "Click a Character to Change Scenes",
    "gui.howtos.code-cartoon.step_codeCartoonGlideAround": "Glide Around",
    "gui.howtos.code-cartoon.step_codeCartoonChangeCostumes": "Change Costumes",
    "gui.howtos.code-cartoon.step_codeCartoonChooseMoreCharacters": "Choose More Characters to Add to Your Cartoon",
    "gui.howtos.say-it-out-loud": "Criar Animações que Falam",
    "gui.howtos.say-it-out-loud.step_AddTXTextension": "Adicionar o Texto a Blocos de Fala",
    "gui.howtos.say-it-out-loud.step_TXTSpeech": "Dizer Alguma Coisa",
    "gui.howtos.say-it-out-loud_TXTSetVoice": "Seleccionar uma Voz",
    "gui.howtos.say-it-out-loud.step_TXTMove": "Mover",
    "gui.howtos.say-it-out-loud.step_TXTBackdrop": "Adicionar um Cenário",
    "gui.howtos.say-it-out-loud.step_TXTAddSprite": "Adicionar Outro Personagem",
    "gui.howtos.say-it-out-loud.step_TXTSong": "Cantar uma Canção",
    "gui.howtos.say-it-out-loud.step_TXTColor": "Alterar a Cor",
    "gui.howtos.say-it-out-loud.step_TXTSpin": "Girar",
    "gui.howtos.say-it-out-loud.step_TXTGrow": "Aumentar e Diminuir",
    "gui.howtos.talking": "Talking Tales",
    "gui.howtos.talking.step_talesAddExtension": "Click to Add the Text-to-Speech Blocks",
    "gui.howtos.talking.step_talesChooseSprite": "Choose a Sprite",
    "gui.howtos.talking.step_talesSaySomething": "Make a Character Speak",
    "gui.howtos.talking.step_talesChooseBackdrop": "Choose a Backdrop",
    "gui.howtos.talking.step_talesSwitchBackdrop": "Click a Character to Go to the Next Backdrop",
    "gui.howtos.talking.step_talesChooseAnotherSprite": "Choose Another Sprite",
    "gui.howtos.talking.step_talesMoveAround": "Move Around",
    "gui.howtos.talking.step_talesChooseAnotherBackdrop": "Choose Another Backdrop",
    "gui.howtos.talking.step_talesAnimateTalking": "Animate Talking",
    "gui.howtos.talking.step_talesChooseThirdBackdrop": "Choose Another Backdrop",
    "gui.howtos.talking.step_talesChooseSound": "Choose a Song to Dance To",
    "gui.howtos.talking.step_talesDanceMoves": "Dance Moves",
    "gui.howtos.talking.step_talesAskAnswer": "Get the Ask and Answer Blocks from the Sensing Category",
    "gui.howtos.animate-a-name.name": "Animar um Nome",
    "gui.howtos.animate-a-name.step_AnimatePickLetter": "Escolher um Actor Letra",
    "gui.howtos.animate-a-name.step_AnimatePlaySound": "Tocar um Som Quando Clicado",
    "gui.howtos.animate-a-name.step_AnimatePickLetter2": "Escolher Outro Actor Letra",
    "gui.howtos.animate-a-name.step_AnimateChangeColor": "Alterar a Cor",
    "gui.howtos.animate-a-name.step_AnimateSpin": "Escolher Outro Actor Letra e Fazê-lo Girar",
    "gui.howtos.animate-a-name.step_AnimateGrow": "Escolher Outro Actor Letra e Fazê-lo Crescer",
    "gui.howtos.make-music.name": "Fazer Música",
    "gui.howtos.Make-Music.step_PickInstrument": "Escolher um Actor Instrumento",
    "gui.howtos.Make-Music.step_PlaySoundClick": "Tocar um Som Quando Clicado",
    "gui.howtos.Make-Music.step_MakeSong": "Criar um Som",
    "gui.howtos.make-music.step_MakeBeat": "Escolher uma Percussão e Fazer um Ritmo",
    "gui.howtos.make-music.step_MakeBeatBox": "Escolher o Actor Microfone e uma Caixa de Ritmos Surpresa",
    "gui.howtos.story.name": "Criar uma Estória",
    "gui.howtos.story.step_addbg": "Adicionar um Cenário",
    "gui.howtos.story.step_addsprite": "Adicionar um Personagem",
    "gui.howtos.story.step_saysomething": "Dizer Alguma Coisa",
    "gui.howtos.story.step_addanothersprite": "Adicionar Outro Personagem",
    "gui.howtos.story.step_flip": "Inverter Direcção",
    "gui.howtos.story.step_conversation": "Ter uma Conversa",
    "gui.howtos.story.addanotherbg": "Adicionar Outro Cenário",
    "gui.howtos.story.step_swithbg": "Mudar de Cenários",
    "gui.howtos.story.step_hidewizard": "Esconder um Personagem",
    "gui.howtos.story.step_showwizard": "Mostrar um Personagem",
    "gui.howtos.make-a-chase-game.name": "Fazer um Jogo de Perseguição",
    "gui.howtos.Chase-Game.step_BG": "Adicionar um Cenário",
    "gui.howtos.chase-game.step_AddOcto": "Adicionar um Actor",
    "gui.howtos.make-music.step_LeftRight": "Mover Para a Esquerda e Para a Direita Usando as Setas",
    "gui.howtos.Chase-Game.step_UpDown": "Mover Para Cima e Para Baixo Usando as Setas",
    "gui.howtos.Chase-Game.step_AddStar": "Adicionar Outro Actor",
    "gui.howtos.Chase-Game.step_MoveRandom": "Mover ao Acaso",
    "gui.howtos.Chase-Game.step_WhenTouch": "No Actor Polvo, Tocar Som Quando Tocar",
    "gui.howtos.Chase-Game.step_ScoreVariable": "Criar uma Variável de Pontuação",
    "gui.howtos.Chase-Game.ScoreWhenTouch": "No Actor Polvo, Adicionar à Pontuação Quando a Tocar",
    "gui.howtos.animate-char.name": "Animar um Personagem",
    "gui.howtos.animate-char.step_addbg": "Adicionar um Cenário",
    "gui.howtos.animate-char.step_addsprite": "Adicionar um Actor",
    "gui.howtos.animate-char.step_saysomething": "Dizer Alguma Coisa",
    "gui.howtos.animate-char.step_addsound": "Adicionar Som",
    "gui.howtos.animate-char.step_animatetalking": "Animar Fala",
    "gui.howtos.animate-char.step_arrowkeys": "Mover Usando as Setas do Teclado",
    "gui.howtos.animate-char.step_jump": "Saltar",
    "gui.howtos.animate-char.step_changecolor": "Alterar a Cor",
    "gui.howtos.make-a-game.name": "Fazer um Jogo de Cliques",
    "gui.howtos.Make-A-Game.step_GamePickSprite": "Escolher um Actor",
    "gui.howtos.make-a-game.step_GamePlaySound": "Tocar um Som Quando Clicado",
    "gui.howtos.make-a-game.step_GameAddScore": "Criar uma Variável de Pontuação",
    "gui.howtos.make-a-game.step_GameChangeScore": "Quando Clicado Aumentar a Pontuação",
    "gui.howtos.make-a-game.step_Random": "Ir para uma posição ao acaso",
    "gui.howtos.make-music.step_GameChangeColor": "Alterar a Cor",
    "gui.howtos.make-music.step_ResetScore": "Reiniciar a Pontuação",
    "gui.howtos.make-it-fly.name": "Make it Fly",
    "gui.howtos.fly.step_stepflyChooseBackdrop": "Choose a Sky Background",
    "gui.howtos.add-a-move-block.step_stepflyChooseCharacter": "Choose a Character",
    "gui.howtos.fly.step_stepflySaySomething": "Say Something",
    "gui.howtos.add-a-move-block.step_stepflyMoveArrows": "Move With Arrow Keys",
    "gui.howtos.fly.step_stepflyChooseObject": "Choose an Object to Collect",
    "gui.howtos.add-a-move-block.step_stepflyFlyingObject": "Make the Object Move",
    "gui.howtos.add-a-move-block.step_stepflySelectFlyingSprite": "Select Your Character",
    "gui.howtos.add-a-move-block.step_stepflyAddScore": "Add a Score",
    "gui.howtos.add-a-move-block.step_stepflyKeepScore": "Keep Score",
    "gui.howtos.add-a-move-block.step_stepflyAddScenery": "Add Scenery",
    "gui.howtos.add-a-move-block.step_stepflyMoveScenery": "Move the Scenery",
    "gui.howtos.add-a-move-block.step_stepflySwitchLooks": "Next Costume",
    "gui.howtos.pong": "Pong Game",
    "gui.howtos.pong.step_pongAddBackdrop": "Add a Backdrop",
    "gui.howtos.pong.step_pongAddBallSprite": "Add a Ball Sprite",
    "gui.howtos.pong.step_pongBounceAround": "Bounce Around",
    "gui.howtos.pong.step_pongAddPaddle": "Add a Paddle",
    "gui.howtos.pong.step_pongMoveThePaddle": "Move the Paddle",
    "gui.howtos.pong.step_pongSelectBallSprite": "Select the Ball Sprite",
    "gui.howtos.pong.step_pongAddMoreCodeToBall": "Add Code to Bounce the Ball Off the Paddle",
    "gui.howtos.pong.step_pongAddAScore": "Add a Score",
    "gui.howtos.pong.step_pongChooseScoreFromMenu": "Choose 'Score' from the Menu",
    "gui.howtos.pong.step_pongInsertChangeScoreBlock": "Insert the 'Change Score' Block",
    "gui.howtos.pong.step_pongResetScore": "Reset Score",
    "gui.howtos.pong.step_pongAddLineSprite": "Add the Line Sprite",
    "gui.howtos.pong.step_pongGameOver": "Game Over",
    "gui.howtos.cartoon-network": "Animar um Jogo de Aventuras",
    "gui.howtos.cartoon-network.step_CNcharacter": "Escolher uma Personagem a Mostrar",
    "gui.howtos.cartoon-network.step_CNsay": "Dizer Alguma Coisa",
    "gui.howtos.cartoon-network.step_CNglide": "Deslizar Por Aí",
    "gui.howtos.cartoon-network.step_CNpicksprite": "Escolher um Objecto para Perseguir",
    "gui.howtos.cartoon-network.step_CNcollect": "Recolher Objectos",
    "gui.howtos.cartoon-network.step_CNvariable": "Criar uma Variável de Pontuação",
    "gui.howtos.cartoon-network.step_CNscore": "Manter a Pontuação",
    "gui.howtos.cartoon-network.step_CNbackdrop": "Subida de Nível: Alterar Cenário",
    "gui.howtos.videosens.name": "Sensores de Vídeo",
    "gui.howtos.videosens.step_addextension": "Adicionar Extensão",
    "gui.howtos.videosens.step_pet": "Festinhas ao Gato",
    "gui.howtos.videosens.step_animate": "Animar",
    "gui.howtos.videosens.step_pop": "Rebentar um Balão",
    "gui.howtos.add-sprite.name": "Adicionar um Actor",
    "gui.howtos.add-sprite.step_addSprite": "Adicionar um Actor",
    "gui.howtos.add-a-backdrop.name": "Adicionar um Cenário",
    "gui.howtos.add-a-backdrop.step_addBackdrop": "Add a Backdrop",
    "gui.howtos.change-size.name": "Alterar o Tamanho",
    "gui.howtos.change-size.step_changeSize": "Change Size",
    "gui.howtos.glide-around.name": "Deslizar Por Aí",
    "gui.howtos.change-size.step_glideAroundBackAndForth": "Glide Around",
    "gui.howtos.change-size.step_glideAroundPoint": "Glide to a Point",
    "gui.howtos.record-a-sound.name": "Gravar um Som",
    "gui.howtos.change-size.step_recordASoundSoundsTab": "Click on the 'Sounds' Tab",
    "gui.howtos.change-size.step_recordASoundClickRecord": "Click 'Record'",
    "gui.howtos.change-size.step_recordASoundPressRecordButton": "Press the Record Button",
    "gui.howtos.change-size.step_recordASoundChooseSound": "Choose Your Sound",
    "gui.howtos.change-size.step_recordASoundPlayYourSound": "Play Your Sound",
    "gui.howtos.spin-video.name": "Fazê-la Girar",
    "gui.howtos.change-size.step_spinTurn": "Turn",
    "gui.howtos.change-size.step_spinPointInDirection": "Set Direction",
    "gui.howtos.hide-and-show.name": "Mostrar e Esconder",
    "gui.howtos.change-size.step_hideAndShow": "Hide and Show",
    "gui.howtos.switch-costume.name": "Animar um Actor",
    "gui.howtos.change-size.step_switchCostumes": "Animate a Sprite",
    "gui.howtos.move-around-with-arrow-keys.name": "Usar as Setas do Teclado",
    "gui.howtos.add-a-backdrop.step_moveArrowKeysLeftRight": "Move Left and Right",
    "gui.howtos.add-a-backdrop.step_moveArrowKeysUpDown": "Move Up and Down",
    "gui.howtos.add-effects.name": "Adicionar Efeitos",
    "gui.howtos.videosens.step_addEffects": "Add Effects",
    "gui.extension.music.name": "Música",
    "gui.extension.music.description": "Toque instrumentos e percussão.",
    "gui.extension.pen.name": "Caneta",
    "gui.extension.pen.description": "Desenhe com os seus actores.",
    "gui.extension.videosensing.name": "Vídeo Sensorial",
    "gui.extension.videosensing.description": "Use a câmara para sentir movimento.",
    "gui.extension.text2speech.name": "Texto para Fala",
    "gui.extension.text2speech.description": "Faça os seus projectos falar.",
    "gui.extension.translate.name": "Traduzir",
    "gui.extension.translate.description": "Traduza texto para muitas línguas.",
    "gui.extension.makeymakey.description": "Transforme tudo numa tecla.",
    "gui.extension.microbit.description": "Ligue os seus projectos ao mundo.",
    "gui.extension.microbit.connectingMessage": "Ligando",
    "gui.extension.ev3.description": "Crie robôs interactivos e muito mais.",
    "gui.extension.ev3.connectingMessage": "Ligando. Assegure-se de que o pino no seu EV3 está configurado para 1234.",
    "gui.extension.boost.description": "Bring robotic creations to life.",
    "gui.extension.boost.connectingMessage": "Connecting",
    "gui.extension.wedo2.description": "Construa com motores e sensores.",
    "gui.extension.wedo2.connectingMessage": "Ligando",
    "gui.extension.gdxfor.description": "Sense push, pull, motion, and spin.",
    "gui.extension.gdxfor.connectingMessage": "Connecting",
    "gui.libraryTags.all": "Tudo",
    "gui.libraryTags.animals": "Animais",
    "gui.libraryTags.dance": "Dança",
    "gui.libraryTags.effects": "Efeitos",
    "gui.libraryTags.fantasy": "Fantasia",
    "gui.libraryTags.fashion": "Moda",
    "gui.libraryTags.food": "Comida",
    "gui.libraryTags.indoors": "Interior",
    "gui.libraryTags.loops": "Ciclos de som",
    "gui.libraryTags.music": "Música",
    "gui.libraryTags.notes": "Notas",
    "gui.libraryTags.outdoors": "Exterior",
    "gui.libraryTags.patterns": "Padrões",
    "gui.libraryTags.people": "Pessoas",
    "gui.libraryTags.percussion": "Percussão",
    "gui.libraryTags.space": "Espaço",
    "gui.libraryTags.sports": "Desporto",
    "gui.libraryTags.underwater": "Debaixo de água",
    "gui.libraryTags.voice": "Vozes",
    "gui.libraryTags.wacky": "Maluquices",
    "gui.libraryTags.animation": "Animações",
    "gui.libraryTags.art": "Arte",
    "gui.libraryTags.games": "Jogos",
    "gui.libraryTags.stories": "Estórias",
    "gui.libraryTags.letters": "Letras",
    "gui.opcodeLabels.direction": "direcção",
    "gui.opcodeLabels.xposition": "x da posição",
    "gui.opcodeLabels.yposition": "y da posição",
    "gui.opcodeLabels.size": "tamanho",
    "gui.opcodeLabels.costumename": "nome do traje",
    "gui.opcodeLabels.costumenumber": "número do traje",
    "gui.opcodeLabels.backdropname": "nome do cenário",
    "gui.opcodeLabels.backdropnumber": "número do cenário",
    "gui.opcodeLabels.volume": "volume",
    "gui.opcodeLabels.tempo": "andamento",
    "gui.opcodeLabels.answer": "resposta",
    "gui.opcodeLabels.loudness": "volume no microfone",
    "gui.opcodeLabels.username": "nome de utilizador",
    "gui.opcodeLabels.year": "ano actual",
    "gui.opcodeLabels.month": "mês actual",
    "gui.opcodeLabels.date": "data actual",
    "gui.opcodeLabels.dayofweek": "dia da semana actual",
    "gui.opcodeLabels.hour": "hora actual",
    "gui.opcodeLabels.minute": "minuto actual",
    "gui.opcodeLabels.second": "segundo actual",
    "gui.opcodeLabels.timer": "valor do cronómetro",
    "gui.sharedMessages.backdrop": "Cenário {index}",
    "gui.sharedMessages.costume": "Traje {index}",
    "gui.sharedMessages.sprite": "o actor {index}",
    "gui.sharedMessages.pop": "Pop!",
    "gui.sharedMessages.replaceProjectWarning": "Replace contents of the current project?",
    "gui.sharedMessages.loadFromComputerTitle": "Load from your computer",
    "gui.gui.defaultProjectTitle": "Projecto Scratch"
}