{
    "about.introOne": "Scratchを使えば（つけえば）、自由（じゆう）にインタラクティブな物語（ものがたり）やゲーム、アニメーションを作る（つくる）ことができます。さらに、できあがった作品（さくひん）はオンラインコミュニティで他（ほか）の人と共有（きょうゆう）できます。",
    "about.introTwo": "Scratchは、若者（わかもの）たちが、クリエイティブに考え（かんがえ）、体系的（たいけいてき）に判断（はんだん）し、協調（きょうちょう）して活動（かつどう）することを学ぶための手助け（てだすけ）をします。これらは、21世紀（せいき）を生きるために欠かす（かかす）ことのできないスキルです。",
    "about.introThree": "ScratchはMITメディアラボのライフロングキンダーガーテングループのプロジェクトで、無償（むしょう）で提供（ていきょう）されています。",
    "about.introParents": "ほごしゃのみなさんへ",
    "about.introEducators": "きょういくしゃのみなさんへ",
    "about.whoUsesScratch": "どんなひとが、Scratchをつかっているの?",
    "about.whoUsesScratchDescription": "Scratchは、特（とく）に8歳（さい）から16歳向け（むけ）にデザインされていますが、すべての年代（ねんだい）の人々（ひとびと）に使われて（つかわれて）います。何百万人（なんびゃくにん）もの人が、自宅（じたく）や学校、博物館（はくぶつかん）、美術館（びじゅつかん）、図書館（としょかん）、公民館（こうみんかん）、コミュニティセンターなど、とても幅広い場所（はばひろいばしょ）でScratchプロジェクトを作っています。",
    "about.aroundTheWorld": "せかいじゅうで",
    "about.aroundTheWorldDescription": "Scratchは150以上（いじょう）の国（くに）と地域（ちいき）で利用（りよう）され、40以上（いじょう）の言語（げんご）に対応（たいおう）しています。言語（げんご）の変更（へんこう）には、画面（がめん）の下のメニューをクリックしてください。プロジェクトエディターでは、上のほうにある地球儀（ちきゅうぎ）のマークを押して（おして）ください。翻訳（ほんやく）の追加（ついか）や改良（かいりょう）については、{translationLink}をご覧（らん）ください。",
    "about.translationLinkText": "ほんやく",
    "about.quotes": "いんよう",
    "about.quotesDescription": "Scratchチームは、若者（わかもの）、保護者（ほごしゃ）、教育関係者（きょういくかんけいしゃ）からたくさんの感謝（かんしゃ）の手紙（てがみ）を受け取り（うけとり）ました。皆さん（みなさん）からの手紙（てがみ）を読んで（よんで）みたいですか? {quotesLink}から閲覧（えつらん）できます。",
    "about.quotesLinkText": "いんよう",
    "about.learnMore": "Scratchについて、もっとしる",
    "about.learnMoreHelp": "ヒントのページ",
    "about.learnMoreFaq": "よくあるしつもんとこたえ",
    "about.learnMoreParents": "ほごしゃのみなさんへ",
    "about.learnMoreCredits": "クレジット",
    "about.literacy": "コーディングをまなぶ、コーディングでまなぶ",
    "about.literacyDescription": "コンピュータプログラムを作成（さくせい）する能力（のうりょく）は、現代社会（げんだいしゃかい）で必要（ひつよう）なリテラシーにおいて重要（じゅうよう）な位置（いち）を占めて（しめて）います。Scratchでプログラミングを学ぶということは、問題解決（もんだいかいけつ）、プロジェクト設計（せっけい）、アイデア交換（こうかん）のための、重要（じゅうよう）な手段（しゅだん）を学ぶということです。",
    "about.schools": "がっこうでのScratch",
    "about.schoolsDescription": "生徒たちは学年に関わらず(小学校から大学まで)Scratchで学び、教科（きょうか）の幅（はば）をこえて(たとえば、数学（すうがく）・コンピューター科学（かがく）・国語（こくご）・社会（しゃかい）)活動（かつどう）できます。教育関係者（きょういくかんけいしゃ）は物語（ものがたり）を共有（きょうゆう）し、素材（そざい）を交換（こうかん）し、質問（しつもん）し、また{scratchedLink}にてつながることができます。",
    "about.scratchedLinkText": "ScratchEd ウェブサイト",
    "about.research": "けんきゅう",
    "about.researchDescription": "MITのScratchチームとその共同研究者達（きょうどうけんきゅうしゃたち）は、Scratchを用いて（もちいて）学習（がくしゅう）する方法（ほうほう）について研究（けんきゅう）しています。(紹介記事（しょうかいきじ）： {spfaLink}をご覧（らん）ください。)　詳しい（くわしい）情報（じょうほう）は、{researchLink} と {statisticsLink} でもご覧（らん）になれます。",
    "about.spfaLinkText": "Scratch: すべての人にプログラミングを",
    "about.researchLinkText": "Scratchにかんするけんきゅう",
    "about.statisticsLinkText": "コミュニティのとうけいデータ",
    "about.support": "えんじょ・きふ",
    "about.supportDescription": "Scratchプロジェクトは、これらの組織（そしき）から資金（しきん）を支援（しえん）してもらいました: {supportersList}。詳しく（くわしく）は{creditsLink}を参照（さんしょう）してください。Scratchを支援（しえん）したい場合（ばあい）は、Scratch財団（ざいだん）の{donateLink}を参照（さんしょう）するか、{donateemail}宛て（あて）にご連絡（れんらく）ください。",
    "about.donateLinkText": "きふのページ",
    "about.creditsLinkText": "クレジット"
}