{
    "CONTROL_FOREVER": "كرِّر باستمرار",
    "CONTROL_REPEAT": "كرِّر %1 مرة",
    "CONTROL_IF": "إذا %1",
    "CONTROL_ELSE": "وإلا",
    "CONTROL_STOP": "أوقف",
    "CONTROL_STOP_ALL": "الكل",
    "CONTROL_STOP_THIS": "المقطع البرمجي الحالي",
    "CONTROL_STOP_OTHER": "المقاطع الأخرى في الكائن",
    "CONTROL_WAIT": "انتظر %1 ثانية",
    "CONTROL_WAITUNTIL": "انتظر حتى %1",
    "CONTROL_REPEATUNTIL": "كرِّر حتى %1",
    "CONTROL_WHILE": "طالما %1",
    "CONTROL_FOREACH": "من أجل %1 من %2",
    "CONTROL_STARTASCLONE": "عندما تبدأ نسخة مني",
    "CONTROL_CREATECLONEOF": "أنشئ نسخة من %1",
    "CONTROL_CREATECLONEOF_MYSELF": "نفسي",
    "CONTROL_DELETETHISCLONE": "احذف هذه النسخة",
    "CONTROL_COUNTER": "عداد",
    "CONTROL_INCRCOUNTER": "زد العداد",
    "CONTROL_CLEARCOUNTER": "صفِّر العداد",
    "CONTROL_ALLATONCE": "الكل مرة واحدة",
    "DATA_SETVARIABLETO": "اجعل %1 مساويًا %2",
    "DATA_CHANGEVARIABLEBY": "غيِّر %1 بمقدار %2",
    "DATA_SHOWVARIABLE": "أظهر المتغير %1",
    "DATA_HIDEVARIABLE": "أخفِ المتغير %1",
    "DATA_ADDTOLIST": "أضف %1 إلى %2",
    "DATA_DELETEOFLIST": "احذف %1 من %2",
    "DATA_DELETEALLOFLIST": "احذف كل العناصر في %1",
    "DATA_INSERTATLIST": "أدرج %1 في الموقع %2 من %3",
    "DATA_REPLACEITEMOFLIST": "استبدل %3 بالعنصر %1 من %2",
    "DATA_ITEMOFLIST": "العنصر %1 من %2",
    "DATA_ITEMNUMOFLIST": "رقم العنصر ذي القيمة %1 في %2",
    "DATA_LENGTHOFLIST": "طول %1",
    "DATA_LISTCONTAINSITEM": "%1 تحتوي %2؟",
    "DATA_SHOWLIST": "أظهر اللائحة %1",
    "DATA_HIDELIST": "أخفِ اللائحة %1",
    "DATA_INDEX_ALL": "الكل",
    "DATA_INDEX_LAST": "الأخير",
    "DATA_INDEX_RANDOM": "عشوائي",
    "EVENT_WHENFLAGCLICKED": "عند نقر %1",
    "EVENT_WHENTHISSPRITECLICKED": "عند نقر هذا الكائن",
    "EVENT_WHENSTAGECLICKED": "عند نقر المنصة",
    "EVENT_WHENTOUCHINGOBJECT": "عندما يلامس هذا الكائن %1",
    "EVENT_WHENBROADCASTRECEIVED": "عندما أتلقى %1",
    "EVENT_WHENBACKDROPSWITCHESTO": "عندما تتبدل الخلفية إلى %1",
    "EVENT_WHENGREATERTHAN": "عندما %1 > %2",
    "EVENT_WHENGREATERTHAN_TIMER": "المؤقت",
    "EVENT_WHENGREATERTHAN_LOUDNESS": "الضجيج",
    "EVENT_BROADCAST": "بث %1",
    "EVENT_BROADCASTANDWAIT": "بث %1 وانتظر",
    "EVENT_WHENKEYPRESSED": "عند ضغط مفتاح %1",
    "EVENT_WHENKEYPRESSED_SPACE": "المسافة",
    "EVENT_WHENKEYPRESSED_LEFT": "السهم الأيسر",
    "EVENT_WHENKEYPRESSED_RIGHT": "السهم الأيمن",
    "EVENT_WHENKEYPRESSED_DOWN": "السهم السفلي",
    "EVENT_WHENKEYPRESSED_UP": "السهم العلوي",
    "EVENT_WHENKEYPRESSED_ANY": "أي مفتاح",
    "LOOKS_SAYFORSECS": "قل %1 لمدة %2 ثانية",
    "LOOKS_SAY": "قل %1",
    "LOOKS_HELLO": "السلام عليكم!",
    "LOOKS_THINKFORSECS": "فكِّر %1 لمدة %2 ثانية",
    "LOOKS_THINK": "فكِّر %1",
    "LOOKS_HMM": "هممم...",
    "LOOKS_SHOW": "اظهر",
    "LOOKS_HIDE": "اختفِ",
    "LOOKS_HIDEALLSPRITES": "أخفِ كل الكائنات",
    "LOOKS_EFFECT_COLOR": "اللون",
    "LOOKS_EFFECT_FISHEYE": "عين السمكة",
    "LOOKS_EFFECT_WHIRL": "الدوامة",
    "LOOKS_EFFECT_PIXELATE": "البكسلة",
    "LOOKS_EFFECT_MOSAIC": "الموزاييك",
    "LOOKS_EFFECT_BRIGHTNESS": "شدة الإضاءة",
    "LOOKS_EFFECT_GHOST": "الشبح",
    "LOOKS_CHANGEEFFECTBY": "غيِّر مؤثر %1 بمقدار %2",
    "LOOKS_SETEFFECTTO": "اجعل مؤثر %1 مساويًا %2",
    "LOOKS_CLEARGRAPHICEFFECTS": "أزل المؤثرات الرسومية",
    "LOOKS_CHANGESIZEBY": "غيِّر الحجم بمقدار %1",
    "LOOKS_SETSIZETO": "اجعل الحجم مساويًا %1 ٪",
    "LOOKS_SIZE": "الحجم",
    "LOOKS_CHANGESTRETCHBY": "غيِّر المط بمقدار %1",
    "LOOKS_SETSTRETCHTO": "اجعل المط مساويًا %1 ٪",
    "LOOKS_SWITCHCOSTUMETO": "غيِّر المظهر إلى %1",
    "LOOKS_NEXTCOSTUME": "المظهر التالي",
    "LOOKS_SWITCHBACKDROPTO": "غيِّر الخلفية إلى %1",
    "LOOKS_GOTOFRONTBACK": "انتقل إلى الطبقة %1",
    "LOOKS_GOTOFRONTBACK_FRONT": "الأولى",
    "LOOKS_GOTOFRONTBACK_BACK": "الأخيرة",
    "LOOKS_GOFORWARDBACKWARDLAYERS": "انتقل إلى %1 %2 طبقة",
    "LOOKS_GOFORWARDBACKWARDLAYERS_FORWARD": "الأمام",
    "LOOKS_GOFORWARDBACKWARDLAYERS_BACKWARD": "الخلف",
    "LOOKS_BACKDROPNUMBERNAME": "%1 الخلفية",
    "LOOKS_COSTUMENUMBERNAME": "%1 المظهر",
    "LOOKS_NUMBERNAME_NUMBER": "رقم",
    "LOOKS_NUMBERNAME_NAME": "اسم",
    "LOOKS_SWITCHBACKDROPTOANDWAIT": "غيِّر الخلفية إلى %1 وانتظر",
    "LOOKS_NEXTBACKDROP_BLOCK": "الخلفية التالية",
    "LOOKS_NEXTBACKDROP": "الخلفية التالية",
    "LOOKS_PREVIOUSBACKDROP": "الخلفية السابقة",
    "LOOKS_RANDOMBACKDROP": "خلفية عشوائية",
    "MOTION_MOVESTEPS": "تحرك %1 خطوة",
    "MOTION_TURNLEFT": "استدر %1 %2 درجة",
    "MOTION_TURNRIGHT": "استدر %1 %2 درجة",
    "MOTION_POINTINDIRECTION": "اتجه نحو الاتجاه %1",
    "MOTION_POINTTOWARDS": "اتجه نحو %1",
    "MOTION_POINTTOWARDS_POINTER": "مؤشر الفأرة",
    "MOTION_POINTTOWARDS_RANDOM": "اتجاه عشوائي",
    "MOTION_GOTO": "اذهب إلى %1",
    "MOTION_GOTO_POINTER": "مؤشر الفأرة",
    "MOTION_GOTO_RANDOM": "موضع عشوائي",
    "MOTION_GOTOXY": "اذهب إلى الموضع س: %1 ص: %2",
    "MOTION_GLIDESECSTOXY": "انزلق خلال %1 ثانية إلى الموضع س: %2 ص: %3",
    "MOTION_GLIDETO": "انزلق خلال %1 ثانية إلى %2",
    "MOTION_GLIDETO_POINTER": "مؤشر الفأرة",
    "MOTION_GLIDETO_RANDOM": "موضع عشوائي",
    "MOTION_CHANGEXBY": "غيِّر الموضع س بمقدار %1",
    "MOTION_SETX": "اجعل الموضع س مساويًا %1",
    "MOTION_CHANGEYBY": "غيِّر الموضع ص بمقدار %1",
    "MOTION_SETY": "اجعل الموضع ص مساويًا %1",
    "MOTION_IFONEDGEBOUNCE": "ارتد إذا كنت عند الحافة",
    "MOTION_SETROTATIONSTYLE": "اجعل نمط الدوران %1",
    "MOTION_SETROTATIONSTYLE_LEFTRIGHT": "يمين - يسار",
    "MOTION_SETROTATIONSTYLE_DONTROTATE": "لا دوران",
    "MOTION_SETROTATIONSTYLE_ALLAROUND": "في جميع الاتجاهات",
    "MOTION_XPOSITION": "الموضع س",
    "MOTION_YPOSITION": "الموضع ص",
    "MOTION_DIRECTION": "الاتجاه",
    "MOTION_SCROLLRIGHT": "انزلق يمينًا %1",
    "MOTION_SCROLLUP": "انزلق للأعلى %1",
    "MOTION_ALIGNSCENE": "حاذِ المشهد %1",
    "MOTION_ALIGNSCENE_BOTTOMLEFT": "أسفل اليسار",
    "MOTION_ALIGNSCENE_BOTTOMRIGHT": "أسفل اليمين",
    "MOTION_ALIGNSCENE_MIDDLE": "المنتصف",
    "MOTION_ALIGNSCENE_TOPLEFT": "أعلى اليسار",
    "MOTION_ALIGNSCENE_TOPRIGHT": "أعلى اليمين",
    "MOTION_XSCROLL": "تمرير  على محور س",
    "MOTION_YSCROLL": "تمرير على محور ص",
    "MOTION_STAGE_SELECTED": "المنصة محددة: لا توجد لبنات للحركة",
    "OPERATORS_ADD": "%1 + %2",
    "OPERATORS_SUBTRACT": "%1 - %2",
    "OPERATORS_MULTIPLY": "%1 × %2",
    "OPERATORS_DIVIDE": "%1 ÷ %2",
    "OPERATORS_RANDOM": "عدد عشوائي بين %1 و %2",
    "OPERATORS_GT": "%1 > %2",
    "OPERATORS_LT": "%1 < %2",
    "OPERATORS_EQUALS": "%1 = %2",
    "OPERATORS_AND": "%1 و %2",
    "OPERATORS_OR": "%1 أو %2",
    "OPERATORS_NOT": "ليس %1",
    "OPERATORS_JOIN": "اربط %1 %2",
    "OPERATORS_JOIN_APPLE": "تفاحة",
    "OPERATORS_JOIN_BANANA": "موزة",
    "OPERATORS_LETTEROF": "الحرف %1 من %2",
    "OPERATORS_LETTEROF_APPLE": "ت",
    "OPERATORS_LENGTH": "طول %1",
    "OPERATORS_CONTAINS": "%1 تحتوي %2؟",
    "OPERATORS_MOD": " باقي قسمة %1 على %2",
    "OPERATORS_ROUND": "تقريب %1",
    "OPERATORS_MATHOP": "%1 للقيمة %2",
    "OPERATORS_MATHOP_ABS": "القيمة المطلقة",
    "OPERATORS_MATHOP_FLOOR": "الجزء الصحيح ",
    "OPERATORS_MATHOP_CEILING": "السقف",
    "OPERATORS_MATHOP_SQRT": "الجذر التربيعي",
    "OPERATORS_MATHOP_SIN": "الجيب (sin)",
    "OPERATORS_MATHOP_COS": "جيب التمام (cos)",
    "OPERATORS_MATHOP_TAN": "الظل (tan)",
    "OPERATORS_MATHOP_ASIN": "الجيب العكسي (asin)",
    "OPERATORS_MATHOP_ACOS": "جيب التمام العكسي (acos)",
    "OPERATORS_MATHOP_ATAN": "الظل العكسي (atan)",
    "OPERATORS_MATHOP_LN": "اللوغارتم الطبيعي",
    "OPERATORS_MATHOP_LOG": "اللوغارتم العشري",
    "OPERATORS_MATHOP_EEXP": "هـ^",
    "OPERATORS_MATHOP_10EXP": "10^",
    "PROCEDURES_DEFINITION": "عرِّف %1",
    "SENSING_TOUCHINGOBJECT": "ملامس لـ %1؟",
    "SENSING_TOUCHINGOBJECT_POINTER": "مؤشر الفأرة",
    "SENSING_TOUCHINGOBJECT_EDGE": "الحافة",
    "SENSING_TOUCHINGCOLOR": "ملامس للون %1؟",
    "SENSING_COLORISTOUCHINGCOLOR": "اللون %1 ملامس للون %2؟",
    "SENSING_DISTANCETO": "المسافة إلى %1",
    "SENSING_DISTANCETO_POINTER": "مؤشر الفأرة",
    "SENSING_ASKANDWAIT": "اسأل %1 وانتظر",
    "SENSING_ASK_TEXT": "ما اسمك؟",
    "SENSING_ANSWER": "الإجابة",
    "SENSING_KEYPRESSED": "مفتاح %1 مضغوط؟",
    "SENSING_MOUSEDOWN": "زر الفأرة مضغوط؟",
    "SENSING_MOUSEX": "الموضع س للفأرة",
    "SENSING_MOUSEY": "الموضع ص للفأرة",
    "SENSING_SETDRAGMODE": "اجعل السحب %1",
    "SENSING_SETDRAGMODE_DRAGGABLE": "ممكنًا",
    "SENSING_SETDRAGMODE_NOTDRAGGABLE": "غير ممكن",
    "SENSING_LOUDNESS": "الضجيج",
    "SENSING_LOUD": "الصوت مرتفع؟",
    "SENSING_TIMER": "المؤقت",
    "SENSING_RESETTIMER": "صفِّر المؤقت",
    "SENSING_OF": "%1 الخاص بـ %2",
    "SENSING_OF_XPOSITION": "الموضع س",
    "SENSING_OF_YPOSITION": "الموضع ص",
    "SENSING_OF_DIRECTION": "الاتجاه",
    "SENSING_OF_COSTUMENUMBER": "رقم المظهر",
    "SENSING_OF_COSTUMENAME": "اسم المظهر",
    "SENSING_OF_SIZE": "الحجم",
    "SENSING_OF_VOLUME": "شدة الصوت",
    "SENSING_OF_BACKDROPNUMBER": "رقم الخلفية",
    "SENSING_OF_BACKDROPNAME": "اسم الخلفية",
    "SENSING_OF_STAGE": "المنصة",
    "SENSING_CURRENT": "%1 الآن",
    "SENSING_CURRENT_YEAR": "السنة",
    "SENSING_CURRENT_MONTH": "الشهر",
    "SENSING_CURRENT_DATE": "تاريخ اليوم",
    "SENSING_CURRENT_DAYOFWEEK": "يوم الأسبوع",
    "SENSING_CURRENT_HOUR": "الساعة",
    "SENSING_CURRENT_MINUTE": "الدقيقة",
    "SENSING_CURRENT_SECOND": "الثانية",
    "SENSING_DAYSSINCE2000": "الأيام منذ عام 2000",
    "SENSING_USERNAME": "اسم المستخدم",
    "SENSING_USERID": "رقم المستخدم",
    "SOUND_PLAY": "ابدأ الصوت %1",
    "SOUND_PLAYUNTILDONE": "شغِّل الصوت %1 وانتظر انتهاءه",
    "SOUND_STOPALLSOUNDS": "أوقف كل الأصوات",
    "SOUND_SETEFFECTO": "اجعل مؤثر %1 مساويًا %2",
    "SOUND_CHANGEEFFECTBY": "غيِّر مؤثر %1 بمقدار %2",
    "SOUND_CLEAREFFECTS": "أزل المؤثرات الصوتية",
    "SOUND_EFFECTS_PITCH": "طبقة الصوت",
    "SOUND_EFFECTS_PAN": "توزيع الصوت يسار/يمين",
    "SOUND_CHANGEVOLUMEBY": "غيِّر شدة الصوت بمقدار %1",
    "SOUND_SETVOLUMETO": "اجعل شدّة الصوت مساويةً %1%",
    "SOUND_VOLUME": "شدة الصوت",
    "SOUND_RECORD": "سجِّل...",
    "CATEGORY_MOTION": "الحركة",
    "CATEGORY_LOOKS": "المظاهر",
    "CATEGORY_SOUND": "الصوت",
    "CATEGORY_EVENTS": "الأحداث",
    "CATEGORY_CONTROL": "التحكم",
    "CATEGORY_SENSING": "الاستشعار",
    "CATEGORY_OPERATORS": "العمليات",
    "CATEGORY_VARIABLES": "المتغيرات",
    "CATEGORY_MYBLOCKS": "لبناتي",
    "DUPLICATE": "مضاعفة",
    "DELETE": "حذف",
    "ADD_COMMENT": "إضافة تعليق",
    "REMOVE_COMMENT": "حذف التعليق",
    "DELETE_BLOCK": "حذف اللبنة",
    "DELETE_X_BLOCKS": "حذف اللبنات الـ%1",
    "DELETE_ALL_BLOCKS": "حذف اللبنات الـ%1 كلها؟",
    "CLEAN_UP": "ترتيب اللبنات",
    "HELP": "مساعدة",
    "UNDO": "تراجع",
    "REDO": "إعادة",
    "EDIT_PROCEDURE": "تعديل",
    "SHOW_PROCEDURE_DEFINITION": "اذهب إلى التعريف",
    "WORKSPACE_COMMENT_DEFAULT_TEXT": "قل شيئًا...",
    "COLOUR_HUE_LABEL": "اللون",
    "COLOUR_SATURATION_LABEL": "الإشباع",
    "COLOUR_BRIGHTNESS_LABEL": "السطوع",
    "CHANGE_VALUE_TITLE": "غيِّر القيمة:",
    "RENAME_VARIABLE": "إعادة تسمية المتغير",
    "RENAME_VARIABLE_TITLE": "إعادة تسمية جميع المتغيرات \"%1\" إلى:",
    "RENAME_VARIABLE_MODAL_TITLE": "إعادة تسمية المتغير",
    "NEW_VARIABLE": "إنشاء متغير",
    "NEW_VARIABLE_TITLE": "اسم المتغير الجديد:",
    "VARIABLE_MODAL_TITLE": "متغير جديد",
    "VARIABLE_ALREADY_EXISTS": "يوجد مسبقًا متغير بالاسم \"%1\".",
    "VARIABLE_ALREADY_EXISTS_FOR_ANOTHER_TYPE": "اسم المتغير \"%1\" مستخدم مسبقًا في متغير آخر من النوع \"%2\".",
    "DELETE_VARIABLE_CONFIRMATION": "احذف الاستخدامات الـ%1 للمتغير \"%2\"؟",
    "CANNOT_DELETE_VARIABLE_PROCEDURE": "لا يمكن حذف المتغير \"%1\" لأنه جزء من تعريف الدالة \"%2\"",
    "DELETE_VARIABLE": "حذف المتغير \"%1\"",
    "NEW_PROCEDURE": "إنشاء لبنة",
    "PROCEDURE_ALREADY_EXISTS": "يوجد مسبقًا إجراء بالاسم \"%1\".",
    "PROCEDURE_DEFAULT_NAME": "اسم اللبنة",
    "NEW_LIST": "إنشاء لائحة",
    "NEW_LIST_TITLE": "اسم اللائحة الجديدة:",
    "LIST_MODAL_TITLE": "لائحة جديدة",
    "LIST_ALREADY_EXISTS": "توجد مسبقًا لائحة بالاسم \"%1\".",
    "RENAME_LIST_TITLE": "إعادة تسمية جميع اللوائح \"%1\" إلى:",
    "RENAME_LIST_MODAL_TITLE": "إعادة تسمية اللائحة",
    "DEFAULT_LIST_ITEM": "غرض",
    "DELETE_LIST": "حذف اللائحة \"%1\"",
    "RENAME_LIST": "إعادة تسمية اللائحة",
    "NEW_BROADCAST_MESSAGE": "رسالة جديدة",
    "NEW_BROADCAST_MESSAGE_TITLE": "اسم الرسالة الجديدة:",
    "BROADCAST_MODAL_TITLE": "رسالة جديدة",
    "DEFAULT_BROADCAST_MESSAGE_NAME": "الرسالة 1"
}