{
    "CONTROL_FOREVER": "կրկնել անվերջ",
    "CONTROL_REPEAT": "կրկնել %1 անգամ",
    "CONTROL_IF": "եթե %1 , ապա",
    "CONTROL_ELSE": "այլապէս",
    "CONTROL_STOP": "կանգ",
    "CONTROL_STOP_ALL": "ամբողջը",
    "CONTROL_STOP_THIS": "այս կոդը",
    "CONTROL_STOP_OTHER": "կերպարի այլ կոդերը",
    "CONTROL_WAIT": "սպասել %1 վայրիկեան",
    "CONTROL_WAITUNTIL": "սպասել մինչեւ %1",
    "CONTROL_REPEATUNTIL": "կրկնել մինչեւ %1",
    "CONTROL_WHILE": "пока %1",
    "CONTROL_FOREACH": "բոլորի համարի %1 ֊ %2֊ում",
    "CONTROL_STARTASCLONE": "երբ կը սկսեմ որպէս կլոն",
    "CONTROL_CREATECLONEOF": "ցտեղծել կլոն %1",
    "CONTROL_CREATECLONEOF_MYSELF": "ինքն իրեմ",
    "CONTROL_DELETETHISCLONE": "վերացնել կլոնը",
    "CONTROL_COUNTER": "հաշուիչ",
    "CONTROL_INCRCOUNTER": "մեծացնել հաշուիչը",
    "CONTROL_CLEARCOUNTER": "մաքրել հաշուիչը",
    "CONTROL_ALLATONCE": "բոլորը անմիջապէս",
    "DATA_SETVARIABLETO": "տալ %1 արժեք %2",
    "DATA_CHANGEVARIABLEBY": "փոփոխել %1 ֊ %2֊ով",
    "DATA_SHOWVARIABLE": "ցոյց տալ փոփոխական %1",
    "DATA_HIDEVARIABLE": "ցոյց տալ փոփոխական %1",
    "DATA_ADDTOLIST": "աւելացնել %1֊ը %2֊ին",
    "DATA_DELETEOFLIST": "վերացնել %1֊ը %2֊ից",
    "DATA_DELETEALLOFLIST": "վերացնել բոլորը %1֊ից",
    "DATA_INSERTATLIST": "աւելացնել %1֊ը %3֊ի մեջ %2֊ից",
    "DATA_REPLACEITEMOFLIST": "փոխել ելեմենտ %1֊ը %2֊ի մէջ %3֊ով",
    "DATA_ITEMOFLIST": "ելեմենտ %1֊ը %2֊ի մէջ",
    "DATA_ITEMNUMOFLIST": "№ ելեմենտ %1֊ը %2֊ի մէջ",
    "DATA_LENGTHOFLIST": "ցուցակի երկարութիւնը %1",
    "DATA_LISTCONTAINSITEM": "%1֊ը ներառում է %2?",
    "DATA_SHOWLIST": "ցոյց տալ %1 ցուցակը",
    "DATA_HIDELIST": "փակել %1 ցուցակը",
    "DATA_INDEX_ALL": "վերջ",
    "DATA_INDEX_LAST": "վերջինը",
    "DATA_INDEX_RANDOM": "պատահական",
    "EVENT_WHENFLAGCLICKED": "երբ %1֊ը սեղմուած է",
    "EVENT_WHENTHISSPRITECLICKED": "երբ կերպարը սեղմուած է",
    "EVENT_WHENSTAGECLICKED": "Երբ բեմը կը սեղմուի",
    "EVENT_WHENTOUCHINGOBJECT": "երբ կերպարը դիպչում է %1֊ին",
    "EVENT_WHENBROADCASTRECEIVED": "երբ կը ստանամ %1",
    "EVENT_WHENBACKDROPSWITCHESTO": "երբ պհոնը կը փոխուի %1֊ի",
    "EVENT_WHENGREATERTHAN": "երբ %1 > %2",
    "EVENT_WHENGREATERTHAN_TIMER": "ժամանակաչափ",
    "EVENT_WHENGREATERTHAN_LOUDNESS": "բարձրութիւն",
    "EVENT_BROADCAST": "հաղորդել %1",
    "EVENT_BROADCASTANDWAIT": "հաղորդել %1 եւ սպասել մինչեւ վերջ",
    "EVENT_WHENKEYPRESSED": "երբ ստեղն %1 սեղմուած է",
    "EVENT_WHENKEYPRESSED_SPACE": "բացատ",
    "EVENT_WHENKEYPRESSED_LEFT": "սլաք ձախ",
    "EVENT_WHENKEYPRESSED_RIGHT": "սլաք աջ",
    "EVENT_WHENKEYPRESSED_DOWN": "սլաք ներքեւ",
    "EVENT_WHENKEYPRESSED_UP": "սլաք վերեւ",
    "EVENT_WHENKEYPRESSED_ANY": "իւրաքանչիւր",
    "LOOKS_SAYFORSECS": "ասել %1 %2 վայրիկեան",
    "LOOKS_SAY": "ասել %1",
    "LOOKS_HELLO": "Բարեւ!",
    "LOOKS_THINKFORSECS": "մտածել %1 %2 վայրիկեան",
    "LOOKS_THINK": "մտածել %1",
    "LOOKS_HMM": "Մ-մ-մ...",
    "LOOKS_SHOW": "ցոյց տալ",
    "LOOKS_HIDE": "թաքնուել",
    "LOOKS_HIDEALLSPRITES": "թաքցնել բոլոր կերպարները",
    "LOOKS_EFFECT_COLOR": "գոյն",
    "LOOKS_EFFECT_FISHEYE": "ձկան աչք",
    "LOOKS_EFFECT_WHIRL": "մրիկ",
    "LOOKS_EFFECT_PIXELATE": "փիքսելի խոշորացում",
    "LOOKS_EFFECT_MOSAIC": "մանրապատկեր",
    "LOOKS_EFFECT_BRIGHTNESS": "պայծառութիւն",
    "LOOKS_EFFECT_GHOST": "ուրուական",
    "LOOKS_CHANGEEFFECTBY": "փոխել ազդեցութիւն %1֊ը %2֊ի",
    "LOOKS_SETEFFECTTO": "դնել ազդեցութիւն %1 %2",
    "LOOKS_CLEARGRAPHICEFFECTS": "վերացնել գրաֆֆիկական ազդեցութիւնները",
    "LOOKS_CHANGESIZEBY": "փոխել չափսը %1֊ով %",
    "LOOKS_SETSIZETO": "դնել չափս %1 %",
    "LOOKS_SIZE": "չափս",
    "LOOKS_CHANGESTRETCHBY": "փոխել լարուածութիւնը %1֊ով",
    "LOOKS_SETSTRETCHTO": "դնել լարուածութիւն %1 %",
    "LOOKS_SWITCHCOSTUMETO": "փոխել զգեստը %1֊ի",
    "LOOKS_NEXTCOSTUME": "յաջորդ զգեստը",
    "LOOKS_SWITCHBACKDROPTO": "փոխել ֆոնը %1֊ի",
    "LOOKS_GOTOFRONTBACK": "գնալ %1 շերտ",
    "LOOKS_GOTOFRONTBACK_FRONT": "վերեւ",
    "LOOKS_GOTOFRONTBACK_BACK": "ներքեւ",
    "LOOKS_GOFORWARDBACKWARDLAYERS": "անցնել %1 %2 շերտ",
    "LOOKS_GOFORWARDBACKWARDLAYERS_FORWARD": "առաջ",
    "LOOKS_GOFORWARDBACKWARDLAYERS_BACKWARD": "ետ",
    "LOOKS_BACKDROPNUMBERNAME": "ետնաբեմ %1",
    "LOOKS_COSTUMENUMBERNAME": "զգեստ %1",
    "LOOKS_NUMBERNAME_NUMBER": "համար",
    "LOOKS_NUMBERNAME_NAME": "անուն",
    "LOOKS_SWITCHBACKDROPTOANDWAIT": "փոխել ետնաեմը %1֊ի եւ սպասել",
    "LOOKS_NEXTBACKDROP_BLOCK": "յաջորդ ետնաբեմ",
    "LOOKS_NEXTBACKDROP": "յաջորդ ետնաբեմ",
    "LOOKS_PREVIOUSBACKDROP": "նախորդ ետնաբեմ",
    "LOOKS_RANDOMBACKDROP": "պատահակն ետնաբեմ",
    "MOTION_MOVESTEPS": "գնալ %1 քայլ",
    "MOTION_TURNLEFT": "պտտել %1֊ը %2 աստիճանով",
    "MOTION_TURNRIGHT": "պտտել %1֊ը %2 աստիճանով",
    "MOTION_POINTINDIRECTION": "ուղղուել դեպի %1",
    "MOTION_POINTTOWARDS": "պտտուել դեպի %1֊ը",
    "MOTION_POINTTOWARDS_POINTER": "մկնիկի ցուցից",
    "MOTION_POINTTOWARDS_RANDOM": "պատահական ուղղութիւն",
    "MOTION_GOTO": "գնալ %1",
    "MOTION_GOTO_POINTER": "մկնիկի ցուցիչ",
    "MOTION_GOTO_RANDOM": "պատահական վայր",
    "MOTION_GOTOXY": "գնալ x: %1 y: %2",
    "MOTION_GLIDESECSTOXY": "սահել %1 վայրիկեան դեպի x: %2 y: %3",
    "MOTION_GLIDETO": "սաել %1 վայրիկեան դեպի %2",
    "MOTION_GLIDETO_POINTER": "մկնիկի ցուցիչ",
    "MOTION_GLIDETO_RANDOM": "պատահական վայր",
    "MOTION_CHANGEXBY": "փոխել x %1֊ով",
    "MOTION_SETX": "տալ x %1 արժեքը",
    "MOTION_CHANGEYBY": "փոխել y %1֊ով",
    "MOTION_SETY": "տալ y %1 արժեքը",
    "MOTION_IFONEDGEBOUNCE": "երբ դիպչում է եզրին, հրուել",
    "MOTION_SETROTATIONSTYLE": "տալ պտտման ձեւը %1",
    "MOTION_SETROTATIONSTYLE_LEFTRIGHT": "ձախ֊աջ",
    "MOTION_SETROTATIONSTYLE_DONTROTATE": "չպտտել",
    "MOTION_SETROTATIONSTYLE_ALLAROUND": "ջրջանաձեւ",
    "MOTION_XPOSITION": "x֊ը",
    "MOTION_YPOSITION": "y֊ը",
    "MOTION_DIRECTION": "ուղղութիւն",
    "MOTION_SCROLLRIGHT": "շրջուել աջ %1",
    "MOTION_SCROLLUP": "շրջուել ձախ %1",
    "MOTION_ALIGNSCENE": "ուղղել բեմը %1",
    "MOTION_ALIGNSCENE_BOTTOMLEFT": "ներքին ձախ",
    "MOTION_ALIGNSCENE_BOTTOMRIGHT": "ներքին աջ",
    "MOTION_ALIGNSCENE_MIDDLE": "միջին",
    "MOTION_ALIGNSCENE_TOPLEFT": "վերին ձախ",
    "MOTION_ALIGNSCENE_TOPRIGHT": "վերին աջ",
    "MOTION_XSCROLL": "x֊ի պտտում",
    "MOTION_YSCROLL": "y֊ի պտտում",
    "MOTION_STAGE_SELECTED": "Ընտրուած է բեմ: չկան շարժման բլոկներ",
    "OPERATORS_ADD": "%1 + %2",
    "OPERATORS_SUBTRACT": "%1 - %2",
    "OPERATORS_MULTIPLY": "%1 * %2",
    "OPERATORS_DIVIDE": "%1 / %2",
    "OPERATORS_RANDOM": "տալ պատահական թիւ %1֊ից մինչ %2",
    "OPERATORS_GT": "%1 > %2",
    "OPERATORS_LT": "%1 < %2",
    "OPERATORS_EQUALS": "%1 = %2",
    "OPERATORS_AND": "%1 եւ %2",
    "OPERATORS_OR": "%1 կամ %2",
    "OPERATORS_NOT": "ոչ %1",
    "OPERATORS_JOIN": "համատեղել %1 %2",
    "OPERATORS_JOIN_APPLE": "խնչոր",
    "OPERATORS_JOIN_BANANA": "բանան",
    "OPERATORS_LETTEROF": "տառ %1֊ը %2֊ի մէջ",
    "OPERATORS_LETTEROF_APPLE": "ա",
    "OPERATORS_LENGTH": "երկարութիւնը %1",
    "OPERATORS_CONTAINS": "%1֊ը ունի %2?",
    "OPERATORS_MOD": "%1 մնացորդ %2",
    "OPERATORS_ROUND": "կլորացնել %1",
    "OPERATORS_MATHOP": "%1֊ից %2",
    "OPERATORS_MATHOP_ABS": "մնացորդ",
    "OPERATORS_MATHOP_FLOOR": "մինիմում",
    "OPERATORS_MATHOP_CEILING": "մաքսիմում",
    "OPERATORS_MATHOP_SQRT": "քառակուսի արմատ",
    "OPERATORS_MATHOP_SIN": "sin",
    "OPERATORS_MATHOP_COS": "cos",
    "OPERATORS_MATHOP_TAN": "tan",
    "OPERATORS_MATHOP_ASIN": "asin",
    "OPERATORS_MATHOP_ACOS": "acos",
    "OPERATORS_MATHOP_ATAN": "atan",
    "OPERATORS_MATHOP_LN": "ln",
    "OPERATORS_MATHOP_LOG": "log",
    "OPERATORS_MATHOP_EEXP": "e ^",
    "OPERATORS_MATHOP_10EXP": "10 ^",
    "PROCEDURES_DEFINITION": "որոշել %1",
    "SENSING_TOUCHINGOBJECT": "հպուում է %1֊ին?",
    "SENSING_TOUCHINGOBJECT_POINTER": "մկնիկի ցուցիչ",
    "SENSING_TOUCHINGOBJECT_EDGE": "եզր",
    "SENSING_TOUCHINGCOLOR": "հպուում է գոյն %1֊ին?",
    "SENSING_COLORISTOUCHINGCOLOR": "գոյն %1֊ը հպուում է գոյն %2֊ին?",
    "SENSING_DISTANCETO": "հեռաւորութիւնը մինչեւ %1",
    "SENSING_DISTANCETO_POINTER": "մկնիկի ցուցիչ",
    "SENSING_ASKANDWAIT": "հարցնել %1 եւ սպասել",
    "SENSING_ASK_TEXT": "Ի՞նչ է քո անունը",
    "SENSING_ANSWER": "պատասխան",
    "SENSING_KEYPRESSED": "ստեղն %1֊ը սեղմուած է?",
    "SENSING_MOUSEDOWN": "մկնիկը սեղմուած է?",
    "SENSING_MOUSEX": "x մկնիկ",
    "SENSING_MOUSEY": "y մկնիկ",
    "SENSING_SETDRAGMODE": "խառնել %1",
    "SENSING_SETDRAGMODE_DRAGGABLE": "կարելի է",
    "SENSING_SETDRAGMODE_NOTDRAGGABLE": "չի կարելի",
    "SENSING_LOUDNESS": "ձայնի բարձրութիւնը",
    "SENSING_LOUD": "ձայնը բարձր է?",
    "SENSING_TIMER": "վայրկեանաչափ",
    "SENSING_RESETTIMER": "զրոյացնել վայրկեանաչափ",
    "SENSING_OF": "%1֊ից %2",
    "SENSING_OF_XPOSITION": "x֊ը",
    "SENSING_OF_YPOSITION": "y֊ը",
    "SENSING_OF_DIRECTION": "ուղղութիւն",
    "SENSING_OF_COSTUMENUMBER": "զգեստ #",
    "SENSING_OF_COSTUMENAME": "զգեստի անուն",
    "SENSING_OF_SIZE": "չափս",
    "SENSING_OF_VOLUME": "ձայնի բարձրութիւն",
    "SENSING_OF_BACKDROPNUMBER": "ետնապատկեր #",
    "SENSING_OF_BACKDROPNAME": "ետնապատկերի անուն",
    "SENSING_OF_STAGE": "բեմ",
    "SENSING_CURRENT": "ընթացիկ %1",
    "SENSING_CURRENT_YEAR": "տարի",
    "SENSING_CURRENT_MONTH": "ամիս",
    "SENSING_CURRENT_DATE": "աւր",
    "SENSING_CURRENT_DAYOFWEEK": "շաբաթուա աւր",
    "SENSING_CURRENT_HOUR": "ժամ",
    "SENSING_CURRENT_MINUTE": "րոպե",
    "SENSING_CURRENT_SECOND": "վայրկեան",
    "SENSING_DAYSSINCE2000": "աւր 2000 թուականից",
    "SENSING_USERNAME": "աւգտատիրոջ անունը",
    "SENSING_USERID": "աւգտատիրոջ id",
    "SOUND_PLAY": "միացնել ձայն %1",
    "SOUND_PLAYUNTILDONE": "արտաբերել ձայն %1֊ը մինչեւ վերջ",
    "SOUND_STOPALLSOUNDS": "դադարեցնել բոլոր ձայները",
    "SOUND_SETEFFECTO": "կիրառել %1 եֆեկտը %2֊ում",
    "SOUND_CHANGEEFFECTBY": "փոխել %1 եֆեկտը %2֊ով",
    "SOUND_CLEAREFFECTS": "մաքրել ձայնաին եֆեկտները",
    "SOUND_EFFECTS_PITCH": "տոնի բարձրութիւն",
    "SOUND_EFFECTS_PAN": "հնչում է ձախ/աջ",
    "SOUND_CHANGEVOLUMEBY": "փոխել ձայնի բարձրութիւնը %1֊ով",
    "SOUND_SETVOLUMETO": "դնել ձայնի բարձրութիւնը %1%",
    "SOUND_VOLUME": "ձայնի բարձրութիւնը",
    "SOUND_RECORD": "ձայնագրում․․․",
    "CATEGORY_MOTION": "շարժ",
    "CATEGORY_LOOKS": "արտաքին տեսք",
    "CATEGORY_SOUND": "ձայն",
    "CATEGORY_EVENTS": "իրադարձութիւն",
    "CATEGORY_CONTROL": "կառավարում",
    "CATEGORY_SENSING": "ցուցիչ",
    "CATEGORY_OPERATORS": "աւպերատոր",
    "CATEGORY_VARIABLES": "փոփոխական",
    "CATEGORY_MYBLOCKS": "այլ բլոկ",
    "DUPLICATE": "կրկնորինակել",
    "DELETE": "վերացնել",
    "ADD_COMMENT": "աւելացնել մեկնաբանութիւնը",
    "REMOVE_COMMENT": "վերացնել մեկնաբանութիւնը",
    "DELETE_BLOCK": "վերացնել բլոկը",
    "DELETE_X_BLOCKS": "վերացնել %1 բլոկներ",
    "DELETE_ALL_BLOCKS": "վերացնել բոլոր %1 բլոկները?",
    "CLEAN_UP": "մաքրել բլոկերը",
    "HELP": "աւգնութիւն",
    "UNDO": "Չեղարկել",
    "REDO": "Կրկնել",
    "EDIT_PROCEDURE": "խմբագրել",
    "SHOW_PROCEDURE_DEFINITION": "անցնել սահմանմանը",
    "WORKSPACE_COMMENT_DEFAULT_TEXT": "ասել ինչ որ մի բան...",
    "COLOUR_HUE_LABEL": "գոյն",
    "COLOUR_SATURATION_LABEL": "հագեցուածութիւն",
    "COLOUR_BRIGHTNESS_LABEL": "պայծառութիւն",
    "CHANGE_VALUE_TITLE": "փոխել արժեքը:",
    "RENAME_VARIABLE": "անուանափոխել փոփոխականը",
    "RENAME_VARIABLE_TITLE": "անուանափոխել բոլոր \"%1\" փոփոխականները:",
    "RENAME_VARIABLE_MODAL_TITLE": "անուանափոխել փոփոխականը",
    "NEW_VARIABLE": "Ստեղծել փոփոխական",
    "NEW_VARIABLE_TITLE": "Նոր փոփոխականի անուանումը:",
    "VARIABLE_MODAL_TITLE": "Նոր փոփոխական",
    "VARIABLE_ALREADY_EXISTS": " \"%1\"  անունով փոփոխական արդեն գոյութիւն ունի։",
    "VARIABLE_ALREADY_EXISTS_FOR_ANOTHER_TYPE": " \"%1\" անունով փոփոխական արդեն գոյութիւն ունի այլ տիպի փոփոխականներում \"%2\".",
    "DELETE_VARIABLE_CONFIRMATION": "Վերացնել %1 աւտագործուող  \"%2\" փոփոխականուվ?",
    "CANNOT_DELETE_VARIABLE_PROCEDURE": "Չի կարելի վերացնել \"%1\" փոփոխականը, քանի որ նա հանդիսանում է ֆունկցիաների սահմանման մաս \"%2\"",
    "DELETE_VARIABLE": "Վերացնել փոփոխական \"%1\"֊ը",
    "NEW_PROCEDURE": "Ստեղծել բլոկ",
    "PROCEDURE_ALREADY_EXISTS": "\"%1\" անունով կարգ արդեն գոյութիւն ունի",
    "PROCEDURE_DEFAULT_NAME": "բլոկի անուանումը",
    "NEW_LIST": "Ստեղծել ցուցակ",
    "NEW_LIST_TITLE": "Նոր ցուցակի անուանումը:",
    "LIST_MODAL_TITLE": "Նոր ցուցակ",
    "LIST_ALREADY_EXISTS": "\"%1\" անունով ցուցակ արդեն գոյութիւն ունի",
    "RENAME_LIST_TITLE": "Անուանափոխել բոլոր \"%1\" ցուցակները:",
    "RENAME_LIST_MODAL_TITLE": "Անուանափոխել ցուցակը",
    "DEFAULT_LIST_ITEM": "Ինչ որ մի բան",
    "DELETE_LIST": "Վերացնել \"%1\" ցուցակը",
    "RENAME_LIST": "Անուանափոխել ցուցակ",
    "NEW_BROADCAST_MESSAGE": "Նոր հաղորդագրութիւն",
    "NEW_BROADCAST_MESSAGE_TITLE": "Հաղորդագրութեան նոր անուանումը:",
    "BROADCAST_MODAL_TITLE": "Նոր հաղորդագրութիւն",
    "DEFAULT_BROADCAST_MESSAGE_NAME": "Հաղորդագրութիւն1"
}
