{
    "CONTROL_FOREVER": "forever",
    "CONTROL_REPEAT": "повтори %1",
    "CONTROL_IF": "ако %1 тогава",
    "CONTROL_ELSE": "иначе",
    "CONTROL_STOP": "stop",
    "CONTROL_STOP_ALL": "всички",
    "CONTROL_STOP_THIS": "този скрипт",
    "CONTROL_STOP_OTHER": "другите скриптове на спрайта",
    "CONTROL_WAIT": "изчакай %1 сек",
    "CONTROL_WAITUNTIL": "чакай докато %1",
    "CONTROL_REPEATUNTIL": "repeat until %1",
    "CONTROL_WHILE": "while %1",
    "CONTROL_FOREACH": "for each %1 in %2",
    "CONTROL_STARTASCLONE": "when I start as a clone",
    "CONTROL_CREATECLONEOF": "create clone of %1",
    "CONTROL_CREATECLONEOF_MYSELF": "себе си",
    "CONTROL_DELETETHISCLONE": "delete this clone",
    "CONTROL_COUNTER": "брояч",
    "CONTROL_INCRCOUNTER": "нарастващ брояч",
    "CONTROL_CLEARCOUNTER": "clear counter",
    "CONTROL_ALLATONCE": "all at once",
    "DATA_SETVARIABLETO": "set %1 to %2",
    "DATA_CHANGEVARIABLEBY": "change %1 by %2",
    "DATA_SHOWVARIABLE": "show variable %1",
    "DATA_HIDEVARIABLE": "hide variable %1",
    "DATA_ADDTOLIST": "add %1 to %2",
    "DATA_DELETEOFLIST": "изтрий %1 от %2",
    "DATA_DELETEALLOFLIST": "изтрий всичко от %1",
    "DATA_INSERTATLIST": "insert %1 at %2 of %3",
    "DATA_REPLACEITEMOFLIST": "replace item %1 of %2 with %3",
    "DATA_ITEMOFLIST": "елемент %1 от %2",
    "DATA_ITEMNUMOFLIST": "item # of %1 in %2",
    "DATA_LENGTHOFLIST": "големина на %1",
    "DATA_LISTCONTAINSITEM": "%1 съдържа %2?",
    "DATA_SHOWLIST": "покажи списък %1",
    "DATA_HIDELIST": "скрий списък %1",
    "DATA_INDEX_ALL": "всички",
    "DATA_INDEX_LAST": "последен",
    "DATA_INDEX_RANDOM": "random",
    "EVENT_WHENFLAGCLICKED": "when %1 clicked",
    "EVENT_WHENTHISSPRITECLICKED": "when this sprite clicked",
    "EVENT_WHENSTAGECLICKED": "when stage clicked",
    "EVENT_WHENTOUCHINGOBJECT": "when this sprite touches %1",
    "EVENT_WHENBROADCASTRECEIVED": "when I receive %1",
    "EVENT_WHENBACKDROPSWITCHESTO": "when backdrop switches to %1",
    "EVENT_WHENGREATERTHAN": "когато %1 > %2",
    "EVENT_WHENGREATERTHAN_TIMER": "таймер",
    "EVENT_WHENGREATERTHAN_LOUDNESS": "ниво на звука",
    "EVENT_BROADCAST": "разпространи %1",
    "EVENT_BROADCASTANDWAIT": "разпространи %1 и чакай",
    "EVENT_WHENKEYPRESSED": "когато е натиснат клавиш %1",
    "EVENT_WHENKEYPRESSED_SPACE": "интервал",
    "EVENT_WHENKEYPRESSED_LEFT": "лява стрелка",
    "EVENT_WHENKEYPRESSED_RIGHT": "дясна стрелка",
    "EVENT_WHENKEYPRESSED_DOWN": "стрелка надолу",
    "EVENT_WHENKEYPRESSED_UP": "стрелка нагоре",
    "EVENT_WHENKEYPRESSED_ANY": "който и да е",
    "LOOKS_SAYFORSECS": "кажи %1 за %2 сек",
    "LOOKS_SAY": "кажи %1",
    "LOOKS_HELLO": "Здравей!",
    "LOOKS_THINKFORSECS": "мисли %1 за %2 сек",
    "LOOKS_THINK": "мисли %1",
    "LOOKS_HMM": "Хъмм...",
    "LOOKS_SHOW": "покажи се",
    "LOOKS_HIDE": "скрий се",
    "LOOKS_HIDEALLSPRITES": "скрий всички спрайтове",
    "LOOKS_EFFECT_COLOR": "цвят",
    "LOOKS_EFFECT_FISHEYE": "fisheye",
    "LOOKS_EFFECT_WHIRL": "whirl",
    "LOOKS_EFFECT_PIXELATE": "pixelate",
    "LOOKS_EFFECT_MOSAIC": "мозайка",
    "LOOKS_EFFECT_BRIGHTNESS": "яркост",
    "LOOKS_EFFECT_GHOST": "ghost",
    "LOOKS_CHANGEEFFECTBY": "промени ефект %1  с %2",
    "LOOKS_SETEFFECTTO": "направи %1 ефект на %2",
    "LOOKS_CLEARGRAPHICEFFECTS": "премахни графичните ефекти",
    "LOOKS_CHANGESIZEBY": "промени размера с %1",
    "LOOKS_SETSIZETO": "set size to %1 %",
    "LOOKS_SIZE": "размер",
    "LOOKS_CHANGESTRETCHBY": "change stretch by %1",
    "LOOKS_SETSTRETCHTO": "set stretch to %1 %",
    "LOOKS_SWITCHCOSTUMETO": "switch costume to %1",
    "LOOKS_NEXTCOSTUME": "следващ костюм",
    "LOOKS_SWITCHBACKDROPTO": "смени декора с %1",
    "LOOKS_GOTOFRONTBACK": "go to %1 layer",
    "LOOKS_GOTOFRONTBACK_FRONT": "front",
    "LOOKS_GOTOFRONTBACK_BACK": "back",
    "LOOKS_GOFORWARDBACKWARDLAYERS": "премини %1 с %2 слой/я",
    "LOOKS_GOFORWARDBACKWARDLAYERS_FORWARD": "forward",
    "LOOKS_GOFORWARDBACKWARDLAYERS_BACKWARD": "backward",
    "LOOKS_BACKDROPNUMBERNAME": "декор %1",
    "LOOKS_COSTUMENUMBERNAME": "костюм %1",
    "LOOKS_NUMBERNAME_NUMBER": "number",
    "LOOKS_NUMBERNAME_NAME": "name",
    "LOOKS_SWITCHBACKDROPTOANDWAIT": "смени декора с %1 и чакай",
    "LOOKS_NEXTBACKDROP_BLOCK": "следващ декор",
    "LOOKS_NEXTBACKDROP": "следващ декор",
    "LOOKS_PREVIOUSBACKDROP": "предишен декор",
    "LOOKS_RANDOMBACKDROP": "случаен декор",
    "MOTION_MOVESTEPS": "премести се с %1 стъпки",
    "MOTION_TURNLEFT": "завърти се с %1 %2 градуса",
    "MOTION_TURNRIGHT": "ззавърти се с %1 %2 градуса",
    "MOTION_POINTINDIRECTION": "обърни се в посока %1",
    "MOTION_POINTTOWARDS": "обърни се към %1",
    "MOTION_POINTTOWARDS_POINTER": "показалец на мишката",
    "MOTION_POINTTOWARDS_RANDOM": "случайна посока",
    "MOTION_GOTO": "отиди до %1",
    "MOTION_GOTO_POINTER": "показалец на мишката",
    "MOTION_GOTO_RANDOM": "случайна позиция",
    "MOTION_GOTOXY": "отиди до x: %1 y: %2",
    "MOTION_GLIDESECSTOXY": "пропълзи за %1 сек до x: %2 y: %3",
    "MOTION_GLIDETO": "пропълзи за %1 сек до %2",
    "MOTION_GLIDETO_POINTER": "показалец на мишката",
    "MOTION_GLIDETO_RANDOM": "случайна позиция",
    "MOTION_CHANGEXBY": "промени х с %1",
    "MOTION_SETX": "направи x равно на %1",
    "MOTION_CHANGEYBY": "промени y с %1",
    "MOTION_SETY": "направи y равно на %1",
    "MOTION_IFONEDGEBOUNCE": "ако докосваш ръба, отблъсни се",
    "MOTION_SETROTATIONSTYLE": "избери начин на въртене %1",
    "MOTION_SETROTATIONSTYLE_LEFTRIGHT": "наляво-надясно",
    "MOTION_SETROTATIONSTYLE_DONTROTATE": "без въртене",
    "MOTION_SETROTATIONSTYLE_ALLAROUND": "във всички посоки",
    "MOTION_XPOSITION": "x позиция",
    "MOTION_YPOSITION": "y позиция",
    "MOTION_DIRECTION": "посока",
    "MOTION_SCROLLRIGHT": "превърти надясно %1",
    "MOTION_SCROLLUP": "превърти нагоре %1",
    "MOTION_ALIGNSCENE": "подравни %1",
    "MOTION_ALIGNSCENE_BOTTOMLEFT": "долу-ляво",
    "MOTION_ALIGNSCENE_BOTTOMRIGHT": "долу-дясно",
    "MOTION_ALIGNSCENE_MIDDLE": "по средата",
    "MOTION_ALIGNSCENE_TOPLEFT": "горе-ляво",
    "MOTION_ALIGNSCENE_TOPRIGHT": "горе-дясно",
    "MOTION_XSCROLL": "хоризонтално превъртане",
    "MOTION_YSCROLL": "вертикално превъртане",
    "MOTION_STAGE_SELECTED": "Избрана е сцената: няма блокове за движение",
    "OPERATORS_ADD": "%1 + %2",
    "OPERATORS_SUBTRACT": "%1 - %2",
    "OPERATORS_MULTIPLY": "%1 * %2",
    "OPERATORS_DIVIDE": "%1 / %2",
    "OPERATORS_RANDOM": "избери случайно от %1 до %2",
    "OPERATORS_GT": "%1 > %2",
    "OPERATORS_LT": "%1 < %2",
    "OPERATORS_EQUALS": "%1 = %2",
    "OPERATORS_AND": "%1 и %2",
    "OPERATORS_OR": "%1 или %2",
    "OPERATORS_NOT": "не %1",
    "OPERATORS_JOIN": "съедини %1 %2",
    "OPERATORS_JOIN_APPLE": "ябълка",
    "OPERATORS_JOIN_BANANA": "банан",
    "OPERATORS_LETTEROF": "буква %1 от %2",
    "OPERATORS_LETTEROF_APPLE": "а",
    "OPERATORS_LENGTH": "дължина на %1",
    "OPERATORS_CONTAINS": "%1 съдържа %2?",
    "OPERATORS_MOD": "%1 mod %2",
    "OPERATORS_ROUND": "закръгли %1",
    "OPERATORS_MATHOP": "%1 от %2",
    "OPERATORS_MATHOP_ABS": "абсолютна стойност",
    "OPERATORS_MATHOP_FLOOR": "floor",
    "OPERATORS_MATHOP_CEILING": "ceiling",
    "OPERATORS_MATHOP_SQRT": "квадратен корен",
    "OPERATORS_MATHOP_SIN": "sin",
    "OPERATORS_MATHOP_COS": "cos",
    "OPERATORS_MATHOP_TAN": "tan",
    "OPERATORS_MATHOP_ASIN": "asin",
    "OPERATORS_MATHOP_ACOS": "acos",
    "OPERATORS_MATHOP_ATAN": "atan",
    "OPERATORS_MATHOP_LN": "ln",
    "OPERATORS_MATHOP_LOG": "log",
    "OPERATORS_MATHOP_EEXP": "e^",
    "OPERATORS_MATHOP_10EXP": "10 ^",
    "PROCEDURES_DEFINITION": "дефинирай %1",
    "SENSING_TOUCHINGOBJECT": "допира ли %1?",
    "SENSING_TOUCHINGOBJECT_POINTER": "показалец на мишката",
    "SENSING_TOUCHINGOBJECT_EDGE": "ръб",
    "SENSING_TOUCHINGCOLOR": "допира ли цвят %1?",
    "SENSING_COLORISTOUCHINGCOLOR": "цвят %1 допира ли %2?",
    "SENSING_DISTANCETO": "разстояние до %1",
    "SENSING_DISTANCETO_POINTER": "показалец на мишката",
    "SENSING_ASKANDWAIT": "питай %1 и чакай",
    "SENSING_ASK_TEXT": "Какво е твоето име?",
    "SENSING_ANSWER": "отговор",
    "SENSING_KEYPRESSED": "клавиш %1 натиснат?",
    "SENSING_MOUSEDOWN": "mouse down?",
    "SENSING_MOUSEX": "мишка x",
    "SENSING_MOUSEY": "мишка y",
    "SENSING_SETDRAGMODE": "режим на теглене %1",
    "SENSING_SETDRAGMODE_DRAGGABLE": "теглене разрешено",
    "SENSING_SETDRAGMODE_NOTDRAGGABLE": "теглене забранено",
    "SENSING_LOUDNESS": "сила на звука",
    "SENSING_LOUD": "шумно ли е?",
    "SENSING_TIMER": "таймер",
    "SENSING_RESETTIMER": "нулирай таймера",
    "SENSING_OF": "%1 от %2",
    "SENSING_OF_XPOSITION": "x позиция",
    "SENSING_OF_YPOSITION": "y позиция",
    "SENSING_OF_DIRECTION": "посока",
    "SENSING_OF_COSTUMENUMBER": "костюм #",
    "SENSING_OF_COSTUMENAME": "име на костюм",
    "SENSING_OF_SIZE": "размер",
    "SENSING_OF_VOLUME": "сила на звука",
    "SENSING_OF_BACKDROPNUMBER": "декор #",
    "SENSING_OF_BACKDROPNAME": "име на декор",
    "SENSING_OF_STAGE": "Сцена",
    "SENSING_CURRENT": "текущ/а %1",
    "SENSING_CURRENT_YEAR": "година",
    "SENSING_CURRENT_MONTH": "месец",
    "SENSING_CURRENT_DATE": "дата",
    "SENSING_CURRENT_DAYOFWEEK": "ден от седмицата",
    "SENSING_CURRENT_HOUR": "час",
    "SENSING_CURRENT_MINUTE": "минута",
    "SENSING_CURRENT_SECOND": "секунда",
    "SENSING_DAYSSINCE2000": "дни след 2000 година",
    "SENSING_USERNAME": "потребителско име",
    "SENSING_USERID": "user id",
    "SOUND_PLAY": "пусни звук %1",
    "SOUND_PLAYUNTILDONE": "пусни звук %1 докато свърши",
    "SOUND_STOPALLSOUNDS": "stop all sounds",
    "SOUND_SETEFFECTO": "set %1 effect to %2",
    "SOUND_CHANGEEFFECTBY": "change %1 effect by %2",
    "SOUND_CLEAREFFECTS": "clear sound effects",
    "SOUND_EFFECTS_PITCH": "промяна на тона",
    "SOUND_EFFECTS_PAN": "ляво/дясно",
    "SOUND_CHANGEVOLUMEBY": "промени силата на звука с %1",
    "SOUND_SETVOLUMETO": "set volume to %1%",
    "SOUND_VOLUME": "сила на звука",
    "SOUND_RECORD": "запис...",
    "CATEGORY_MOTION": "Движение",
    "CATEGORY_LOOKS": "Външност",
    "CATEGORY_SOUND": "Звук",
    "CATEGORY_EVENTS": "Събития",
    "CATEGORY_CONTROL": "Контрол",
    "CATEGORY_SENSING": "Сетива",
    "CATEGORY_OPERATORS": "Оператори",
    "CATEGORY_VARIABLES": "Променливи",
    "CATEGORY_MYBLOCKS": "Моите Блокове",
    "DUPLICATE": "Дублиране",
    "DELETE": "Изтриване",
    "ADD_COMMENT": "Добави Коментар",
    "REMOVE_COMMENT": "Премахни Коментар",
    "DELETE_BLOCK": "Изтрий Блок",
    "DELETE_X_BLOCKS": "Изтрий %1 блока",
    "DELETE_ALL_BLOCKS": "Изтрий всички %1 блокове",
    "CLEAN_UP": "Изтрий блоковете",
    "HELP": "Помощ",
    "UNDO": "Отмяна",
    "REDO": "Повтаряне",
    "EDIT_PROCEDURE": "Редактиране",
    "SHOW_PROCEDURE_DEFINITION": "Покажи дефиницията",
    "WORKSPACE_COMMENT_DEFAULT_TEXT": "Кажи нещо...",
    "COLOUR_HUE_LABEL": "Цвят",
    "COLOUR_SATURATION_LABEL": "Наситеност",
    "COLOUR_BRIGHTNESS_LABEL": "Яркост",
    "CHANGE_VALUE_TITLE": "Промени стойността:",
    "RENAME_VARIABLE": "Преименувай променлива",
    "RENAME_VARIABLE_TITLE": "Преименувай всички \"%1\" променливи на:",
    "RENAME_VARIABLE_MODAL_TITLE": "Преименувай Променлива",
    "NEW_VARIABLE": "Създаване на Променлива",
    "NEW_VARIABLE_TITLE": "Име на новата променлива:",
    "VARIABLE_MODAL_TITLE": "Нова променлива",
    "VARIABLE_ALREADY_EXISTS": "Променлива \"%1\" вече съществува.",
    "VARIABLE_ALREADY_EXISTS_FOR_ANOTHER_TYPE": "Променлива \"%1\" вече съществува за друга променлива от тип \"%2\".",
    "DELETE_VARIABLE_CONFIRMATION": "Delete %1 uses of the \"%2\" variable?",
    "CANNOT_DELETE_VARIABLE_PROCEDURE": "Не може да се изтрие променливата \"%1\", защото участва в дефиницията на функцията \"%2\".",
    "DELETE_VARIABLE": "Изтрий променливата \"%1\"",
    "NEW_PROCEDURE": "Създаване на блок",
    "PROCEDURE_ALREADY_EXISTS": "Процедура \"%1\" вече съществува.",
    "PROCEDURE_DEFAULT_NAME": "име на блок",
    "NEW_LIST": "Създаване на списък",
    "NEW_LIST_TITLE": "Име на новия списък:",
    "LIST_MODAL_TITLE": "Нов списък",
    "LIST_ALREADY_EXISTS": "Списък \"%1\" вече съществува.",
    "RENAME_LIST_TITLE": "Преименувай всички \"%1\" списъци на:",
    "RENAME_LIST_MODAL_TITLE": "Преименувай списък",
    "DEFAULT_LIST_ITEM": "thing",
    "DELETE_LIST": "Изтрий списъкът \"%1\"",
    "RENAME_LIST": "Преименувай списък",
    "NEW_BROADCAST_MESSAGE": "Ново съобщение",
    "NEW_BROADCAST_MESSAGE_TITLE": "Име на новото съобщение:",
    "BROADCAST_MODAL_TITLE": "Ново съобщение",
    "DEFAULT_BROADCAST_MESSAGE_NAME": "съобщение1"
}