{
    "CONTROL_FOREVER": "por siempre",
    "CONTROL_REPEAT": "repetir %1",
    "CONTROL_IF": "si %1 entonces",
    "CONTROL_ELSE": "si no",
    "CONTROL_STOP": "detener",
    "CONTROL_STOP_ALL": "todos",
    "CONTROL_STOP_THIS": "este programa",
    "CONTROL_STOP_OTHER": "otros programas en el objeto",
    "CONTROL_WAIT": "esperar %1 segundos",
    "CONTROL_WAITUNTIL": "esperar hasta que %1",
    "CONTROL_REPEATUNTIL": "repetir hasta que %1",
    "CONTROL_WHILE": "mientras %1",
    "CONTROL_FOREACH": "para cada %1 de %2",
    "CONTROL_STARTASCLONE": "al comenzar como clon",
    "CONTROL_CREATECLONEOF": "crear clon de %1",
    "CONTROL_CREATECLONEOF_MYSELF": "mí mismo",
    "CONTROL_DELETETHISCLONE": "eliminar este clon",
    "CONTROL_COUNTER": "contador",
    "CONTROL_INCRCOUNTER": "incrementar contador",
    "CONTROL_CLEARCOUNTER": "borrar contador",
    "CONTROL_ALLATONCE": "todo de una vez",
    "DATA_SETVARIABLETO": "dar a %1 el valor %2",
    "DATA_CHANGEVARIABLEBY": "sumar a %1 %2",
    "DATA_SHOWVARIABLE": "mostrar variable %1",
    "DATA_HIDEVARIABLE": "esconder variable %1",
    "DATA_ADDTOLIST": "añadir %1 a %2",
    "DATA_DELETEOFLIST": "eliminar %1 de %2",
    "DATA_DELETEALLOFLIST": "eliminar todos de %1",
    "DATA_INSERTATLIST": "insertar %1 en %2 de %3",
    "DATA_REPLACEITEMOFLIST": "reemplazar elemento %1 de %2 con %3",
    "DATA_ITEMOFLIST": "elemento %1 de %2",
    "DATA_ITEMNUMOFLIST": "# de elemento de %1 en %2",
    "DATA_LENGTHOFLIST": "longitud de %1",
    "DATA_LISTCONTAINSITEM": "¿%2 está en %1?",
    "DATA_SHOWLIST": "mostrar lista %1",
    "DATA_HIDELIST": "esconder lista %1",
    "DATA_INDEX_ALL": "todos",
    "DATA_INDEX_LAST": "último",
    "DATA_INDEX_RANDOM": "aleatorio",
    "EVENT_WHENFLAGCLICKED": "al hacer clic en %1",
    "EVENT_WHENTHISSPRITECLICKED": "al hacer clic en este objeto",
    "EVENT_WHENSTAGECLICKED": "al hacer clic en el escenario",
    "EVENT_WHENTOUCHINGOBJECT": "cuando el objeto toque %1",
    "EVENT_WHENBROADCASTRECEIVED": "al recibir %1",
    "EVENT_WHENBACKDROPSWITCHESTO": "cuando el fondo cambie a %1",
    "EVENT_WHENGREATERTHAN": "cuando %1 > %2",
    "EVENT_WHENGREATERTHAN_TIMER": "cronómetro",
    "EVENT_WHENGREATERTHAN_LOUDNESS": "volumen del sonido",
    "EVENT_BROADCAST": "enviar %1",
    "EVENT_BROADCASTANDWAIT": "enviar %1 y esperar",
    "EVENT_WHENKEYPRESSED": "al presionar tecla %1",
    "EVENT_WHENKEYPRESSED_SPACE": "espacio",
    "EVENT_WHENKEYPRESSED_LEFT": "flecha izquierda",
    "EVENT_WHENKEYPRESSED_RIGHT": "flecha derecha",
    "EVENT_WHENKEYPRESSED_DOWN": "flecha abajo",
    "EVENT_WHENKEYPRESSED_UP": "flecha arriba",
    "EVENT_WHENKEYPRESSED_ANY": "cualquiera",
    "LOOKS_SAYFORSECS": "decir %1 durante %2 segundos",
    "LOOKS_SAY": "decir %1",
    "LOOKS_HELLO": "¡Hola!",
    "LOOKS_THINKFORSECS": "pensar %1 durante %2 segundos",
    "LOOKS_THINK": "pensar %1",
    "LOOKS_HMM": "Umm...",
    "LOOKS_SHOW": "mostrar",
    "LOOKS_HIDE": "esconder",
    "LOOKS_HIDEALLSPRITES": "esconder todos los objetos",
    "LOOKS_EFFECT_COLOR": "color",
    "LOOKS_EFFECT_FISHEYE": "ojo de pez",
    "LOOKS_EFFECT_WHIRL": "remolino",
    "LOOKS_EFFECT_PIXELATE": "pixelar",
    "LOOKS_EFFECT_MOSAIC": "mosaico",
    "LOOKS_EFFECT_BRIGHTNESS": "brillo",
    "LOOKS_EFFECT_GHOST": "desvanecer",
    "LOOKS_CHANGEEFFECTBY": "sumar al efecto %1 %2",
    "LOOKS_SETEFFECTTO": "dar al efecto %1 el valor %2",
    "LOOKS_CLEARGRAPHICEFFECTS": "quitar efectos gráficos",
    "LOOKS_CHANGESIZEBY": "cambiar tamaño por %1",
    "LOOKS_SETSIZETO": "fijar tamaño al %1 %",
    "LOOKS_SIZE": "tamaño",
    "LOOKS_CHANGESTRETCHBY": "sumar al estiramiento %1",
    "LOOKS_SETSTRETCHTO": "fijar estiramiento al %1 %",
    "LOOKS_SWITCHCOSTUMETO": "cambiar disfraz a %1",
    "LOOKS_NEXTCOSTUME": "siguiente disfraz",
    "LOOKS_SWITCHBACKDROPTO": "cambiar fondo a %1",
    "LOOKS_GOTOFRONTBACK": "ir a capa %1",
    "LOOKS_GOTOFRONTBACK_FRONT": "delantera",
    "LOOKS_GOTOFRONTBACK_BACK": "trasera",
    "LOOKS_GOFORWARDBACKWARDLAYERS": "ir %2 capas hacia %1",
    "LOOKS_GOFORWARDBACKWARDLAYERS_FORWARD": "delante",
    "LOOKS_GOFORWARDBACKWARDLAYERS_BACKWARD": "atrás",
    "LOOKS_BACKDROPNUMBERNAME": "%1 de fondo",
    "LOOKS_COSTUMENUMBERNAME": "%1 de disfraz",
    "LOOKS_NUMBERNAME_NUMBER": "número",
    "LOOKS_NUMBERNAME_NAME": "nombre",
    "LOOKS_SWITCHBACKDROPTOANDWAIT": "cambiar fondo a %1 y esperar",
    "LOOKS_NEXTBACKDROP_BLOCK": "siguiente fondo",
    "LOOKS_NEXTBACKDROP": "siguiente fondo",
    "LOOKS_PREVIOUSBACKDROP": "fondo anterior",
    "LOOKS_RANDOMBACKDROP": "fondo aleatorio",
    "MOTION_MOVESTEPS": "mover %1 pasos",
    "MOTION_TURNLEFT": "girar %1 %2 grados",
    "MOTION_TURNRIGHT": "girar %1 %2 grados",
    "MOTION_POINTINDIRECTION": "apuntar en dirección %1",
    "MOTION_POINTTOWARDS": "apuntar hacia %1",
    "MOTION_POINTTOWARDS_POINTER": "puntero del ratón",
    "MOTION_POINTTOWARDS_RANDOM": "dirección aleatoria",
    "MOTION_GOTO": "ir a %1",
    "MOTION_GOTO_POINTER": "puntero del ratón",
    "MOTION_GOTO_RANDOM": "posición aleatoria",
    "MOTION_GOTOXY": "ir a x: %1 y: %2",
    "MOTION_GLIDESECSTOXY": "deslizar en %1 segs a x: %2 y: %3",
    "MOTION_GLIDETO": "deslizar en %1 segs a %2",
    "MOTION_GLIDETO_POINTER": "puntero del ratón",
    "MOTION_GLIDETO_RANDOM": "posición aleatoria",
    "MOTION_CHANGEXBY": "sumar a x %1",
    "MOTION_SETX": "dar a x el valor %1",
    "MOTION_CHANGEYBY": "sumar a y %1",
    "MOTION_SETY": "dar a y el valor %1",
    "MOTION_IFONEDGEBOUNCE": "si toca un borde, rebotar",
    "MOTION_SETROTATIONSTYLE": "fijar estilo de rotación a %1",
    "MOTION_SETROTATIONSTYLE_LEFTRIGHT": "izquierda-derecha",
    "MOTION_SETROTATIONSTYLE_DONTROTATE": "no rotar",
    "MOTION_SETROTATIONSTYLE_ALLAROUND": "en todas direcciones",
    "MOTION_XPOSITION": "posición en x",
    "MOTION_YPOSITION": "posición en y",
    "MOTION_DIRECTION": "dirección",
    "MOTION_SCROLLRIGHT": "desplazar a la derecha %1",
    "MOTION_SCROLLUP": "desplazar arriba %1",
    "MOTION_ALIGNSCENE": "alinear escena %1",
    "MOTION_ALIGNSCENE_BOTTOMLEFT": "abajo a la izquierda",
    "MOTION_ALIGNSCENE_BOTTOMRIGHT": "abajo a la derecha",
    "MOTION_ALIGNSCENE_MIDDLE": "al centro",
    "MOTION_ALIGNSCENE_TOPLEFT": "arriba a la izquierda",
    "MOTION_ALIGNSCENE_TOPRIGHT": "arriba a la derecha",
    "MOTION_XSCROLL": "desplazamiento en x",
    "MOTION_YSCROLL": "desplazamiento en y",
    "MOTION_STAGE_SELECTED": "Escenario seleccionado: no hay bloques de movimiento",
    "OPERATORS_ADD": "%1 + %2",
    "OPERATORS_SUBTRACT": "%1 - %2",
    "OPERATORS_MULTIPLY": "%1 * %2",
    "OPERATORS_DIVIDE": "%1 / %2",
    "OPERATORS_RANDOM": "número aleatorio entre %1 y %2",
    "OPERATORS_GT": "%1 > %2",
    "OPERATORS_LT": "%1 < %2",
    "OPERATORS_EQUALS": "%1 = %2",
    "OPERATORS_AND": "%1 y %2",
    "OPERATORS_OR": "%1 o %2",
    "OPERATORS_NOT": "no %1",
    "OPERATORS_JOIN": "unir %1 %2",
    "OPERATORS_JOIN_APPLE": "manzana",
    "OPERATORS_JOIN_BANANA": "plátano",
    "OPERATORS_LETTEROF": "letra %1 de %2",
    "OPERATORS_LETTEROF_APPLE": "a",
    "OPERATORS_LENGTH": "longitud de %1",
    "OPERATORS_CONTAINS": "¿%2 está en %1?",
    "OPERATORS_MOD": "%1 módulo %2",
    "OPERATORS_ROUND": "redondear %1",
    "OPERATORS_MATHOP": "%1 de %2",
    "OPERATORS_MATHOP_ABS": "valor absoluto",
    "OPERATORS_MATHOP_FLOOR": "suelo",
    "OPERATORS_MATHOP_CEILING": "techo",
    "OPERATORS_MATHOP_SQRT": "raíz cuadrada",
    "OPERATORS_MATHOP_SIN": "sen",
    "OPERATORS_MATHOP_COS": "cos",
    "OPERATORS_MATHOP_TAN": "tan",
    "OPERATORS_MATHOP_ASIN": "arcsen",
    "OPERATORS_MATHOP_ACOS": "arccos",
    "OPERATORS_MATHOP_ATAN": "arctan",
    "OPERATORS_MATHOP_LN": "ln",
    "OPERATORS_MATHOP_LOG": "log",
    "OPERATORS_MATHOP_EEXP": "e ^",
    "OPERATORS_MATHOP_10EXP": "10 ^",
    "PROCEDURES_DEFINITION": "definir %1",
    "SENSING_TOUCHINGOBJECT": "¿tocando %1?",
    "SENSING_TOUCHINGOBJECT_POINTER": "puntero del ratón",
    "SENSING_TOUCHINGOBJECT_EDGE": "borde",
    "SENSING_TOUCHINGCOLOR": "¿tocando el color %1?",
    "SENSING_COLORISTOUCHINGCOLOR": "¿color %1 tocando %2?",
    "SENSING_DISTANCETO": "distancia a %1",
    "SENSING_DISTANCETO_POINTER": "puntero del ratón",
    "SENSING_ASKANDWAIT": "preguntar %1 y esperar",
    "SENSING_ASK_TEXT": "¿Cómo te llamas?",
    "SENSING_ANSWER": "respuesta",
    "SENSING_KEYPRESSED": "¿tecla %1 presionada?",
    "SENSING_MOUSEDOWN": "¿ratón presionado?",
    "SENSING_MOUSEX": "posición x del ratón",
    "SENSING_MOUSEY": "posición y del ratón",
    "SENSING_SETDRAGMODE": "fijar modo de arrastre a %1",
    "SENSING_SETDRAGMODE_DRAGGABLE": "arrastrable",
    "SENSING_SETDRAGMODE_NOTDRAGGABLE": "no arrastrable",
    "SENSING_LOUDNESS": "volumen del sonido",
    "SENSING_LOUD": "¿ruidoso?",
    "SENSING_TIMER": "cronómetro",
    "SENSING_RESETTIMER": "reiniciar cronómetro",
    "SENSING_OF": "%1 de %2",
    "SENSING_OF_XPOSITION": "posición en x",
    "SENSING_OF_YPOSITION": "posición en y",
    "SENSING_OF_DIRECTION": "dirección",
    "SENSING_OF_COSTUMENUMBER": "# de disfraz",
    "SENSING_OF_COSTUMENAME": "nombre de disfraz",
    "SENSING_OF_SIZE": "tamaño",
    "SENSING_OF_VOLUME": "volumen",
    "SENSING_OF_BACKDROPNUMBER": "# de fondo",
    "SENSING_OF_BACKDROPNAME": "nombre de fondo",
    "SENSING_OF_STAGE": "Escenario",
    "SENSING_CURRENT": "%1 actual",
    "SENSING_CURRENT_YEAR": "año",
    "SENSING_CURRENT_MONTH": "mes",
    "SENSING_CURRENT_DATE": "día",
    "SENSING_CURRENT_DAYOFWEEK": "día de la semana",
    "SENSING_CURRENT_HOUR": "hora",
    "SENSING_CURRENT_MINUTE": "minuto",
    "SENSING_CURRENT_SECOND": "segundo",
    "SENSING_DAYSSINCE2000": "días desde el 2000",
    "SENSING_USERNAME": "nombre de usuario",
    "SENSING_USERID": "id de usuario",
    "SOUND_PLAY": "iniciar sonido %1",
    "SOUND_PLAYUNTILDONE": "tocar sonido %1 hasta que termine",
    "SOUND_STOPALLSOUNDS": "detener todos los sonidos",
    "SOUND_SETEFFECTO": "dar al efecto %1 el valor %2",
    "SOUND_CHANGEEFFECTBY": "sumar al efecto %1 %2",
    "SOUND_CLEAREFFECTS": "quitar efectos de sonido",
    "SOUND_EFFECTS_PITCH": "altura",
    "SOUND_EFFECTS_PAN": "balance izquierda/derecha",
    "SOUND_CHANGEVOLUMEBY": "cambiar volumen por %1",
    "SOUND_SETVOLUMETO": "fijar volumen al %1%",
    "SOUND_VOLUME": "volumen",
    "SOUND_RECORD": "grabar...",
    "CATEGORY_MOTION": "Movimiento",
    "CATEGORY_LOOKS": "Apariencia",
    "CATEGORY_SOUND": "Sonido",
    "CATEGORY_EVENTS": "Eventos",
    "CATEGORY_CONTROL": "Control",
    "CATEGORY_SENSING": "Sensores",
    "CATEGORY_OPERATORS": "Operadores",
    "CATEGORY_VARIABLES": "Variables",
    "CATEGORY_MYBLOCKS": "Mis bloques",
    "DUPLICATE": "Duplicar",
    "DELETE": "Eliminar",
    "ADD_COMMENT": "Añadir comentario",
    "REMOVE_COMMENT": "Eliminar comentario",
    "DELETE_BLOCK": "Eliminar bloque",
    "DELETE_X_BLOCKS": "Eliminar %1 bloques",
    "DELETE_ALL_BLOCKS": "¿Eliminar los %1 bloques?",
    "CLEAN_UP": "Ordenar bloques",
    "HELP": "Ayuda",
    "UNDO": "Deshacer",
    "REDO": "Rehacer",
    "EDIT_PROCEDURE": "Editar",
    "SHOW_PROCEDURE_DEFINITION": "Ir a definición",
    "WORKSPACE_COMMENT_DEFAULT_TEXT": "Di algo...",
    "COLOUR_HUE_LABEL": "Color",
    "COLOUR_SATURATION_LABEL": "Saturación",
    "COLOUR_BRIGHTNESS_LABEL": "Brillo",
    "CHANGE_VALUE_TITLE": "Cambiar valor:",
    "RENAME_VARIABLE": "Renombrar variable",
    "RENAME_VARIABLE_TITLE": "Renombrar todas las variables \"%1\" a:",
    "RENAME_VARIABLE_MODAL_TITLE": "Renombrar variable",
    "NEW_VARIABLE": "Crear una variable",
    "NEW_VARIABLE_TITLE": "Nombre de la variable:",
    "VARIABLE_MODAL_TITLE": "Nueva variable",
    "VARIABLE_ALREADY_EXISTS": "Ya existe una variable llamada \"%1\".",
    "VARIABLE_ALREADY_EXISTS_FOR_ANOTHER_TYPE": "Ya existe una variable llamada \"%1\" para otra variable de tipo \"%2\".",
    "DELETE_VARIABLE_CONFIRMATION": "¿Eliminar %1 usos de la variable \"%2\"?",
    "CANNOT_DELETE_VARIABLE_PROCEDURE": "No se puede eliminar la variable \"%1\" porque es parte de la definición de la función \"%2\"",
    "DELETE_VARIABLE": "Eliminar la variable \"%1\"",
    "NEW_PROCEDURE": "Crear un bloque",
    "PROCEDURE_ALREADY_EXISTS": "Ya existe un procedimiento llamado \"%1\".",
    "PROCEDURE_DEFAULT_NAME": "nombre del bloque",
    "NEW_LIST": "Crear una lista",
    "NEW_LIST_TITLE": "Nombre de la lista:",
    "LIST_MODAL_TITLE": "Nueva lista",
    "LIST_ALREADY_EXISTS": "Ya existe una lista llamada \"%1\".",
    "RENAME_LIST_TITLE": "Renombrar todas las listas \"%1\" a:",
    "RENAME_LIST_MODAL_TITLE": "Renombrar lista",
    "DEFAULT_LIST_ITEM": "cosa",
    "DELETE_LIST": "Eliminar la lista \"%1\"",
    "RENAME_LIST": "Renombrar lista",
    "NEW_BROADCAST_MESSAGE": "Nuevo mensaje",
    "NEW_BROADCAST_MESSAGE_TITLE": "Nombre del mensaje:",
    "BROADCAST_MODAL_TITLE": "Nuevo Mensaje",
    "DEFAULT_BROADCAST_MESSAGE_NAME": "mensaje1"
}