{
    "CONTROL_FOREVER": "mindig",
    "CONTROL_REPEAT": "ismételd %1",
    "CONTROL_IF": "ha %1 akkor",
    "CONTROL_ELSE": "különben",
    "CONTROL_STOP": "álljon le",
    "CONTROL_STOP_ALL": "minden feladat",
    "CONTROL_STOP_THIS": "ez a feladat",
    "CONTROL_STOP_OTHER": "szereplő többi feladata",
    "CONTROL_WAIT": "várj %1 mp-et",
    "CONTROL_WAITUNTIL": "várj eddig: %1",
    "CONTROL_REPEATUNTIL": "ismételd eddig: %1",
    "CONTROL_WHILE": "amíg %1",
    "CONTROL_FOREACH": "minden %1 elemet a %2 listában",
    "CONTROL_STARTASCLONE": "másolatként kezdéskor",
    "CONTROL_CREATECLONEOF": "készíts másolatot: %1",
    "CONTROL_CREATECLONEOF_MYSELF": "magadról",
    "CONTROL_DELETETHISCLONE": "töröld ezt a másolatot",
    "CONTROL_COUNTER": "számláló",
    "CONTROL_INCRCOUNTER": "növeld a számlálót",
    "CONTROL_CLEARCOUNTER": "nullázd a számlálót",
    "CONTROL_ALLATONCE": "mindent egyszerre",
    "DATA_SETVARIABLETO": "%1 legyen %2",
    "DATA_CHANGEVARIABLEBY": "%1 változzon %2",
    "DATA_SHOWVARIABLE": "%1 változó jelenjen meg",
    "DATA_HIDEVARIABLE": "%1 változó tűnjön el",
    "DATA_ADDTOLIST": "add %1 elemet %2 listához",
    "DATA_DELETEOFLIST": "töröld %1 elemet %2 listából",
    "DATA_DELETEALLOFLIST": "töröld %1 lista minden elemét",
    "DATA_INSERTATLIST": "szúrd be %1 elemet %2 helyre %3 listában",
    "DATA_REPLACEITEMOFLIST": "cseréld le %1 elemet %2 listában %3 elemre",
    "DATA_ITEMOFLIST": "%2 %1 eleme",
    "DATA_ITEMNUMOFLIST": "%1 sorszáma %2 listában",
    "DATA_LENGTHOFLIST": "%1 hossza",
    "DATA_LISTCONTAINSITEM": "%1 tartalmazza %2?",
    "DATA_SHOWLIST": "%1 lista jelenjen meg",
    "DATA_HIDELIST": "%1 lista tűnjön el",
    "DATA_INDEX_ALL": "minden",
    "DATA_INDEX_LAST": "utolsó",
    "DATA_INDEX_RANDOM": "véletlen",
    "EVENT_WHENFLAGCLICKED": "%1 -ra kattintáskor",
    "EVENT_WHENTHISSPRITECLICKED": "ezen szereplőre kattintáskor",
    "EVENT_WHENSTAGECLICKED": "színpadra kattintáskor",
    "EVENT_WHENTOUCHINGOBJECT": "%1 érintésekor",
    "EVENT_WHENBROADCASTRECEIVED": "%1 üzenet érkezésekor",
    "EVENT_WHENBACKDROPSWITCHESTO": "%1 háttér beállításakor",
    "EVENT_WHENGREATERTHAN": "amikor %1 > %2",
    "EVENT_WHENGREATERTHAN_TIMER": "időmérő",
    "EVENT_WHENGREATERTHAN_LOUDNESS": "hangerő",
    "EVENT_BROADCAST": "küldj üzenetet: %1",
    "EVENT_BROADCASTANDWAIT": "küldj üzenetet: %1 és várj",
    "EVENT_WHENKEYPRESSED": "%1 gomb lenyomásakor",
    "EVENT_WHENKEYPRESSED_SPACE": "szóköz",
    "EVENT_WHENKEYPRESSED_LEFT": "balra nyíl",
    "EVENT_WHENKEYPRESSED_RIGHT": "jobbra nyíl",
    "EVENT_WHENKEYPRESSED_DOWN": "lefelé nyíl",
    "EVENT_WHENKEYPRESSED_UP": "felfelé nyíl",
    "EVENT_WHENKEYPRESSED_ANY": "bármelyik",
    "LOOKS_SAYFORSECS": "mondd: %1 %2 másodpercig",
    "LOOKS_SAY": "mondd: %1",
    "LOOKS_HELLO": "Szia!",
    "LOOKS_THINKFORSECS": "gondold: %1 %2 másodpercig",
    "LOOKS_THINK": "gondold: %1",
    "LOOKS_HMM": "Hmm...",
    "LOOKS_SHOW": "jelenj meg",
    "LOOKS_HIDE": "tűnj el",
    "LOOKS_HIDEALLSPRITES": "rejtsd el az összes szereplőt",
    "LOOKS_EFFECT_COLOR": "szín",
    "LOOKS_EFFECT_FISHEYE": "halszem",
    "LOOKS_EFFECT_WHIRL": "örvény",
    "LOOKS_EFFECT_PIXELATE": "pixeles",
    "LOOKS_EFFECT_MOSAIC": "mozaik",
    "LOOKS_EFFECT_BRIGHTNESS": "fényerő",
    "LOOKS_EFFECT_GHOST": "szellem",
    "LOOKS_CHANGEEFFECTBY": "%1 hatás változzon %2",
    "LOOKS_SETEFFECTTO": "%1 hatás legyen %2",
    "LOOKS_CLEARGRAPHICEFFECTS": "töröld a grafikus hatásokat",
    "LOOKS_CHANGESIZEBY": "méret változzon %1",
    "LOOKS_SETSIZETO": "méret legyen %1 %",
    "LOOKS_SIZE": "méret",
    "LOOKS_CHANGESTRETCHBY": "nyújtás változzon %1",
    "LOOKS_SETSTRETCHTO": "nyújtás legyen %1",
    "LOOKS_SWITCHCOSTUMETO": "jelmez legyen %1",
    "LOOKS_NEXTCOSTUME": "következő jelmez",
    "LOOKS_SWITCHBACKDROPTO": "háttér legyen %1",
    "LOOKS_GOTOFRONTBACK": "kerülj %1",
    "LOOKS_GOTOFRONTBACK_FRONT": "legelőre",
    "LOOKS_GOTOFRONTBACK_BACK": "leghátra",
    "LOOKS_GOFORWARDBACKWARDLAYERS": "kerülj %1 %2 szintet",
    "LOOKS_GOFORWARDBACKWARDLAYERS_FORWARD": "előre",
    "LOOKS_GOFORWARDBACKWARDLAYERS_BACKWARD": "hátra",
    "LOOKS_BACKDROPNUMBERNAME": "háttér %1",
    "LOOKS_COSTUMENUMBERNAME": "jelmez %1",
    "LOOKS_NUMBERNAME_NUMBER": "sorszáma",
    "LOOKS_NUMBERNAME_NAME": "neve",
    "LOOKS_SWITCHBACKDROPTOANDWAIT": "háttér legyen %1 és várj",
    "LOOKS_NEXTBACKDROP_BLOCK": "következő háttér",
    "LOOKS_NEXTBACKDROP": "következő háttér",
    "LOOKS_PREVIOUSBACKDROP": "előző háttér",
    "LOOKS_RANDOMBACKDROP": "véletlen háttér",
    "MOTION_MOVESTEPS": "menj %1 lépést",
    "MOTION_TURNLEFT": "fordulj %1 %2 fokot",
    "MOTION_TURNRIGHT": "fordulj %1 %2 fokot",
    "MOTION_POINTINDIRECTION": "nézz %1 fokos irányba",
    "MOTION_POINTTOWARDS": "nézz %1 felé",
    "MOTION_POINTTOWARDS_POINTER": "egérmutató",
    "MOTION_POINTTOWARDS_RANDOM": "véletlen irány",
    "MOTION_GOTO": "ugorj %1 helyére",
    "MOTION_GOTO_POINTER": "egérmutató",
    "MOTION_GOTO_RANDOM": "véletlen hely",
    "MOTION_GOTOXY": "ugorj ide: x: %1 y: %2",
    "MOTION_GLIDESECSTOXY": "csússz %1 mp-ig ide: x: %2 y: %3",
    "MOTION_GLIDETO": "csússz %1 mp-ig ide: %2",
    "MOTION_GLIDETO_POINTER": "egérmutató",
    "MOTION_GLIDETO_RANDOM": "véletlen hely",
    "MOTION_CHANGEXBY": "x változzon %1",
    "MOTION_SETX": "x legyen %1",
    "MOTION_CHANGEYBY": "y változzon %1",
    "MOTION_SETY": "y legyen %1",
    "MOTION_IFONEDGEBOUNCE": "ha szélen vagy, pattanj vissza",
    "MOTION_SETROTATIONSTYLE": "jelmez %1",
    "MOTION_SETROTATIONSTYLE_LEFTRIGHT": "balra-jobbra nézhet",
    "MOTION_SETROTATIONSTYLE_DONTROTATE": "nem foroghat",
    "MOTION_SETROTATIONSTYLE_ALLAROUND": "foroghat",
    "MOTION_XPOSITION": "x hely",
    "MOTION_YPOSITION": "y hely",
    "MOTION_DIRECTION": "irány",
    "MOTION_SCROLLRIGHT": "görgess jobbra: %1",
    "MOTION_SCROLLUP": "görgess fel: %1",
    "MOTION_ALIGNSCENE": "%1 jelenet igazítása",
    "MOTION_ALIGNSCENE_BOTTOMLEFT": "lent balra",
    "MOTION_ALIGNSCENE_BOTTOMRIGHT": "lent jobbra",
    "MOTION_ALIGNSCENE_MIDDLE": "középen",
    "MOTION_ALIGNSCENE_TOPLEFT": "fent balra",
    "MOTION_ALIGNSCENE_TOPRIGHT": "fent jobbra",
    "MOTION_XSCROLL": "x görgetés",
    "MOTION_YSCROLL": "y görgetés",
    "MOTION_STAGE_SELECTED": "A színpad nem mozgatható",
    "OPERATORS_ADD": "%1 + %2",
    "OPERATORS_SUBTRACT": "%1 - %2",
    "OPERATORS_MULTIPLY": "%1 * %2",
    "OPERATORS_DIVIDE": "%1 / %2",
    "OPERATORS_RANDOM": "véletlen %1 és %2 között",
    "OPERATORS_GT": "%1 > %2",
    "OPERATORS_LT": "%1 < %2",
    "OPERATORS_EQUALS": "%1 = %2",
    "OPERATORS_AND": "%1 és %2",
    "OPERATORS_OR": "%1 vagy %2",
    "OPERATORS_NOT": "nem %1",
    "OPERATORS_JOIN": "%1 %2 együtt",
    "OPERATORS_JOIN_APPLE": "alma",
    "OPERATORS_JOIN_BANANA": "banán",
    "OPERATORS_LETTEROF": "%2 %1 betűje",
    "OPERATORS_LETTEROF_APPLE": "a",
    "OPERATORS_LENGTH": "%1 hossza",
    "OPERATORS_CONTAINS": "%1 tartalmazza %2?",
    "OPERATORS_MOD": "%1 / %2 maradéka",
    "OPERATORS_ROUND": "%1 kerekítve",
    "OPERATORS_MATHOP": "%2 %1 értéke",
    "OPERATORS_MATHOP_ABS": "abszolut értéke",
    "OPERATORS_MATHOP_FLOOR": "lefelé kerekítve",
    "OPERATORS_MATHOP_CEILING": "felfelé kerekítve",
    "OPERATORS_MATHOP_SQRT": "gyöke",
    "OPERATORS_MATHOP_SIN": "szinusza",
    "OPERATORS_MATHOP_COS": "koszinusza",
    "OPERATORS_MATHOP_TAN": "tangense",
    "OPERATORS_MATHOP_ASIN": "arcsin",
    "OPERATORS_MATHOP_ACOS": "arccos",
    "OPERATORS_MATHOP_ATAN": "arctan",
    "OPERATORS_MATHOP_LN": "ln",
    "OPERATORS_MATHOP_LOG": "logaritmusa",
    "OPERATORS_MATHOP_EEXP": "e^",
    "OPERATORS_MATHOP_10EXP": "10^",
    "PROCEDURES_DEFINITION": "%1 meghatározása",
    "SENSING_TOUCHINGOBJECT": "érinted: %1?",
    "SENSING_TOUCHINGOBJECT_POINTER": "egérmutató",
    "SENSING_TOUCHINGOBJECT_EDGE": "színpad széle",
    "SENSING_TOUCHINGCOLOR": "érintesz %1 színt?",
    "SENSING_COLORISTOUCHINGCOLOR": "%1 érint %2 színt?",
    "SENSING_DISTANCETO": "%1 távolsága",
    "SENSING_DISTANCETO_POINTER": "egérmutató",
    "SENSING_ASKANDWAIT": "kérdezd meg: %1 és várj",
    "SENSING_ASK_TEXT": "Hogy hívnak?",
    "SENSING_ANSWER": "válasz",
    "SENSING_KEYPRESSED": "%1 lenyomva?",
    "SENSING_MOUSEDOWN": "egér lenyomva?",
    "SENSING_MOUSEX": "egér x",
    "SENSING_MOUSEY": "egér y",
    "SENSING_SETDRAGMODE": "húzás módja legyen %1",
    "SENSING_SETDRAGMODE_DRAGGABLE": "húzható",
    "SENSING_SETDRAGMODE_NOTDRAGGABLE": "nem húzható",
    "SENSING_LOUDNESS": "hangerő",
    "SENSING_LOUD": "hangos?",
    "SENSING_TIMER": "időmérő",
    "SENSING_RESETTIMER": "időmérő visszaállítása",
    "SENSING_OF": "%2 %1",
    "SENSING_OF_XPOSITION": "x hely",
    "SENSING_OF_YPOSITION": "y hely",
    "SENSING_OF_DIRECTION": "irány",
    "SENSING_OF_COSTUMENUMBER": "jelmez sorszáma",
    "SENSING_OF_COSTUMENAME": "jelmez neve",
    "SENSING_OF_SIZE": "mérete",
    "SENSING_OF_VOLUME": "hangereje",
    "SENSING_OF_BACKDROPNUMBER": "háttér sorszáma",
    "SENSING_OF_BACKDROPNAME": "háttér neve",
    "SENSING_OF_STAGE": "Színpad",
    "SENSING_CURRENT": "jelenlegi %1",
    "SENSING_CURRENT_YEAR": "év",
    "SENSING_CURRENT_MONTH": "hónap",
    "SENSING_CURRENT_DATE": "nap",
    "SENSING_CURRENT_DAYOFWEEK": "hét napja",
    "SENSING_CURRENT_HOUR": "óra",
    "SENSING_CURRENT_MINUTE": "perc",
    "SENSING_CURRENT_SECOND": "másodperc",
    "SENSING_DAYSSINCE2000": "napok 2000 óta",
    "SENSING_USERNAME": "felhasználó",
    "SENSING_USERID": "felhasználóazonosító",
    "SOUND_PLAY": "indítsd el %1 hangot",
    "SOUND_PLAYUNTILDONE": "játszd végig %1 hangot",
    "SOUND_STOPALLSOUNDS": "minden hang álljon le",
    "SOUND_SETEFFECTO": "%1 hatás legyen %2",
    "SOUND_CHANGEEFFECTBY": "%1 hatás változzon %2",
    "SOUND_CLEAREFFECTS": "hanghatások törlése",
    "SOUND_EFFECTS_PITCH": "hangmagasság",
    "SOUND_EFFECTS_PAN": "pásztázás balra/jobbra",
    "SOUND_CHANGEVOLUMEBY": "hangerő változzon %1",
    "SOUND_SETVOLUMETO": "hangerő legyen %1%",
    "SOUND_VOLUME": "hangerő",
    "SOUND_RECORD": "felvétel...",
    "CATEGORY_MOTION": "Mozgás",
    "CATEGORY_LOOKS": "Kinézet",
    "CATEGORY_SOUND": "Hang",
    "CATEGORY_EVENTS": "Események",
    "CATEGORY_CONTROL": "Vezérlés",
    "CATEGORY_SENSING": "Érzékelés",
    "CATEGORY_OPERATORS": "Műveletek",
    "CATEGORY_VARIABLES": "Változók",
    "CATEGORY_MYBLOCKS": "Blokkjaim",
    "DUPLICATE": "Duplikálás",
    "DELETE": "Törlés",
    "ADD_COMMENT": "Megjegyzés",
    "REMOVE_COMMENT": "Megjegyzés eltávolítása",
    "DELETE_BLOCK": "Blokk törlése",
    "DELETE_X_BLOCKS": "Törölj %1 blokkot",
    "DELETE_ALL_BLOCKS": "Mind a %1 blokk törlése?",
    "CLEAN_UP": "Rendrakás",
    "HELP": "Súgó",
    "UNDO": "Visszavonás",
    "REDO": "Mégis",
    "EDIT_PROCEDURE": "Szerkesztés",
    "SHOW_PROCEDURE_DEFINITION": "Ugorj a meghatározáshoz",
    "WORKSPACE_COMMENT_DEFAULT_TEXT": "Mondj valamit...",
    "COLOUR_HUE_LABEL": "Szín",
    "COLOUR_SATURATION_LABEL": "Telítettség",
    "COLOUR_BRIGHTNESS_LABEL": "Fényerő",
    "CHANGE_VALUE_TITLE": "Érték változtatása:",
    "RENAME_VARIABLE": "Változó átnevezése",
    "RENAME_VARIABLE_TITLE": "Minden „%1” változó átnevezése erre:",
    "RENAME_VARIABLE_MODAL_TITLE": "Változó átnevezése",
    "NEW_VARIABLE": "Változó létrehozása",
    "NEW_VARIABLE_TITLE": "Új változó neve:",
    "VARIABLE_MODAL_TITLE": "Új változó",
    "VARIABLE_ALREADY_EXISTS": "„%1” nevű változó már létezik.",
    "VARIABLE_ALREADY_EXISTS_FOR_ANOTHER_TYPE": "„%1” nevű változó már létezik egy másik „%2” típusú változónál",
    "DELETE_VARIABLE_CONFIRMATION": "Törlöd „%2” változót (%1 használat)?",
    "CANNOT_DELETE_VARIABLE_PROCEDURE": "„%1” változó nem törölhető, mert „%2” függvény leírásának része",
    "DELETE_VARIABLE": "Töröld „%1” változót",
    "NEW_PROCEDURE": "Blokk létrehozása",
    "PROCEDURE_ALREADY_EXISTS": "„%1” nevű blokk már létezik.",
    "PROCEDURE_DEFAULT_NAME": "blokknév",
    "NEW_LIST": "Lista létrehozása",
    "NEW_LIST_TITLE": "Új lista neve:",
    "LIST_MODAL_TITLE": "Új lista",
    "LIST_ALREADY_EXISTS": "„%1” nevű lista már létezik.",
    "RENAME_LIST_TITLE": "Nevezd át az összes „%1” listát erre:",
    "RENAME_LIST_MODAL_TITLE": "Lista átnevezése",
    "DEFAULT_LIST_ITEM": "valami",
    "DELETE_LIST": "Töröld „%1” listát",
    "RENAME_LIST": "Lista átnevezése",
    "NEW_BROADCAST_MESSAGE": "Új üzenet",
    "NEW_BROADCAST_MESSAGE_TITLE": "Új üzenet neve:",
    "BROADCAST_MODAL_TITLE": "Új üzenet",
    "DEFAULT_BROADCAST_MESSAGE_NAME": "üzenet1"
}