{
    "CONTROL_FOREVER": "zawsze",
    "CONTROL_REPEAT": "powtarzaj %1",
    "CONTROL_IF": "jeżeli %1 to",
    "CONTROL_ELSE": "w przeciwnym razie",
    "CONTROL_STOP": "zatrzymaj",
    "CONTROL_STOP_ALL": "wszystko",
    "CONTROL_STOP_THIS": "ten skrypt",
    "CONTROL_STOP_OTHER": "inne skrypty duszka",
    "CONTROL_WAIT": "czekaj %1 sekund",
    "CONTROL_WAITUNTIL": "czekaj aż %1",
    "CONTROL_REPEATUNTIL": "powtarzaj aż %1",
    "CONTROL_WHILE": "podczas gdy %1",
    "CONTROL_FOREACH": "dla każdego %1 z %2",
    "CONTROL_STARTASCLONE": "gdy zaczynam jako klon",
    "CONTROL_CREATECLONEOF": "utwórz klona z %1",
    "CONTROL_CREATECLONEOF_MYSELF": "siebie",
    "CONTROL_DELETETHISCLONE": "usuń tego klona",
    "CONTROL_COUNTER": "licznik",
    "CONTROL_INCRCOUNTER": "zwiększ licznik",
    "CONTROL_CLEARCOUNTER": "zeruj licznik",
    "CONTROL_ALLATONCE": "wszystko na raz",
    "DATA_SETVARIABLETO": "ustaw %1 na %2",
    "DATA_CHANGEVARIABLEBY": "zmień %1 o %2",
    "DATA_SHOWVARIABLE": "pokaż zmienną %1",
    "DATA_HIDEVARIABLE": "ukryj zmienną %1",
    "DATA_ADDTOLIST": "dodaj %1 do %2",
    "DATA_DELETEOFLIST": "usuń %1 z %2",
    "DATA_DELETEALLOFLIST": "usuń wszystko z %1",
    "DATA_INSERTATLIST": "wstaw %1 na %2 pozycji z %3",
    "DATA_REPLACEITEMOFLIST": "zamień %1 z %2 na %3",
    "DATA_ITEMOFLIST": "element %1 z %2",
    "DATA_ITEMNUMOFLIST": "pozycja %1 na liście %2",
    "DATA_LENGTHOFLIST": "długość %1",
    "DATA_LISTCONTAINSITEM": "%1 zawiera %2?",
    "DATA_SHOWLIST": "pokaż listę %1",
    "DATA_HIDELIST": "ukryj listę %1",
    "DATA_INDEX_ALL": "wszystko",
    "DATA_INDEX_LAST": "ostatni",
    "DATA_INDEX_RANDOM": "losowa",
    "EVENT_WHENFLAGCLICKED": "kiedy kliknięto %1",
    "EVENT_WHENTHISSPRITECLICKED": "kiedy ten duszek kliknięty",
    "EVENT_WHENSTAGECLICKED": "kiedy scena kliknięta",
    "EVENT_WHENTOUCHINGOBJECT": "kiedy ten duszek dotknie %1",
    "EVENT_WHENBROADCASTRECEIVED": "kiedy otrzymam %1",
    "EVENT_WHENBACKDROPSWITCHESTO": "kiedy tło zmieni się na %1",
    "EVENT_WHENGREATERTHAN": "kiedy %1 > %2",
    "EVENT_WHENGREATERTHAN_TIMER": "stoper",
    "EVENT_WHENGREATERTHAN_LOUDNESS": "głośność",
    "EVENT_BROADCAST": "nadaj komunikat %1",
    "EVENT_BROADCASTANDWAIT": "nadaj komunikat %1 i czekaj",
    "EVENT_WHENKEYPRESSED": "kiedy klawisz %1 naciśnięty",
    "EVENT_WHENKEYPRESSED_SPACE": "spacja",
    "EVENT_WHENKEYPRESSED_LEFT": "strzałka w lewo",
    "EVENT_WHENKEYPRESSED_RIGHT": "strzałka w prawo",
    "EVENT_WHENKEYPRESSED_DOWN": "strzałka w dół",
    "EVENT_WHENKEYPRESSED_UP": "strzałka w górę",
    "EVENT_WHENKEYPRESSED_ANY": "dowolny",
    "LOOKS_SAYFORSECS": "powiedz %1 przez %2 sekund",
    "LOOKS_SAY": "powiedz %1",
    "LOOKS_HELLO": "Cześć!",
    "LOOKS_THINKFORSECS": "pomyśl %1 przez %2 sekund",
    "LOOKS_THINK": "pomyśl %1",
    "LOOKS_HMM": "Hmm...",
    "LOOKS_SHOW": "pokaż",
    "LOOKS_HIDE": "ukryj",
    "LOOKS_HIDEALLSPRITES": "ukryj wszystkie duszki",
    "LOOKS_EFFECT_COLOR": "kolor",
    "LOOKS_EFFECT_FISHEYE": "rybie oko",
    "LOOKS_EFFECT_WHIRL": "wir",
    "LOOKS_EFFECT_PIXELATE": "zniekształć",
    "LOOKS_EFFECT_MOSAIC": "mozaika",
    "LOOKS_EFFECT_BRIGHTNESS": "jasność",
    "LOOKS_EFFECT_GHOST": "duch",
    "LOOKS_CHANGEEFFECTBY": "zmień efekt %1 o %2",
    "LOOKS_SETEFFECTTO": "ustaw efekt %1 na %2",
    "LOOKS_CLEARGRAPHICEFFECTS": "wyczyść efekty graficzne",
    "LOOKS_CHANGESIZEBY": "zmień rozmiar o %1",
    "LOOKS_SETSIZETO": "ustaw rozmiar na %1 %",
    "LOOKS_SIZE": "rozmiar",
    "LOOKS_CHANGESTRETCHBY": "zmień rozciągnięcie o %1",
    "LOOKS_SETSTRETCHTO": "ustaw rozciąganie na %1 %",
    "LOOKS_SWITCHCOSTUMETO": "zmień kostium na %1",
    "LOOKS_NEXTCOSTUME": "następny kostium",
    "LOOKS_SWITCHBACKDROPTO": "zmień tło na %1",
    "LOOKS_GOTOFRONTBACK": "przesuń na %1",
    "LOOKS_GOTOFRONTBACK_FRONT": "na wierzch",
    "LOOKS_GOTOFRONTBACK_BACK": "na spód",
    "LOOKS_GOFORWARDBACKWARDLAYERS": "przesuń %1 o %2 warstw",
    "LOOKS_GOFORWARDBACKWARDLAYERS_FORWARD": "do przodu",
    "LOOKS_GOFORWARDBACKWARDLAYERS_BACKWARD": "do tyłu",
    "LOOKS_BACKDROPNUMBERNAME": "tło %1",
    "LOOKS_COSTUMENUMBERNAME": "kostium %1",
    "LOOKS_NUMBERNAME_NUMBER": "liczba",
    "LOOKS_NUMBERNAME_NAME": "nazwa",
    "LOOKS_SWITCHBACKDROPTOANDWAIT": "zmień tło na %1 i czekaj",
    "LOOKS_NEXTBACKDROP_BLOCK": "następne tło",
    "LOOKS_NEXTBACKDROP": "następne tło",
    "LOOKS_PREVIOUSBACKDROP": "poprzednie tło",
    "LOOKS_RANDOMBACKDROP": "losowo wybrane tło",
    "MOTION_MOVESTEPS": "przesuń o %1 kroków",
    "MOTION_TURNLEFT": "obróć %1 o %2 stopni",
    "MOTION_TURNRIGHT": "obróć %1 o %2 stopni",
    "MOTION_POINTINDIRECTION": "ustaw kierunek na %1",
    "MOTION_POINTTOWARDS": "ustaw w kierunku duszka %1",
    "MOTION_POINTTOWARDS_POINTER": "wskaźnik myszy",
    "MOTION_POINTTOWARDS_RANDOM": "losowy kierunek",
    "MOTION_GOTO": "idź do %1",
    "MOTION_GOTO_POINTER": "wskaźnik myszy",
    "MOTION_GOTO_RANDOM": "losowa pozycja",
    "MOTION_GOTOXY": "Idź do x: %1 y: %2",
    "MOTION_GLIDESECSTOXY": "leć przez %1 sekund do x: %2 y: %3",
    "MOTION_GLIDETO": "leć przez %1 sekund do %2",
    "MOTION_GLIDETO_POINTER": "wskaźnik myszy",
    "MOTION_GLIDETO_RANDOM": "losowa pozycja",
    "MOTION_CHANGEXBY": "zmień x o %1",
    "MOTION_SETX": "ustaw x na %1",
    "MOTION_CHANGEYBY": "zmień y o %1",
    "MOTION_SETY": "ustaw y na %1",
    "MOTION_IFONEDGEBOUNCE": "jeżeli na brzegu, odbij się",
    "MOTION_SETROTATIONSTYLE": "ustaw styl obrotu na %1",
    "MOTION_SETROTATIONSTYLE_LEFTRIGHT": "lewo-prawo",
    "MOTION_SETROTATIONSTYLE_DONTROTATE": "nie obracaj",
    "MOTION_SETROTATIONSTYLE_ALLAROUND": "dookoła",
    "MOTION_XPOSITION": "pozycja x",
    "MOTION_YPOSITION": "pozycja y",
    "MOTION_DIRECTION": "kierunek",
    "MOTION_SCROLLRIGHT": "przewiń w prawo %1",
    "MOTION_SCROLLUP": "przewiń w górę %1",
    "MOTION_ALIGNSCENE": "wyrównaj scenę %1",
    "MOTION_ALIGNSCENE_BOTTOMLEFT": "na dole po lewej stronie",
    "MOTION_ALIGNSCENE_BOTTOMRIGHT": "na dole z prawej stronie",
    "MOTION_ALIGNSCENE_MIDDLE": "środek",
    "MOTION_ALIGNSCENE_TOPLEFT": "na górze po lewej stronie",
    "MOTION_ALIGNSCENE_TOPRIGHT": "na górze po prawej stronie",
    "MOTION_XSCROLL": "przewijanie x",
    "MOTION_YSCROLL": "przewijanie y",
    "MOTION_STAGE_SELECTED": "wybrana scena: bez bloków ruchu",
    "OPERATORS_ADD": "%1 + %2",
    "OPERATORS_SUBTRACT": "%1 - %2",
    "OPERATORS_MULTIPLY": "%1 * %2",
    "OPERATORS_DIVIDE": "%1 / %2",
    "OPERATORS_RANDOM": "losuj liczbę od %1 do %2",
    "OPERATORS_GT": "%1 > %2",
    "OPERATORS_LT": "%1 < %2",
    "OPERATORS_EQUALS": "%1 = %2",
    "OPERATORS_AND": "%1 i %2",
    "OPERATORS_OR": "%1 lub %2",
    "OPERATORS_NOT": "nie %1",
    "OPERATORS_JOIN": "połącz %1 i %2",
    "OPERATORS_JOIN_APPLE": "jabłko",
    "OPERATORS_JOIN_BANANA": "banan",
    "OPERATORS_LETTEROF": "litera %1 z %2",
    "OPERATORS_LETTEROF_APPLE": "j",
    "OPERATORS_LENGTH": "długość %1",
    "OPERATORS_CONTAINS": "Czy %1 zawiera %2 ?",
    "OPERATORS_MOD": "reszta z dzielenia %1 przez %2",
    "OPERATORS_ROUND": "zaokrąglij %1",
    "OPERATORS_MATHOP": "%1 z %2",
    "OPERATORS_MATHOP_ABS": "wartość bezwzględna",
    "OPERATORS_MATHOP_FLOOR": "podłoga",
    "OPERATORS_MATHOP_CEILING": "sufit",
    "OPERATORS_MATHOP_SQRT": "pierwiastek kwadratowy",
    "OPERATORS_MATHOP_SIN": "sinus",
    "OPERATORS_MATHOP_COS": "cosinus",
    "OPERATORS_MATHOP_TAN": "tangens",
    "OPERATORS_MATHOP_ASIN": "arcus sinus",
    "OPERATORS_MATHOP_ACOS": "arcus cosinus",
    "OPERATORS_MATHOP_ATAN": "arcus tangens",
    "OPERATORS_MATHOP_LN": "logarytm naturalny",
    "OPERATORS_MATHOP_LOG": "log",
    "OPERATORS_MATHOP_EEXP": "e ^",
    "OPERATORS_MATHOP_10EXP": "10 ^",
    "PROCEDURES_DEFINITION": "definiuj %1",
    "SENSING_TOUCHINGOBJECT": "dotyka %1 ?",
    "SENSING_TOUCHINGOBJECT_POINTER": "wskaźnik myszy",
    "SENSING_TOUCHINGOBJECT_EDGE": "krawędź",
    "SENSING_TOUCHINGCOLOR": "dotyka koloru %1 ?",
    "SENSING_COLORISTOUCHINGCOLOR": "kolor %1 dotyka %2 ? ",
    "SENSING_DISTANCETO": "odległość od %1",
    "SENSING_DISTANCETO_POINTER": "wskaźnik myszy",
    "SENSING_ASKANDWAIT": "zapytaj %1 i czekaj",
    "SENSING_ASK_TEXT": "Jak się nazywasz?",
    "SENSING_ANSWER": "odpowiedź",
    "SENSING_KEYPRESSED": "klawisz %1 naciśnięty ?",
    "SENSING_MOUSEDOWN": "kliknięto myszką?",
    "SENSING_MOUSEX": "x myszy",
    "SENSING_MOUSEY": "y myszy",
    "SENSING_SETDRAGMODE": "ustaw tryb przeciągania na %1",
    "SENSING_SETDRAGMODE_DRAGGABLE": "z przeciąganiem",
    "SENSING_SETDRAGMODE_NOTDRAGGABLE": "bez przeciągania",
    "SENSING_LOUDNESS": "głośność",
    "SENSING_LOUD": "głośno?",
    "SENSING_TIMER": "stoper",
    "SENSING_RESETTIMER": "resetuj stoper",
    "SENSING_OF": "%1 z %2",
    "SENSING_OF_XPOSITION": "pozycja x",
    "SENSING_OF_YPOSITION": "pozycja y",
    "SENSING_OF_DIRECTION": "kierunek",
    "SENSING_OF_COSTUMENUMBER": "indeks kostiumu",
    "SENSING_OF_COSTUMENAME": "nazwa kostiumu",
    "SENSING_OF_SIZE": "rozmiar",
    "SENSING_OF_VOLUME": "głośność",
    "SENSING_OF_BACKDROPNUMBER": "indeks tła",
    "SENSING_OF_BACKDROPNAME": "nazwa tła",
    "SENSING_OF_STAGE": "scena",
    "SENSING_CURRENT": "obecny %1",
    "SENSING_CURRENT_YEAR": "rok",
    "SENSING_CURRENT_MONTH": "miesiąc",
    "SENSING_CURRENT_DATE": "dzień",
    "SENSING_CURRENT_DAYOFWEEK": "dzień tygodnia",
    "SENSING_CURRENT_HOUR": "godzina",
    "SENSING_CURRENT_MINUTE": "minuta",
    "SENSING_CURRENT_SECOND": "sekunda",
    "SENSING_DAYSSINCE2000": "dni od 2000",
    "SENSING_USERNAME": "nazwa użytkownika",
    "SENSING_USERID": "ID użytkownika",
    "SOUND_PLAY": "zagraj dźwięk %1",
    "SOUND_PLAYUNTILDONE": "graj dźwięk %1 aż się skończy",
    "SOUND_STOPALLSOUNDS": "zakończ wszystkie dźwięki",
    "SOUND_SETEFFECTO": "ustaw efekt %1 na %2",
    "SOUND_CHANGEEFFECTBY": "zmień efekt %1 o %2",
    "SOUND_CLEAREFFECTS": "usuń efekty dźwiękowe",
    "SOUND_EFFECTS_PITCH": "płynność dźwięku",
    "SOUND_EFFECTS_PAN": "przesuń w lewo/prawo",
    "SOUND_CHANGEVOLUMEBY": "zmień głośność o %1",
    "SOUND_SETVOLUMETO": "ustaw głośność na %1%",
    "SOUND_VOLUME": "głośność",
    "SOUND_RECORD": "nagraj...",
    "CATEGORY_MOTION": "Ruch",
    "CATEGORY_LOOKS": "Wygląd",
    "CATEGORY_SOUND": "Dźwięk",
    "CATEGORY_EVENTS": "Zdarzenia",
    "CATEGORY_CONTROL": "Kontrola",
    "CATEGORY_SENSING": "Czujniki",
    "CATEGORY_OPERATORS": "Wyrażenia",
    "CATEGORY_VARIABLES": "Zmienne",
    "CATEGORY_MYBLOCKS": "Moje bloki",
    "DUPLICATE": "Duplikuj",
    "DELETE": "Usuń",
    "ADD_COMMENT": "Dodaj komentarz",
    "REMOVE_COMMENT": "Usuń komentarz",
    "DELETE_BLOCK": "Usuń blok",
    "DELETE_X_BLOCKS": "Usuń %1 bloków",
    "DELETE_ALL_BLOCKS": "Czy usunąć wszystkie %1 bloków?",
    "CLEAN_UP": "Posprzątaj bloki",
    "HELP": "Pomoc",
    "UNDO": "Cofnij",
    "REDO": "Ponów",
    "EDIT_PROCEDURE": "Edycja",
    "SHOW_PROCEDURE_DEFINITION": "Przejdź do definicji",
    "WORKSPACE_COMMENT_DEFAULT_TEXT": "Powiedz coś...",
    "COLOUR_HUE_LABEL": "Kolor",
    "COLOUR_SATURATION_LABEL": "Nasycenie",
    "COLOUR_BRIGHTNESS_LABEL": "Jasność",
    "CHANGE_VALUE_TITLE": "Zmień wartość:",
    "RENAME_VARIABLE": "Zmień nazwę zmiennej",
    "RENAME_VARIABLE_TITLE": "Zmień nazwę wszystkich zmiennych \"%1\" na:",
    "RENAME_VARIABLE_MODAL_TITLE": "Zmień nazwę zmiennej",
    "NEW_VARIABLE": "Utwórz zmienną",
    "NEW_VARIABLE_TITLE": "Nowa nazwa zmiennej:",
    "VARIABLE_MODAL_TITLE": "Nowa zmienna",
    "VARIABLE_ALREADY_EXISTS": "Zmienna o nazwie \"%1\" już istnieje.",
    "VARIABLE_ALREADY_EXISTS_FOR_ANOTHER_TYPE": "Zmienna o nazwie \"%1\" już istnieje dla innego typu zmiennej \"%2\".",
    "DELETE_VARIABLE_CONFIRMATION": "Czy usunąć %1 używając zmiennej \"%2\"?",
    "CANNOT_DELETE_VARIABLE_PROCEDURE": "Nie można usunąć zmiennej \"%1\", ponieważ stanowi część definicji funkcji \"%2\"",
    "DELETE_VARIABLE": "Usuń zmienną \"%1\"",
    "NEW_PROCEDURE": "Utwórz blok",
    "PROCEDURE_ALREADY_EXISTS": "Procedura o nazwie \"%1\" już istnieje.",
    "PROCEDURE_DEFAULT_NAME": "nazwa bloku",
    "NEW_LIST": "Stwórz listę",
    "NEW_LIST_TITLE": "Nowa nazwa lista:",
    "LIST_MODAL_TITLE": "Nowa lista",
    "LIST_ALREADY_EXISTS": "Lista o nazwie \"%1\" już istnieje.",
    "RENAME_LIST_TITLE": "Zmień nazwy wszystkich list \"%1\" na:",
    "RENAME_LIST_MODAL_TITLE": "Zmień nazwę listy",
    "DEFAULT_LIST_ITEM": "obiekt",
    "DELETE_LIST": "Usuń listę \"%1\"",
    "RENAME_LIST": "Zmień nazwę listy",
    "NEW_BROADCAST_MESSAGE": "Nowa wiadomość",
    "NEW_BROADCAST_MESSAGE_TITLE": "Nowa nazwa wiadomości:",
    "BROADCAST_MODAL_TITLE": "Nowa wiadomość",
    "DEFAULT_BROADCAST_MESSAGE_NAME": "wiadomość1"
}