{
    "CONTROL_FOREVER": "sempre",
    "CONTROL_REPEAT": "repita %1 vezes",
    "CONTROL_IF": "se %1 então",
    "CONTROL_ELSE": "senão",
    "CONTROL_STOP": "pare",
    "CONTROL_STOP_ALL": "todos",
    "CONTROL_STOP_THIS": "este script",
    "CONTROL_STOP_OTHER": "outros scripts no ator",
    "CONTROL_WAIT": "espere %1 seg",
    "CONTROL_WAITUNTIL": "espere até que %1",
    "CONTROL_REPEATUNTIL": "repita até que %1",
    "CONTROL_WHILE": "enquanto %1",
    "CONTROL_FOREACH": "para cada %1 em %2",
    "CONTROL_STARTASCLONE": "quando eu começar como um clone",
    "CONTROL_CREATECLONEOF": "crie clone de %1",
    "CONTROL_CREATECLONEOF_MYSELF": "este ator",
    "CONTROL_DELETETHISCLONE": "apague este clone",
    "CONTROL_COUNTER": "contador",
    "CONTROL_INCRCOUNTER": "desenvolver contador",
    "CONTROL_CLEARCOUNTER": "limpar contador",
    "CONTROL_ALLATONCE": "todos de uma vez",
    "DATA_SETVARIABLETO": "mude %1 para %2",
    "DATA_CHANGEVARIABLEBY": "adicione %2 a %1",
    "DATA_SHOWVARIABLE": "mostre a variável %1",
    "DATA_HIDEVARIABLE": "esconda a variável %1",
    "DATA_ADDTOLIST": "adicione %1 a %2",
    "DATA_DELETEOFLIST": "apague %1 de %2",
    "DATA_DELETEALLOFLIST": "apague todos os itens de %1",
    "DATA_INSERTATLIST": "insira %1 na posição %2 de %3",
    "DATA_REPLACEITEMOFLIST": "substitua o item %1 de %2 por %3",
    "DATA_ITEMOFLIST": "item %1 de %2",
    "DATA_ITEMNUMOFLIST": "item # de %1 em %2",
    "DATA_LENGTHOFLIST": "tamanho de %1",
    "DATA_LISTCONTAINSITEM": "%1 contém %2?",
    "DATA_SHOWLIST": "mostre a lista %1",
    "DATA_HIDELIST": "esconda a lista %1",
    "DATA_INDEX_ALL": "todos",
    "DATA_INDEX_LAST": "último",
    "DATA_INDEX_RANDOM": "aleatório",
    "EVENT_WHENFLAGCLICKED": "quando %1 for clicado",
    "EVENT_WHENTHISSPRITECLICKED": "quando este ator for clicado",
    "EVENT_WHENSTAGECLICKED": "quando o palco for clicado",
    "EVENT_WHENTOUCHINGOBJECT": "quando este ator tocar %1",
    "EVENT_WHENBROADCASTRECEIVED": "quando eu receber %1",
    "EVENT_WHENBACKDROPSWITCHESTO": "quando o cenário mudar para %1",
    "EVENT_WHENGREATERTHAN": "quando %1 > %2",
    "EVENT_WHENGREATERTHAN_TIMER": "cronômetro",
    "EVENT_WHENGREATERTHAN_LOUDNESS": "ruído",
    "EVENT_BROADCAST": "transmita %1",
    "EVENT_BROADCASTANDWAIT": "transmita %1 e espere",
    "EVENT_WHENKEYPRESSED": "quando a tecla %1 for pressionada",
    "EVENT_WHENKEYPRESSED_SPACE": "espaço",
    "EVENT_WHENKEYPRESSED_LEFT": "seta para esquerda",
    "EVENT_WHENKEYPRESSED_RIGHT": "seta para direita",
    "EVENT_WHENKEYPRESSED_DOWN": "seta para baixo",
    "EVENT_WHENKEYPRESSED_UP": "seta para cima",
    "EVENT_WHENKEYPRESSED_ANY": "qualquer",
    "LOOKS_SAYFORSECS": "diga %1 por %2 segundos",
    "LOOKS_SAY": "diga %1",
    "LOOKS_HELLO": "Olá!",
    "LOOKS_THINKFORSECS": "pense %1 por %2 segundos",
    "LOOKS_THINK": "pense %1",
    "LOOKS_HMM": "Hummm...",
    "LOOKS_SHOW": "mostre",
    "LOOKS_HIDE": "esconda",
    "LOOKS_HIDEALLSPRITES": "esconda todos os atores",
    "LOOKS_EFFECT_COLOR": "cor",
    "LOOKS_EFFECT_FISHEYE": "olho de peixe",
    "LOOKS_EFFECT_WHIRL": "turbilhão",
    "LOOKS_EFFECT_PIXELATE": "pixelado",
    "LOOKS_EFFECT_MOSAIC": "mosaico",
    "LOOKS_EFFECT_BRIGHTNESS": "brilho",
    "LOOKS_EFFECT_GHOST": "fantasma",
    "LOOKS_CHANGEEFFECTBY": "mude %2 ao efeito %1",
    "LOOKS_SETEFFECTTO": "defina o efeito %1 como %2",
    "LOOKS_CLEARGRAPHICEFFECTS": "remova os efeitos gráficos",
    "LOOKS_CHANGESIZEBY": "mude %1 no tamanho",
    "LOOKS_SETSIZETO": "defina o tamanho como %1 %",
    "LOOKS_SIZE": "tamanho",
    "LOOKS_CHANGESTRETCHBY": "mude trajeto por %1",
    "LOOKS_SETSTRETCHTO": "defina curso para %1 %",
    "LOOKS_SWITCHCOSTUMETO": "mude para a fantasia %1",
    "LOOKS_NEXTCOSTUME": "próxima fantasia",
    "LOOKS_SWITCHBACKDROPTO": "mude para o cenário %1",
    "LOOKS_GOTOFRONTBACK": "Vá para a camada %1",
    "LOOKS_GOTOFRONTBACK_FRONT": "da frente",
    "LOOKS_GOTOFRONTBACK_BACK": "de trás",
    "LOOKS_GOFORWARDBACKWARDLAYERS": "Vá para %1 %2 camadas",
    "LOOKS_GOFORWARDBACKWARDLAYERS_FORWARD": "frente",
    "LOOKS_GOFORWARDBACKWARDLAYERS_BACKWARD": "trás",
    "LOOKS_BACKDROPNUMBERNAME": "cenário %1",
    "LOOKS_COSTUMENUMBERNAME": "fantasia %1",
    "LOOKS_NUMBERNAME_NUMBER": "número",
    "LOOKS_NUMBERNAME_NAME": "nome",
    "LOOKS_SWITCHBACKDROPTOANDWAIT": "mude para o cenário %1 e espere",
    "LOOKS_NEXTBACKDROP_BLOCK": "próximo cenário",
    "LOOKS_NEXTBACKDROP": "próximo cenário",
    "LOOKS_PREVIOUSBACKDROP": "cenário anterior",
    "LOOKS_RANDOMBACKDROP": "cenário aleatório",
    "MOTION_MOVESTEPS": "mova %1 passos",
    "MOTION_TURNLEFT": "gire %1 %2 graus",
    "MOTION_TURNRIGHT": "gire %1 %2 graus",
    "MOTION_POINTINDIRECTION": "aponte  para a direção %1",
    "MOTION_POINTTOWARDS": "aponte para %1",
    "MOTION_POINTTOWARDS_POINTER": "ponteiro do mouse",
    "MOTION_POINTTOWARDS_RANDOM": "direção aleatória",
    "MOTION_GOTO": "vá para %1",
    "MOTION_GOTO_POINTER": "ponteiro do mouse",
    "MOTION_GOTO_RANDOM": "posição aleatória",
    "MOTION_GOTOXY": "vá para x: %1 y: %2",
    "MOTION_GLIDESECSTOXY": "deslize por %1 segs. até x: %2 y: %3",
    "MOTION_GLIDETO": "deslize por %1 segs. até %2",
    "MOTION_GLIDETO_POINTER": "ponteiro do mouse",
    "MOTION_GLIDETO_RANDOM": "posição aleatória",
    "MOTION_CHANGEXBY": "adicione %1 a x",
    "MOTION_SETX": "mude x para %1",
    "MOTION_CHANGEYBY": "adicione %1 a y",
    "MOTION_SETY": "mude y para %1",
    "MOTION_IFONEDGEBOUNCE": "se tocar na borda, volte",
    "MOTION_SETROTATIONSTYLE": "defina o estilo de rotação para %1",
    "MOTION_SETROTATIONSTYLE_LEFTRIGHT": "esquerda-direita",
    "MOTION_SETROTATIONSTYLE_DONTROTATE": "não rotacionar",
    "MOTION_SETROTATIONSTYLE_ALLAROUND": "rotação completa",
    "MOTION_XPOSITION": "posição x",
    "MOTION_YPOSITION": "posição y",
    "MOTION_DIRECTION": "direção",
    "MOTION_SCROLLRIGHT": "rolar para direita %1 %",
    "MOTION_SCROLLUP": "rolar para cima %1",
    "MOTION_ALIGNSCENE": "alinhar cena %1",
    "MOTION_ALIGNSCENE_BOTTOMLEFT": "inferior esquerda",
    "MOTION_ALIGNSCENE_BOTTOMRIGHT": "inferior direita",
    "MOTION_ALIGNSCENE_MIDDLE": "meio",
    "MOTION_ALIGNSCENE_TOPLEFT": "superior esquerdo",
    "MOTION_ALIGNSCENE_TOPRIGHT": "superior direita",
    "MOTION_XSCROLL": "rolagem eixo x",
    "MOTION_YSCROLL": "rolagem eixo y",
    "MOTION_STAGE_SELECTED": "Palco selecionado: sem blocos de movimento",
    "OPERATORS_ADD": "%1 + %2",
    "OPERATORS_SUBTRACT": "%1 - %2",
    "OPERATORS_MULTIPLY": "%1 * %2",
    "OPERATORS_DIVIDE": "%1 / %2",
    "OPERATORS_RANDOM": "número aleatório entre %1 e %2",
    "OPERATORS_GT": "%1 > %2",
    "OPERATORS_LT": "%1 < %2",
    "OPERATORS_EQUALS": "%1 = %2",
    "OPERATORS_AND": "%1 e %2",
    "OPERATORS_OR": "%1 ou %2",
    "OPERATORS_NOT": "não %1",
    "OPERATORS_JOIN": "junte %1 com %2",
    "OPERATORS_JOIN_APPLE": "maçã",
    "OPERATORS_JOIN_BANANA": "banana",
    "OPERATORS_LETTEROF": "letra %1 de %2",
    "OPERATORS_LETTEROF_APPLE": "m",
    "OPERATORS_LENGTH": "tamanho de %1",
    "OPERATORS_CONTAINS": "%1 contém %2?",
    "OPERATORS_MOD": "resto de %1 por %2",
    "OPERATORS_ROUND": "arredondamento de %1",
    "OPERATORS_MATHOP": "%1 de %2",
    "OPERATORS_MATHOP_ABS": "módulo",
    "OPERATORS_MATHOP_FLOOR": "arredondamento para baixo de",
    "OPERATORS_MATHOP_CEILING": "arredondamento para cima de",
    "OPERATORS_MATHOP_SQRT": "raiz quadrada",
    "OPERATORS_MATHOP_SIN": "sen",
    "OPERATORS_MATHOP_COS": "cos",
    "OPERATORS_MATHOP_TAN": "tg",
    "OPERATORS_MATHOP_ASIN": "arcsen",
    "OPERATORS_MATHOP_ACOS": "arccos",
    "OPERATORS_MATHOP_ATAN": "arctg",
    "OPERATORS_MATHOP_LN": "ln",
    "OPERATORS_MATHOP_LOG": "logaritmo",
    "OPERATORS_MATHOP_EEXP": "e elevado à ",
    "OPERATORS_MATHOP_10EXP": "10 elevado à ",
    "PROCEDURES_DEFINITION": "defina %1",
    "SENSING_TOUCHINGOBJECT": "tocando em %1?",
    "SENSING_TOUCHINGOBJECT_POINTER": "ponteiro do mouse",
    "SENSING_TOUCHINGOBJECT_EDGE": "borda",
    "SENSING_TOUCHINGCOLOR": "tocando na cor %1?",
    "SENSING_COLORISTOUCHINGCOLOR": "a cor %1 está tocando na cor %2?",
    "SENSING_DISTANCETO": "distância até %1",
    "SENSING_DISTANCETO_POINTER": "ponteiro do mouse",
    "SENSING_ASKANDWAIT": "pergunte %1 e espere",
    "SENSING_ASK_TEXT": "Qual o seu nome?",
    "SENSING_ANSWER": "resposta",
    "SENSING_KEYPRESSED": "tecla %1 pressionada?",
    "SENSING_MOUSEDOWN": "mouse pressionado?",
    "SENSING_MOUSEX": "posição x do mouse",
    "SENSING_MOUSEY": "posição y do mouse",
    "SENSING_SETDRAGMODE": "defina modo de arrasto para %1",
    "SENSING_SETDRAGMODE_DRAGGABLE": "arrastável",
    "SENSING_SETDRAGMODE_NOTDRAGGABLE": "não arrastável",
    "SENSING_LOUDNESS": "ruído",
    "SENSING_LOUD": "alto?",
    "SENSING_TIMER": "cronômetro",
    "SENSING_RESETTIMER": "zere o cronômetro",
    "SENSING_OF": "%1 de %2",
    "SENSING_OF_XPOSITION": "posição x",
    "SENSING_OF_YPOSITION": "posição y",
    "SENSING_OF_DIRECTION": "direção",
    "SENSING_OF_COSTUMENUMBER": "n° da fantasia",
    "SENSING_OF_COSTUMENAME": "nome da fantasia",
    "SENSING_OF_SIZE": "tamanho",
    "SENSING_OF_VOLUME": "volume",
    "SENSING_OF_BACKDROPNUMBER": "n° do cenário",
    "SENSING_OF_BACKDROPNAME": "nome do cenário",
    "SENSING_OF_STAGE": "Palco",
    "SENSING_CURRENT": "%1 atual",
    "SENSING_CURRENT_YEAR": "ano",
    "SENSING_CURRENT_MONTH": "mês",
    "SENSING_CURRENT_DATE": "data",
    "SENSING_CURRENT_DAYOFWEEK": "dia da semana",
    "SENSING_CURRENT_HOUR": "hora",
    "SENSING_CURRENT_MINUTE": "minuto",
    "SENSING_CURRENT_SECOND": "segundo",
    "SENSING_DAYSSINCE2000": "número de dias desde 2000",
    "SENSING_USERNAME": "nome de usuário",
    "SENSING_USERID": "id do usuário",
    "SOUND_PLAY": "toque o som %1",
    "SOUND_PLAYUNTILDONE": "toque o som %1 até o fim",
    "SOUND_STOPALLSOUNDS": "pare todos os sons",
    "SOUND_SETEFFECTO": "mude o efeito %1 para %2",
    "SOUND_CHANGEEFFECTBY": "mude  %2 no efeito %1",
    "SOUND_CLEAREFFECTS": "remova os efeitos sonoros ",
    "SOUND_EFFECTS_PITCH": "tom",
    "SOUND_EFFECTS_PAN": "balanço esquerda/direita",
    "SOUND_CHANGEVOLUMEBY": "mude volume em %1",
    "SOUND_SETVOLUMETO": "mude o volume para %1%",
    "SOUND_VOLUME": "volume",
    "SOUND_RECORD": "gravar...",
    "CATEGORY_MOTION": "Movimento",
    "CATEGORY_LOOKS": "Aparência",
    "CATEGORY_SOUND": "Som",
    "CATEGORY_EVENTS": "Eventos",
    "CATEGORY_CONTROL": "Controle",
    "CATEGORY_SENSING": "Sensores",
    "CATEGORY_OPERATORS": "Operadores",
    "CATEGORY_VARIABLES": "Variáveis",
    "CATEGORY_MYBLOCKS": "Meus Blocos",
    "DUPLICATE": "Duplicar",
    "DELETE": "Apagar",
    "ADD_COMMENT": "Comentar",
    "REMOVE_COMMENT": "Remover Comentário",
    "DELETE_BLOCK": "Apagar Bloco",
    "DELETE_X_BLOCKS": "Apagar %1 Blocos",
    "DELETE_ALL_BLOCKS": "Apagar todos os blocos %1?",
    "CLEAN_UP": "Limpar Blocos",
    "HELP": "Ajuda",
    "UNDO": "Desfazer",
    "REDO": "Refazer",
    "EDIT_PROCEDURE": "Editar",
    "SHOW_PROCEDURE_DEFINITION": "Vá para definição",
    "WORKSPACE_COMMENT_DEFAULT_TEXT": "Diga algo...",
    "COLOUR_HUE_LABEL": "Cor",
    "COLOUR_SATURATION_LABEL": "Saturação",
    "COLOUR_BRIGHTNESS_LABEL": "Brilho",
    "CHANGE_VALUE_TITLE": "Mudar valor:",
    "RENAME_VARIABLE": "Renomear variável",
    "RENAME_VARIABLE_TITLE": "Renomear todas as variáveis \"%1\" para:",
    "RENAME_VARIABLE_MODAL_TITLE": "Renomear Variável",
    "NEW_VARIABLE": "Criar uma Variável",
    "NEW_VARIABLE_TITLE": "Nome da nova variável:",
    "VARIABLE_MODAL_TITLE": "Nova Variável",
    "VARIABLE_ALREADY_EXISTS": "Uma variável chamada \"%1\" já existe.",
    "VARIABLE_ALREADY_EXISTS_FOR_ANOTHER_TYPE": "Uma variável chamada \"%1\" já existe para outra variável do tipo \"%2\".",
    "DELETE_VARIABLE_CONFIRMATION": "Apagar os %1 usos da variável \"%2\"?",
    "CANNOT_DELETE_VARIABLE_PROCEDURE": "Não é possível apagar a variável '%1' pois ela faz parte da definição do bloco '%2'",
    "DELETE_VARIABLE": "Apagar a variável '%1'",
    "NEW_PROCEDURE": "Criar um bloco",
    "PROCEDURE_ALREADY_EXISTS": "Já existe um bloco chamado '%1'.",
    "PROCEDURE_DEFAULT_NAME": "nome do bloco",
    "NEW_LIST": "Criar uma Lista",
    "NEW_LIST_TITLE": "Nome da nova lista:",
    "LIST_MODAL_TITLE": "Nova Lista",
    "LIST_ALREADY_EXISTS": "Já existe uma lista chamada '%1'.",
    "RENAME_LIST_TITLE": "Renomear todas as listas \"%1\" para:",
    "RENAME_LIST_MODAL_TITLE": "Renomear Lista",
    "DEFAULT_LIST_ITEM": "coisa",
    "DELETE_LIST": "Apagar a lista \"%1\"",
    "RENAME_LIST": "Renomear lista",
    "NEW_BROADCAST_MESSAGE": "Nova mensagem",
    "NEW_BROADCAST_MESSAGE_TITLE": "Novo nome de mensagem:",
    "BROADCAST_MODAL_TITLE": "Nova Mensagem",
    "DEFAULT_BROADCAST_MESSAGE_NAME": "mensagem 1"
}