{
    "CONTROL_FOREVER": "milele",
    "CONTROL_REPEAT": "rudia %1",
    "CONTROL_IF": "ikiwa %1 basi",
    "CONTROL_ELSE": "isivyo",
    "CONTROL_STOP": "komesha",
    "CONTROL_STOP_ALL": "kila kitu",
    "CONTROL_STOP_THIS": "hati hii",
    "CONTROL_STOP_OTHER": "hati nyingine katika kihusika",
    "CONTROL_WAIT": "subiri sekunde %1",
    "CONTROL_WAITUNTIL": "subiri hadi %1",
    "CONTROL_REPEATUNTIL": "rudia hadi %1",
    "CONTROL_WHILE": "wakati %1",
    "CONTROL_FOREACH": "kwa kila %1 katika %2   ",
    "CONTROL_STARTASCLONE": "nikianza kama kinakili",
    "CONTROL_CREATECLONEOF": "unda kinakili cha %1",
    "CONTROL_CREATECLONEOF_MYSELF": "mimi mwenye",
    "CONTROL_DELETETHISCLONE": "futa kinakili hiki",
    "CONTROL_COUNTER": "kipiga hesabu",
    "CONTROL_INCRCOUNTER": "ongezea kwa kipiga hesabu",
    "CONTROL_CLEARCOUNTER": "futa kipiga hesabu",
    "CONTROL_ALLATONCE": "zote mara moja",
    "DATA_SETVARIABLETO": "weka %1 iwe %2",
    "DATA_CHANGEVARIABLEBY": "badilisha %1 kwa %2",
    "DATA_SHOWVARIABLE": "onyesha kibadilika %1",
    "DATA_HIDEVARIABLE": "ficha kibadilika %1",
    "DATA_ADDTOLIST": "ongeza %1 kwa %2",
    "DATA_DELETEOFLIST": "futa %1 kati ya %2",
    "DATA_DELETEALLOFLIST": "futa %1 zote",
    "DATA_INSERTATLIST": "weka %1 kwa %2 kati ya %3",
    "DATA_REPLACEITEMOFLIST": "badilisha kipengee %1 kati ya %2 na %3",
    "DATA_ITEMOFLIST": "kipengee %1 kati ya %2",
    "DATA_ITEMNUMOFLIST": "kipengee # kati ya %1 katika %2",
    "DATA_LENGTHOFLIST": "urefu wa %1",
    "DATA_LISTCONTAINSITEM": "%1 ina %2?",
    "DATA_SHOWLIST": "onyesha orodha %1",
    "DATA_HIDELIST": "ficha orodha %1",
    "DATA_INDEX_ALL": "kila kitu",
    "DATA_INDEX_LAST": "mwisho",
    "DATA_INDEX_RANDOM": "mahali popote",
    "EVENT_WHENFLAGCLICKED": "wakati %1 inapobonyezwa",
    "EVENT_WHENTHISSPRITECLICKED": "wakati kihusika hiki kinapobonyezwa",
    "EVENT_WHENSTAGECLICKED": "wakati jukwaa linapobonyezwa",
    "EVENT_WHENTOUCHINGOBJECT": "wakati kihusika hiki kinapoguza %1",
    "EVENT_WHENBROADCASTRECEIVED": "wakati ninapopokea %1",
    "EVENT_WHENBACKDROPSWITCHESTO": "mandhari ya nyuma itakapobadilika kuwa %1",
    "EVENT_WHENGREATERTHAN": "wakati %1 > %2",
    "EVENT_WHENGREATERTHAN_TIMER": "kipima muda",
    "EVENT_WHENGREATERTHAN_LOUDNESS": "ukubwa wa sauti",
    "EVENT_BROADCAST": "tangaza %1",
    "EVENT_BROADCASTANDWAIT": "tangaza %1 na usubiri",
    "EVENT_WHENKEYPRESSED": "wakati kitufe cha %1 kinapobonyezwa",
    "EVENT_WHENKEYPRESSED_SPACE": "nafasi",
    "EVENT_WHENKEYPRESSED_LEFT": "kishale kushoto",
    "EVENT_WHENKEYPRESSED_RIGHT": "kishale kulia",
    "EVENT_WHENKEYPRESSED_DOWN": "kishale chini",
    "EVENT_WHENKEYPRESSED_UP": "kishale juu",
    "EVENT_WHENKEYPRESSED_ANY": "kitufe chochote",
    "LOOKS_SAYFORSECS": "sema %1 kwa sekunde %2",
    "LOOKS_SAY": "sema %1",
    "LOOKS_HELLO": "Habari!",
    "LOOKS_THINKFORSECS": "fikiria %1 kwa sekunde %2",
    "LOOKS_THINK": "fikiria %1",
    "LOOKS_HMM": "Hmm...",
    "LOOKS_SHOW": "onyesha",
    "LOOKS_HIDE": "ficha",
    "LOOKS_HIDEALLSPRITES": "ficha vihusika vyote",
    "LOOKS_EFFECT_COLOR": "rangi",
    "LOOKS_EFFECT_FISHEYE": "jicho la samaki",
    "LOOKS_EFFECT_WHIRL": "mzunguko",
    "LOOKS_EFFECT_PIXELATE": "ubora wa picha",
    "LOOKS_EFFECT_MOSAIC": "mozaiki",
    "LOOKS_EFFECT_BRIGHTNESS": "mng'aro",
    "LOOKS_EFFECT_GHOST": "mzuka",
    "LOOKS_CHANGEEFFECTBY": "badilisha athari ya %1 kwa %2",
    "LOOKS_SETEFFECTTO": "weka athari ya %1 iwe %2",
    "LOOKS_CLEARGRAPHICEFFECTS": "futa athari za picha",
    "LOOKS_CHANGESIZEBY": "badilisha ukubwa kwa %1",
    "LOOKS_SETSIZETO": "weka ukubwa uwe %1",
    "LOOKS_SIZE": "ukubwa",
    "LOOKS_CHANGESTRETCHBY": "badilisha mnyoosho kwa %1",
    "LOOKS_SETSTRETCHTO": "weka mnyoosho uwe %1 %",
    "LOOKS_SWITCHCOSTUMETO": "badilisha mtindo kuwa %1",
    "LOOKS_NEXTCOSTUME": "mtindo ufuatao",
    "LOOKS_SWITCHBACKDROPTO": "badilisha mandhari ya nyuma iwe %1",
    "LOOKS_GOTOFRONTBACK": "enda kwa safu ya %1",
    "LOOKS_GOTOFRONTBACK_FRONT": "mbele",
    "LOOKS_GOTOFRONTBACK_BACK": "nyuma",
    "LOOKS_GOFORWARDBACKWARDLAYERS": "%1 kwa safu ya %2",
    "LOOKS_GOFORWARDBACKWARDLAYERS_FORWARD": "enda mbele",
    "LOOKS_GOFORWARDBACKWARDLAYERS_BACKWARD": "rudi nyuma",
    "LOOKS_BACKDROPNUMBERNAME": "mandhari ya nyuma %1",
    "LOOKS_COSTUMENUMBERNAME": "mtindo %1",
    "LOOKS_NUMBERNAME_NUMBER": "nambari",
    "LOOKS_NUMBERNAME_NAME": "jina",
    "LOOKS_SWITCHBACKDROPTOANDWAIT": "badilisha mandhari ya nyuma kuwa %1 na subiri",
    "LOOKS_NEXTBACKDROP_BLOCK": "mandhari ya nyuma ifuatayo",
    "LOOKS_NEXTBACKDROP": "mandhari ya nyuma ifuatayo",
    "LOOKS_PREVIOUSBACKDROP": "mandhari ya nyuma iliyotangulia",
    "LOOKS_RANDOMBACKDROP": "mandhari ya nyuma yoyote",
    "MOTION_MOVESTEPS": "songa hatua %1",
    "MOTION_TURNLEFT": "zunguka digrii %1 %2 ",
    "MOTION_TURNRIGHT": "zunguka digrii %1 %2 ",
    "MOTION_POINTINDIRECTION": "elekeza kwa mwelekeo %1",
    "MOTION_POINTTOWARDS": "elekea %1",
    "MOTION_POINTTOWARDS_POINTER": "kielekezi cha kipanya",
    "MOTION_POINTTOWARDS_RANDOM": "mwelekeo wowote",
    "MOTION_GOTO": "enda kwa %1",
    "MOTION_GOTO_POINTER": "kielekezi cha kipanya",
    "MOTION_GOTO_RANDOM": "mahali popote",
    "MOTION_GOTOXY": "enda kwa x: %1 y: %2",
    "MOTION_GLIDESECSTOXY": "teleza %1 sekunde hadi x: %2 y: %3",
    "MOTION_GLIDETO": "teleza sekunde %1 hadi %2",
    "MOTION_GLIDETO_POINTER": "kielekezi cha kipanya",
    "MOTION_GLIDETO_RANDOM": "mahali popote",
    "MOTION_CHANGEXBY": "badilisha x kwa %1",
    "MOTION_SETX": "weka x kuwa %1",
    "MOTION_CHANGEYBY": "badilisha y kwa %1",
    "MOTION_SETY": "weka y kuwa %1",
    "MOTION_IFONEDGEBOUNCE": "ikiwa kwenye ukingo wa jukwaa, rejesha",
    "MOTION_SETROTATIONSTYLE": "weka mtindo wa mzunguko %1",
    "MOTION_SETROTATIONSTYLE_LEFTRIGHT": "kushoto-kulia",
    "MOTION_SETROTATIONSTYLE_DONTROTATE": "isizunguke",
    "MOTION_SETROTATIONSTYLE_ALLAROUND": "pande zote",
    "MOTION_XPOSITION": "nafasi ya x",
    "MOTION_YPOSITION": "nafasi ya y",
    "MOTION_DIRECTION": "mwelekeo",
    "MOTION_SCROLLRIGHT": "tembeza kulia %1",
    "MOTION_SCROLLUP": "tembeza juu %1",
    "MOTION_ALIGNSCENE": "patanisha eneo %1",
    "MOTION_ALIGNSCENE_BOTTOMLEFT": "chini-kushoto",
    "MOTION_ALIGNSCENE_BOTTOMRIGHT": "chini-kulia",
    "MOTION_ALIGNSCENE_MIDDLE": "katikati",
    "MOTION_ALIGNSCENE_TOPLEFT": "juu-kushoto",
    "MOTION_ALIGNSCENE_TOPRIGHT": "juu-kulia",
    "MOTION_XSCROLL": "tembeza x",
    "MOTION_YSCROLL": "tembeza y",
    "MOTION_STAGE_SELECTED": "Jukwaa limechanguliwa: hakuna bloku za mwendo",
    "OPERATORS_ADD": "%1 + %2",
    "OPERATORS_SUBTRACT": "%1 - %2",
    "OPERATORS_MULTIPLY": "%1 * %2",
    "OPERATORS_DIVIDE": "%1 / %2",
    "OPERATORS_RANDOM": "chagua %1  yoyote hadi %2",
    "OPERATORS_GT": "%1 > %2",
    "OPERATORS_LT": "%1 < %2",
    "OPERATORS_EQUALS": "%1 = %2",
    "OPERATORS_AND": "%1 na %2",
    "OPERATORS_OR": "%1 au %2",
    "OPERATORS_NOT": "si %1",
    "OPERATORS_JOIN": "unganisha %1 %2",
    "OPERATORS_JOIN_APPLE": "tufaha",
    "OPERATORS_JOIN_BANANA": "ndizi",
    "OPERATORS_LETTEROF": "herufi %1 kati ya %2",
    "OPERATORS_LETTEROF_APPLE": "a",
    "OPERATORS_LENGTH": "urefu wa %1",
    "OPERATORS_CONTAINS": "%1 ina %2?",
    "OPERATORS_MOD": "%1 mabaki %2",
    "OPERATORS_ROUND": "kadiria %1",
    "OPERATORS_MATHOP": "%1 kati ya %2",
    "OPERATORS_MATHOP_ABS": "abs",
    "OPERATORS_MATHOP_FLOOR": "sakafu",
    "OPERATORS_MATHOP_CEILING": "dari",
    "OPERATORS_MATHOP_SQRT": "kipeo cha pili",
    "OPERATORS_MATHOP_SIN": "sin",
    "OPERATORS_MATHOP_COS": "cos",
    "OPERATORS_MATHOP_TAN": "tan",
    "OPERATORS_MATHOP_ASIN": "asin",
    "OPERATORS_MATHOP_ACOS": "acos",
    "OPERATORS_MATHOP_ATAN": "atan",
    "OPERATORS_MATHOP_LN": "ln",
    "OPERATORS_MATHOP_LOG": "log",
    "OPERATORS_MATHOP_EEXP": "e ^",
    "OPERATORS_MATHOP_10EXP": "10 ^",
    "PROCEDURES_DEFINITION": "fafanua %1",
    "SENSING_TOUCHINGOBJECT": "inashika %1?",
    "SENSING_TOUCHINGOBJECT_POINTER": "kielekezi cha kipanya",
    "SENSING_TOUCHINGOBJECT_EDGE": "ukingo",
    "SENSING_TOUCHINGCOLOR": "inashika rangi %1?",
    "SENSING_COLORISTOUCHINGCOLOR": "rangi %1 inashika %2?",
    "SENSING_DISTANCETO": "umbali hadi %1",
    "SENSING_DISTANCETO_POINTER": "kielekezi cha kipanya",
    "SENSING_ASKANDWAIT": "uliza %1 na subiri",
    "SENSING_ASK_TEXT": "Jina lako nani?",
    "SENSING_ANSWER": "jibu",
    "SENSING_KEYPRESSED": "kitufe cha %1 kimebonyezwa?",
    "SENSING_MOUSEDOWN": "kipanya chini?",
    "SENSING_MOUSEX": "kipanya x",
    "SENSING_MOUSEY": "kipanya y",
    "SENSING_SETDRAGMODE": "kihusika %1 kuvutwa",
    "SENSING_SETDRAGMODE_DRAGGABLE": "kinaweza",
    "SENSING_SETDRAGMODE_NOTDRAGGABLE": "hakiwezi",
    "SENSING_LOUDNESS": "ukubwa wa sauti",
    "SENSING_LOUD": "kuna sauti kubwa?",
    "SENSING_TIMER": "kitunza wakati",
    "SENSING_RESETTIMER": "anzisha tena kitunza muda",
    "SENSING_OF": "%1 kwa %2",
    "SENSING_OF_XPOSITION": "nafasi ya x",
    "SENSING_OF_YPOSITION": "nafasi ya y",
    "SENSING_OF_DIRECTION": "mwelekeo",
    "SENSING_OF_COSTUMENUMBER": "mtindo #",
    "SENSING_OF_COSTUMENAME": "jina la mtindo",
    "SENSING_OF_SIZE": "ukubwa",
    "SENSING_OF_VOLUME": "kiasi ya sauti",
    "SENSING_OF_BACKDROPNUMBER": "mandhari ya nyuma #",
    "SENSING_OF_BACKDROPNAME": "jina la mandhari ya nyuma",
    "SENSING_OF_STAGE": "Jukwaa",
    "SENSING_CURRENT": "sasa hivi %1",
    "SENSING_CURRENT_YEAR": "mwaka",
    "SENSING_CURRENT_MONTH": "mwezi",
    "SENSING_CURRENT_DATE": "tarehe",
    "SENSING_CURRENT_DAYOFWEEK": "siku ya wiki",
    "SENSING_CURRENT_HOUR": "saa",
    "SENSING_CURRENT_MINUTE": "dakika",
    "SENSING_CURRENT_SECOND": "sekunde",
    "SENSING_DAYSSINCE2000": "siku tangu 2000",
    "SENSING_USERNAME": "jina la mtumiaji",
    "SENSING_USERID": "kitambulisho cha mtumiaji",
    "SOUND_PLAY": "anza sauti %1",
    "SOUND_PLAYUNTILDONE": "cheza sauti %1 hadi ikamilike",
    "SOUND_STOPALLSOUNDS": "komesha sauti zote",
    "SOUND_SETEFFECTO": "weka athari ya %1 kuwa %2",
    "SOUND_CHANGEEFFECTBY": "badilisha athari ya %1 kwa %2",
    "SOUND_CLEAREFFECTS": "futa athari zote za sauti",
    "SOUND_EFFECTS_PITCH": "uzito wa sauti",
    "SOUND_EFFECTS_PAN": "peleka sauti kushoto/kulia",
    "SOUND_CHANGEVOLUMEBY": "badilisha kiasi ya sauti kwa %1",
    "SOUND_SETVOLUMETO": "weka kiasi ya sauti kuwa %1%",
    "SOUND_VOLUME": "kiasi ya sauti",
    "SOUND_RECORD": "inarekodi...",
    "CATEGORY_MOTION": "Mwendo",
    "CATEGORY_LOOKS": "Muonekano",
    "CATEGORY_SOUND": "Sauti",
    "CATEGORY_EVENTS": "Matukio",
    "CATEGORY_CONTROL": "Kidhibiti",
    "CATEGORY_SENSING": "Hisi",
    "CATEGORY_OPERATORS": "Opereta",
    "CATEGORY_VARIABLES": "Vibadilika",
    "CATEGORY_MYBLOCKS": "Bloku Zangu",
    "DUPLICATE": "Toa Nakala Nyingine",
    "DELETE": "Futa",
    "ADD_COMMENT": "Ongeza Maoni",
    "REMOVE_COMMENT": "Futa Maoni",
    "DELETE_BLOCK": "Futa Bloku",
    "DELETE_X_BLOCKS": "Futa Bloku %1",
    "DELETE_ALL_BLOCKS": "Unataka kufuta bloku zote za %1?",
    "CLEAN_UP": "Safisha Bloku",
    "HELP": "Usaidizi",
    "UNDO": "Ondoa",
    "REDO": "Rudia",
    "EDIT_PROCEDURE": "Hariri",
    "SHOW_PROCEDURE_DEFINITION": "Enda kwa ufafanuzi",
    "WORKSPACE_COMMENT_DEFAULT_TEXT": "Sema kitu...",
    "COLOUR_HUE_LABEL": "Rangi",
    "COLOUR_SATURATION_LABEL": "Kiasi ya Rangi",
    "COLOUR_BRIGHTNESS_LABEL": "Mng'aro",
    "CHANGE_VALUE_TITLE": "Badilisha thamani:",
    "RENAME_VARIABLE": "Badilisha jina la kibadilika",
    "RENAME_VARIABLE_TITLE": "Badilisha majina ya vibadilika vyote \"%1\"  viwe:",
    "RENAME_VARIABLE_MODAL_TITLE": "Badilisha Jina la Kibadilika",
    "NEW_VARIABLE": "Unda Kibadilika",
    "NEW_VARIABLE_TITLE": "Jina jipya la kibadilika:",
    "VARIABLE_MODAL_TITLE": "Kibadilika Kipya",
    "VARIABLE_ALREADY_EXISTS": "Kibadilika kinachoitwa \"%1\" tayari ipo.",
    "VARIABLE_ALREADY_EXISTS_FOR_ANOTHER_TYPE": "Kibadilika kinachoitwa \"%1\" tayari ipo kwa kibadilika kingine chenye aina ya \"%2\".",
    "DELETE_VARIABLE_CONFIRMATION": "Unataka kufuta matumizi %1 ya kibadilika \"%2\"?",
    "CANNOT_DELETE_VARIABLE_PROCEDURE": "Haiwezi kufuta kibadilika \"%1\" kwa sababu ni sehemu ya kitendaji \"%2\"",
    "DELETE_VARIABLE": "Futa kibadilika \"%1\"",
    "NEW_PROCEDURE": "Unda Bloku",
    "PROCEDURE_ALREADY_EXISTS": "Utaratibu ulio na jina \"%1\" tayari upo.",
    "PROCEDURE_DEFAULT_NAME": "jina la bloku",
    "NEW_LIST": "Unda Orodha",
    "NEW_LIST_TITLE": "Jina ya orodha mpya:",
    "LIST_MODAL_TITLE": "Orodha Mpya",
    "LIST_ALREADY_EXISTS": "Orodha iliyo na jina \"%1\" tayari upo.",
    "RENAME_LIST_TITLE": "Badilisha jina la orodha zote \"%1\" kuwa:",
    "RENAME_LIST_MODAL_TITLE": "Badilisha Jina La Orodha",
    "DEFAULT_LIST_ITEM": "kitu",
    "DELETE_LIST": "Futa orodha ya \"%1\"",
    "RENAME_LIST": "Badilisha jina la orodha",
    "NEW_BROADCAST_MESSAGE": "Ujumbe mpya",
    "NEW_BROADCAST_MESSAGE_TITLE": "Jina la ujumbe mpya:",
    "BROADCAST_MODAL_TITLE": "Ujumbe Mpya",
    "DEFAULT_BROADCAST_MESSAGE_NAME": "ujumbe1"
}