{
    "boost.headerText": "The {boostLink} kit brings your LEGO creations to life with powerful motors, a color sensor and more. By combining it with Scratch, you can build your own robotic creatures, tell physical-digital stories, invent new game controllers, or whatever else you can imagine.",
    "boost.gettingStarted": "З чаго пачаць",
    "boost.connectingBoost": "Падлучэнне BOOST да Scratch",
    "boost.powerBoost": "Уключыце сэнсар, націсніце кнопку укл.",
    "boost.useScratch3": "Скарыстацца {scratch3Link} рэдактарам.",
    "boost.addExtension": "Дадаць BOOST пашырэнне",
    "boost.thingsToTry": "Дадатковыя магчымасці",
    "boost.makeAMotorMove": "Завесці рухавік",
    "boost.findTurnMotorOnForSeconds": "Знайсці блок {turnMotorOnForSeconds} і націснуць на яго.",
    "boost.turnMotorOnForSeconds": "“уключыць рухавік А на 1 секунду”",
    "boost.connectALegoBeam": "Connect a LEGO beam with an axle to motor A and click the block again to make it spin.",
    "boost.starterProjects": "Стартавыя праекты",
    "boost.troubleshootingTitle": "Пошук няспраўнасцей",
    "boost.updateScratchLinkTitle": "Make sure you have the latest version of Scratch Link",
    "boost.updateScratchLinkText": "Install Scratch Link using the button above. We recommend using the app store installation process to help keep your version up to date.",
    "boost.checkOSVersionTitle": "Пераканайцеся, што ваша аперацыйная сістэма сумяшчальная з Scratch Link",
    "boost.checkOSVersionText": "Мінімальныя версіі аперацыйнай сістэмы прыведзены ўверсе гэтай старонкі. Каб праверыць версію вашай аперацыйнай сістэмы, глядзіце інструкцыі {winOSVersionLink} ці {macOSVersionLink}.",
    "boost.winOSVersionLinkText": "Windows",
    "boost.macOSVersionLinkText": "Mac OS",
    "boost.closeScratchCopiesTitle": "Зачыні іншыя копіі Scratch",
    "boost.closeScratchCopiesText": "Толькі адна копія Scratch можа быць злучана з BOOST у адзін і той жа час. Калі Scratch у вас адкрыты ў іншых ўкладках браўзера, закрыйце яго і паспрабуйце ізноў.",
    "boost.otherComputerConnectedTitle": "Упэўніцца, што ні адзін іншы камп'ютар не падлучаны да вашага датчыка",
    "boost.otherComputerConnectedText": "Толькі адзін камп'ютар можа быць падлучаны да BOOST за раз. Калі іншы камп'ютар падлучаны да вашага датчыка, адключыце датчык ці закрыйце Scratch на тым камп'ютары і паспрабуйце яшчэ раз.",
    "boost.imgAltBoostIllustration": "Ілюстрацыя LEGO BOOST.",
    "boost.imgAltConnectALegoBeam": "A LEGO BOOST hub with an axle and a short beam connected to motor A.",
    "boost.feedTheCat": "Пакарміць ката",
    "boost.feedTheCatDescription": "Пакарміць ката-робата каляровымі кубікамі LEGO.",
    "boost.imgAltFeedTheCat": "Праект Scratch з белым катом.",
    "boost.driving": "Кіраванне",
    "boost.drivingDescription": "Drive around a wheeled robot and make music.",
    "boost.imgAltDriving": "Праект Scratch з робатам з коламі і з вачамі",
    "boost.walkAround": "Прагуляцца навокал",
    "boost.walkAroundDescription": "Зрабі свой уласны кантролер, каб рухаць персанаж на экране.",
    "boost.imgAltwalkAround": "Праект Scratch з персанажам на зялёным фоне"
}