{
    "boost.headerText": "The {boostLink} kit brings your LEGO creations to life with powerful motors, a color sensor and more. By combining it with Scratch, you can build your own robotic creatures, tell physical-digital stories, invent new game controllers, or whatever else you can imagine.",
    "boost.gettingStarted": "Kom i gang",
    "boost.connectingBoost": "Forbind BOOST til Scratch",
    "boost.powerBoost": "Tænd for din sensor ved at klikke på powerknappen",
    "boost.useScratch3": "Brug {scratch3Link} editoren.",
    "boost.addExtension": "Tilføj udvidelsen med BOOST.",
    "boost.thingsToTry": "Ting du kan prøve",
    "boost.makeAMotorMove": "Få en motor til at bevæge sig",
    "boost.findTurnMotorOnForSeconds": "Find brikken med {turnMotorOnForSeconds} og klik på den.",
    "boost.turnMotorOnForSeconds": "“tænd motor A i 1 sekund”",
    "boost.connectALegoBeam": "Connect a LEGO beam with an axle to motor A and click the block again to make it spin.",
    "boost.starterProjects": "Begynder projekter",
    "boost.troubleshootingTitle": "Fejlfinding",
    "boost.updateScratchLinkTitle": "Make sure you have the latest version of Scratch Link",
    "boost.updateScratchLinkText": "Install Scratch Link using the button above. We recommend using the app store installation process to help keep your version up to date.",
    "boost.checkOSVersionTitle": "Vær sikker på at dit operativ system kan snakke sammen med Scratch Link",
    "boost.checkOSVersionText": "Du kan se hvilke operativ systemer der kan snakke sammen med Scratch i toppen af siden. Se hvordan du tjekker din version af {winOSVersionLink} eller {macOSVersionLink}.",
    "boost.winOSVersionLinkText": "Windows",
    "boost.macOSVersionLinkText": "Mac OS",
    "boost.closeScratchCopiesTitle": "Luk andre kopier af Scratch",
    "boost.closeScratchCopiesText": "Du kan kun forbinde en kopi af Scratch med en BOOST ad gangen. Hvis du har Scratch åben i andre faner, luk dem og prøv igen.",
    "boost.otherComputerConnectedTitle": "Vær sikker på at der ikke er anden computer som er forbundet til din sensor",
    "boost.otherComputerConnectedText": "Der kan kun være en computer forbundet til en BOOST ad gangen. Hvis en anden computer er forbundet, afbryd forbindelsen til sensoren eller luk Scratch på den computer og prøv igen.",
    "boost.imgAltBoostIllustration": "Billede af LEGO BOOST.",
    "boost.imgAltConnectALegoBeam": "A LEGO BOOST hub with an axle and a short beam connected to motor A.",
    "boost.feedTheCat": "Fodre katten",
    "boost.feedTheCatDescription": "Fodr en robot kat med farvede LEGO klodser.",
    "boost.imgAltFeedTheCat": "Et Scratch projekt med en hvid kat",
    "boost.driving": "Kørsel",
    "boost.drivingDescription": "Kør rundt med en robot på hjul og lav musik.",
    "boost.imgAltDriving": "Et Scratch projekt med en robot på hjul med øjne",
    "boost.walkAround": "Gå rundt",
    "boost.walkAroundDescription": "Lav din egen controller til at bevæge en figur på skærmen.",
    "boost.imgAltwalkAround": "Et Scratch projekt med en figur på en grøn baggrund"
}