{
    "boost.headerText": "A {boostLink}készlet erős motorokkal, színérzékelőkkel és egyebekkel kelti életre a LEGO alkotásaidat. A Scratchcsel kombinálva robotokat építhetsz, fizikai-digitális történeteket alkothatsz, új játékvezérlőket találhatsz ki, vagy bármi mást, amit csak el tudsz képzelni.",
    "boost.gettingStarted": "Kezdő lépések",
    "boost.connectingBoost": "A BOOST csatalakoztatása a Scratchhez",
    "boost.powerBoost": "Kapcsold be az érzékelőt a bekapcsológomb megnyomásával.",
    "boost.useScratch3": "Használd a {scratch3Link} szerkesztőt.",
    "boost.addExtension": "Add hozzá a BOOST kiegészítőt.",
    "boost.thingsToTry": "Kipróbálandók",
    "boost.makeAMotorMove": "Indítsd el a motort",
    "boost.findTurnMotorOnForSeconds": "Keresd meg az {turnMotorOnForSeconds}blokkot és kattints rá.",
    "boost.turnMotorOnForSeconds": "“A motor bekapcsolása 1 másodpercig”",
    "boost.connectALegoBeam": "Csatlakoztass egy LEGO rudat az A motorhoz egy tengellyel, majd kattints újra a blokkra, hogy forogjon.",
    "boost.starterProjects": "Kezdő projektek",
    "boost.troubleshootingTitle": "Hibaelhárítás",
    "boost.updateScratchLinkTitle": "Make sure you have the latest version of Scratch Link",
    "boost.updateScratchLinkText": "Install Scratch Link using the button above. We recommend using the app store installation process to help keep your version up to date.",
    "boost.checkOSVersionTitle": "Ellenőrizd, hogy az operációs rendszered kompatibilis-e a Scratch Linkkel",
    "boost.checkOSVersionText": "A minimális operációs rendszer verziókat az oldal tetején találod felsorolva. Nézd át leírást a saját {winOSVersionLink} vagy {macOSVersionLink} verziód ellenőrzésére.",
    "boost.winOSVersionLinkText": "Windows",
    "boost.macOSVersionLinkText": "Mac OS",
    "boost.closeScratchCopiesTitle": "Zárd be a Scratch többi példányát",
    "boost.closeScratchCopiesText": "Egyszerre csak egy Scratch példány tud a BOOST-hoz csatlakozni. Ha más böngészőfüleken is meg van nyitva a Scratch, zárd be azokat, és próbáld újra.",
    "boost.otherComputerConnectedTitle": "Ellenőrizd, hogy másik számítógép nem csatlakozik az érzékelődhöz",
    "boost.otherComputerConnectedText": "Egyszerre csak egy számítógép csatlakozhat a BOOST-hoz. Ha egy másik számítógép is csatlakozik az érzékelődhöz, szüntesd meg a kapcsolatot, vagy zárd be a Scratchet azon a számítógépen és próbáld újra.",
    "boost.imgAltBoostIllustration": "A LEGO BOOST illusztrációja.",
    "boost.imgAltConnectALegoBeam": "Egy LEGO BOOST központ tengellyel és egy rövid ruddal csatlakoztatva az A motorhoz.",
    "boost.feedTheCat": "Etesd meg a macskát",
    "boost.feedTheCatDescription": "Etess meg egy robotmacskát színes LEGO kockákkal.",
    "boost.imgAltFeedTheCat": "Scratch projekt fehér macskával",
    "boost.driving": "Vezetés",
    "boost.drivingDescription": "Vezess egy guruló robotot és szerezz zenét.",
    "boost.imgAltDriving": "Scratch projekt guruló, szemes robottal",
    "boost.walkAround": "Sétálj körbe",
    "boost.walkAroundDescription": "Építsd meg a saját játékvezérlődet, hogy mozgasd a szereplőt a képernyőn.",
    "boost.imgAltwalkAround": "Scratch projekt szereplővel a zöld háttéren"
}