{
    "boost.headerText": " {boostLink} キットをつかうと、LEGOでつくったものにパワフルなモーターやカラーセンサー、そのほかのものをくみあわせて、いきいきとさせることができます。Scratchとくみあわせると、あなたじしんのロボットをつくったり、ぶつりてきなデジタルストーリーをつたえたり、あたらしいゲームコントローラーやそうぞうできるならなんでもはつめいできます。",
    "boost.gettingStarted": "さあ、はじめましょう",
    "boost.connectingBoost": "BOOSTをScratchにせつぞくちゅうです",
    "boost.powerBoost": "でんげんボタンをおしてセンサーをオンにします。",
    "boost.useScratch3": " {scratch3Link} エディタをつかいます。",
    "boost.addExtension": "BOOSTかくちょうきのうをついかします。",
    "boost.thingsToTry": "おためしさくひんしゅう",
    "boost.makeAMotorMove": "モーターをうごかす",
    "boost.findTurnMotorOnForSeconds": " {turnMotorOnForSeconds}ブロックをみつけてクリックしてください。",
    "boost.turnMotorOnForSeconds": "“モーターAを1びょうかんオンにする”",
    "boost.connectALegoBeam": "LEGOビームをモーターAのじくにつなげてブロックをもういちどクリックすると、まわります。",
    "boost.starterProjects": "にゅうもんようプロジェクト",
    "boost.troubleshootingTitle": "トラブルシューテング",
    "boost.updateScratchLinkTitle": "Make sure you have the latest version of Scratch Link",
    "boost.updateScratchLinkText": "Install Scratch Link using the button above. We recommend using the app store installation process to help keep your version up to date.",
    "boost.checkOSVersionTitle": "OSがScratch Linkにたいおうしていることをかくにんしてください。",
    "boost.checkOSVersionText": "たいおうしているOSバージョンはページのじょうぶにあります。バージョンのかくにんほうほうはそれぞれ{winOSVersionLink}や{macOSVersionLink}をごらんください。",
    "boost.winOSVersionLinkText": "Windows",
    "boost.macOSVersionLinkText": "Mac OS",
    "boost.closeScratchCopiesTitle": "Scratchのほかのコピーをクローズする",
    "boost.closeScratchCopiesText": "ScratchのコピーはひとつしかどうじにBOOSTにせつぞくできません。ほかのブラウザタブでScratchをひらいているばあい、タブをとじてリトライしてください。",
    "boost.otherComputerConnectedTitle": "かならずほかのコンピューターがセンサーにせつぞくしないようにします。",
    "boost.otherComputerConnectedText": "コンピュータは1だいしかどうじにBOOSTにせつぞくできません。センサーにせつぞくされているほかのコンピュータがあるばあい、センサーをせつだんするか、Scratchをクローズして、リトライしてください。",
    "boost.imgAltBoostIllustration": "LEGO BOOSTのイラスト",
    "boost.imgAltConnectALegoBeam": "かいてんじくとショートビームがモーターAにせつぞくされたLEGO BOOSTハブ。",
    "boost.feedTheCat": "ネコをかう",
    "boost.feedTheCatDescription": "いろのついたLEGOブリックでロボットのネコにえさをやろう。",
    "boost.imgAltFeedTheCat": "しろいネコのScratchプロジェクト",
    "boost.driving": "ドライブ",
    "boost.drivingDescription": "しゃりんつきロボットをはしりまわらせてミュージックをつくろう。",
    "boost.imgAltDriving": "めのあるしゃりんつきロボットのScratchプロジェクト",
    "boost.walkAround": "あるきまわる",
    "boost.walkAroundDescription": "がめんじょうのキャラクターをうごかすじぶんだけのコントローラーをつくろう。",
    "boost.imgAltwalkAround": "みどりのはいけいにキャラクターがいるScratchプロジェクト"
}