{
    "boost.headerText": "Komplet {boostLink} vdihne življenje v tvoje LEGO stvaritve prek zmogljivih motorjev, senzorja za barvo in še česa. Če ga združiš s Scratchem, lahko zgradiš lastna robotska bitja, poveš fizično-digitalne zgodbe, ustvariš nove krmilnike za igre in karkoli drugega, kar si lahko zamisliš.",
    "boost.gettingStarted": "Za začetek",
    "boost.connectingBoost": "Povezovanje BOOST-a s Scratchem",
    "boost.powerBoost": "Vključi senzor tako, da pritisneš gumb za vklop.",
    "boost.useScratch3": "Uporabi urejevalnik {scratch3Link}.",
    "boost.addExtension": "Dodaj razširitev BOOST.",
    "boost.thingsToTry": "Poskusi sledeče",
    "boost.makeAMotorMove": "Naj se motor premika",
    "boost.findTurnMotorOnForSeconds": "Poišči blok {turnMotorOnForSeconds} in ga klikni.",
    "boost.turnMotorOnForSeconds": "“prižgi motor A za 1 sekundo”",
    "boost.connectALegoBeam": "Poveži LEGO gred z osjo na motor A in ponovno klikni blok, da ga zavrtiš.",
    "boost.starterProjects": "Projekti za začetnike",
    "boost.troubleshootingTitle": "Odpravljanje težav",
    "boost.updateScratchLinkTitle": "Make sure you have the latest version of Scratch Link",
    "boost.updateScratchLinkText": "Install Scratch Link using the button above. We recommend using the app store installation process to help keep your version up to date.",
    "boost.checkOSVersionTitle": "Preveri, če je tvoj operacijski sistem združljiv s Scratch Linkom.",
    "boost.checkOSVersionText": "Najnižje različice operacijskih sistemov so navedene na vrhu strani. Oglej si navodila, kako preveriš svojo različico za {winOSVersionLink} ali {macOSVersionLink}.",
    "boost.winOSVersionLinkText": "Windows",
    "boost.macOSVersionLinkText": "Mac OS",
    "boost.closeScratchCopiesTitle": "Zapri ostale kopije Scratcha",
    "boost.closeScratchCopiesText": "Na BOOST se lahko naenkrat poveže le ena kopija Scratcha. Če imaš Scratch odprt v drugih zavihkih brskalnika, jih zapri in poskusi ponovno.",
    "boost.otherComputerConnectedTitle": "Preveri, da s senzorjem ni povezan noben drug računalnik.",
    "boost.otherComputerConnectedText": "Na BOOST se lahko naenkrat poveže le en računalnik. Če imaš s senzorjem povezan še kak drug računalnik, prekini povezavo s senzorjem ali zaprti Scratch na tistem računalniku in začni znova.",
    "boost.imgAltBoostIllustration": "Slika LEGO BOOST-a.",
    "boost.imgAltConnectALegoBeam": "LEGO BOOST pesto z osjo in kratko gredo, povezan z motorjem A.",
    "boost.feedTheCat": "Nahrani mačka",
    "boost.feedTheCatDescription": "Nahrani robotsko mačko z barvitimi LEGO kockami.",
    "boost.imgAltFeedTheCat": "Scratch projekt z belo mačko.",
    "boost.driving": "Vožnja",
    "boost.drivingDescription": "Naokrog zapelji kolesnega robota in ustvarjaj glasbo.",
    "boost.imgAltDriving": "Scratch projekt s kolesnim robotom, ki ima oči.",
    "boost.walkAround": "Sprehodi se naokrog",
    "boost.walkAroundDescription": "Ustvari lastni krmilnik in z njim premikaj lik na ekranu.",
    "boost.imgAltwalkAround": "Scratch projekt z likom na zelenem ozadju."
}