{
    "boost.color.any": "any color",
    "boost.color.black": "black",
    "boost.color.blue": "blue",
    "boost.color.green": "green",
    "boost.color.red": "red",
    "boost.color.white": "white",
    "boost.color.yellow": "yellow",
    "boost.getMotorPosition": "motor [MOTOR_REPORTER_ID] position",
    "boost.getTiltAngle": "tilt angle [TILT_DIRECTION]",
    "boost.motorDirection.backward": "that way",
    "boost.motorDirection.forward": "this way",
    "boost.motorDirection.reverse": "reverse",
    "boost.motorOff": "turn motor [MOTOR_ID] off",
    "boost.motorOn": "turn motor [MOTOR_ID] on",
    "boost.motorOnFor": "turn motor [MOTOR_ID] for [DURATION] seconds",
    "boost.motorOnForRotation": "turn motor [MOTOR_ID] for [ROTATION] rotations",
    "boost.seeingColor": "seeing [COLOR] brick?",
    "boost.setLightHue": "set light color to [HUE]",
    "boost.setMotorDirection": "set motor [MOTOR_ID] direction [MOTOR_DIRECTION]",
    "boost.setMotorPower": "set motor [MOTOR_ID] speed to [POWER] %",
    "boost.tiltDirection.any": "any",
    "boost.tiltDirection.down": "down",
    "boost.tiltDirection.left": "left",
    "boost.tiltDirection.right": "right",
    "boost.tiltDirection.up": "up",
    "boost.whenColor": "when [COLOR] brick seen",
    "boost.whenTilted": "when tilted [TILT_DIRECTION_ANY]",
    "ev3.beepNote": "изсвири тон [NOTE] за [TIME] секунди",
    "ev3.buttonPressed": "бутон [PORT] натиснат ли е?",
    "ev3.getBrightness": "яркост",
    "ev3.getDistance": "разстояние",
    "ev3.getMotorPosition": "позиция на мотор [PORT]",
    "ev3.motorSetPower": "мотор [PORT] направи мощност на [POWER] %",
    "ev3.motorTurnClockwise": "motor [PORT] turn this way for [TIME] seconds",
    "ev3.motorTurnCounterClockwise": "motor [PORT] turn that way for [TIME] seconds",
    "ev3.whenBrightnessLessThan": "когато яркост < [DISTANCE]",
    "ev3.whenButtonPressed": "когато бутон [PORT] е натиснат",
    "ev3.whenDistanceLessThan": "когато дистанция < [DISTANCE]",
    "gdxfor.getAcceleration": "acceleration [DIRECTION]",
    "gdxfor.getForce": "force",
    "gdxfor.getSpin": "spin speed [DIRECTION]",
    "gdxfor.getTilt": "tilt angle [TILT]",
    "gdxfor.isFreeFalling": "falling?",
    "gdxfor.isTilted": "tilted [TILT]?",
    "gdxfor.pulled": "pulled",
    "gdxfor.pushed": "pushed",
    "gdxfor.shaken": "shaken",
    "gdxfor.startedFalling": "started falling",
    "gdxfor.tiltDirectionMenu.any": "any",
    "gdxfor.tiltDirectionMenu.back": "back",
    "gdxfor.tiltDirectionMenu.front": "front",
    "gdxfor.tiltDirectionMenu.left": "left",
    "gdxfor.tiltDirectionMenu.right": "right",
    "gdxfor.turnedFaceDown": "turned face down",
    "gdxfor.turnedFaceUp": "turned face up",
    "gdxfor.whenForcePushedOrPulled": "when force sensor [PUSH_PULL]",
    "gdxfor.whenGesture": "when [GESTURE]",
    "gdxfor.whenTilted": "when tilted [TILT]",
    "makeymakey.downArrow": "стрелка надолу",
    "makeymakey.downArrowShort": "надолу",
    "makeymakey.leftArrow": "лява стрелка",
    "makeymakey.leftArrowShort": "наляво",
    "makeymakey.rightArrow": "дясна стрелка",
    "makeymakey.rightArrowShort": "надясно",
    "makeymakey.spaceKey": "интервал",
    "makeymakey.upArrow": "стрелка нагоре",
    "makeymakey.upArrowShort": "нагоре",
    "makeymakey.whenKeyPressed": "when [KEY] key pressed",
    "makeymakey.whenKeysPressedInOrder": "when [SEQUENCE] pressed in order",
    "microbit.buttonsMenu.any": "произволен",
    "microbit.clearDisplay": "изчисти екрана",
    "microbit.defaultTextToDisplay": "Hello!",
    "microbit.displaySymbol": "покажи [MATRIX]",
    "microbit.displayText": "покажи текст [TEXT]",
    "microbit.gesturesMenu.jumped": "подхвърлен",
    "microbit.gesturesMenu.moved": "преместен",
    "microbit.gesturesMenu.shaken": "shaken",
    "microbit.isButtonPressed": "[BTN] бутон натиснат ли е?",
    "microbit.isTilted": "наклонен [DIRECTION]?",
    "microbit.pinStateMenu.off": "изключено",
    "microbit.pinStateMenu.on": "включено",
    "microbit.tiltAngle": "tilt angle [DIRECTION]",
    "microbit.tiltDirectionMenu.any": "произволен",
    "microbit.tiltDirectionMenu.back": "back",
    "microbit.tiltDirectionMenu.front": "front",
    "microbit.tiltDirectionMenu.left": "наляво",
    "microbit.tiltDirectionMenu.right": "надясно",
    "microbit.whenButtonPressed": "когато [BTN] бутон е натиснат",
    "microbit.whenGesture": "когато [GESTURE]",
    "microbit.whenPinConnected": "when pin [PIN] connected",
    "microbit.whenTilted": "when tilted [DIRECTION]",
    "music.categoryName": "Музика",
    "music.changeTempo": "увеличи темпо с [TEMPO]",
    "music.drumBass": "(2) Бас Барабан",
    "music.drumBongo": "(13) Бонго",
    "music.drumCabasa": "(15) Кабаса",
    "music.drumClaves": "(9) Клавес",
    "music.drumClosedHiHat": "(6) Затворен педален чинел",
    "music.drumConga": "(14) Конга",
    "music.drumCowbell": "(11) Пастирски Звънец",
    "music.drumCrashCymbal": "(4) Краш чинел",
    "music.drumCuica": "(18) Куика",
    "music.drumGuiro": "(16) Гуиро",
    "music.drumHandClap": "(8) Ръкопляскане",
    "music.drumOpenHiHat": "(5) Отворен педален чинел",
    "music.drumSideStick": "(3) Side Stick",
    "music.drumSnare": "(1) Малък Барабан",
    "music.drumTambourine": "(7) Дайре",
    "music.drumTriangle": "(12) Триъгълник",
    "music.drumVibraslap": "(17) Вибраслап",
    "music.drumWoodBlock": "(10) Дървени Блокчета",
    "music.getTempo": "темпо",
    "music.instrumentBass": "(6) Контрабас",
    "music.instrumentBassoon": "(14) Фагот",
    "music.instrumentCello": "(8) Виолончело",
    "music.instrumentChoir": "(15) Хор",
    "music.instrumentClarinet": "(10) Кларинет",
    "music.instrumentElectricGuitar": "(5) Електрическа Китара",
    "music.instrumentElectricPiano": "(2) Електрическо Пиано",
    "music.instrumentFlute": "(12) Флейта",
    "music.instrumentGuitar": "(4) Китара",
    "music.instrumentMarimba": "(19) Маримба",
    "music.instrumentMusicBox": "(17) Музикална Кутия",
    "music.instrumentOrgan": "(3) Орган",
    "music.instrumentPiano": "(1) Пиано",
    "music.instrumentPizzicato": "(7) Пицикато",
    "music.instrumentSaxophone": "(11) Саксофон",
    "music.instrumentSteelDrum": "(18) Стилпан",
    "music.instrumentSynthLead": "(20) Synth Lead",
    "music.instrumentSynthPad": "(21) Synth Pad",
    "music.instrumentTrombone": "(9) Тромбон",
    "music.instrumentVibraphone": "(16) Вибрафон",
    "music.instrumentWoodenFlute": "(13) Дървена Флейта",
    "music.midiPlayDrumForBeats": "play drum [DRUM] for [BEATS] beats",
    "music.midiSetInstrument": "set instrument to [INSTRUMENT]",
    "music.playDrumForBeats": "play drum [DRUM] for [BEATS] beats",
    "music.playNoteForBeats": "play note [NOTE] for [BEATS] beats",
    "music.restForBeats": "rest for [BEATS] beats",
    "music.setInstrument": "set instrument to [INSTRUMENT]",
    "music.setTempo": "направи темпо на [TEMPO]",
    "pen.categoryName": "Молив",
    "pen.changeColorParam": "промени [COLOR_PARAM] на молива с/ъс [VALUE]",
    "pen.changeHue": "промени цвета на молива с [HUE]",
    "pen.changeShade": "промени плътността на молива с/ъс [SHADE]",
    "pen.changeSize": "промени pen size by [SIZE]",
    "pen.clear": "erase all",
    "pen.colorMenu.brightness": "яркост",
    "pen.colorMenu.color": "цвят",
    "pen.colorMenu.saturation": "наситеност",
    "pen.colorMenu.transparency": "прозрачност",
    "pen.penDown": "молив долу",
    "pen.penUp": "молив горе",
    "pen.setColor": "set pen color to [COLOR]",
    "pen.setColorParam": "направи [COLOR_PARAM] на молива на [VALUE]",
    "pen.setHue": "направи цвета на молива [HUE]",
    "pen.setShade": "направи яркостта на молива [SHADE]",
    "pen.setSize": "направи дебелината на молива [SIZE]",
    "pen.stamp": "отпечати",
    "speech.defaultWhenIHearValue": "let''s go",
    "speech.extensionName": "Изписване на Говор",
    "speech.listenAndWait": "слушай и чакай",
    "speech.speechReporter": "реч",
    "speech.whenIHear": "когато чуя [PHRASE]",
    "text2speech.alto": "alto",
    "text2speech.categoryName": "Text to Speech",
    "text2speech.defaultTextToSpeak": "hello",
    "text2speech.giant": "великан",
    "text2speech.kitten": "коте",
    "text2speech.setLanguageBlock": "промени езика на [LANGUAGE]",
    "text2speech.setVoiceBlock": "направи звука на [VOICE]",
    "text2speech.speakAndWaitBlock": "кажи [WORDS]",
    "text2speech.squeak": "скърцане",
    "text2speech.tenor": "висок",
    "translate.categoryName": "Translate",
    "translate.defaultTextToTranslate": "здравей",
    "translate.translateBlock": "преведи [WORDS] на [LANGUAGE]",
    "translate.viewerLanguage": "език",
    "videoSensing.categoryName": "Видео Усет",
    "videoSensing.direction": "посока",
    "videoSensing.motion": "движение",
    "videoSensing.off": "изключено",
    "videoSensing.on": "включено",
    "videoSensing.onFlipped": "on flipped",
    "videoSensing.setVideoTransparency": "направи плътност на видеото на [TRANSPARENCY]",
    "videoSensing.sprite": "спрайт",
    "videoSensing.stage": "сцена",
    "videoSensing.videoOn": "video [ATTRIBUTE] on [SUBJECT]",
    "videoSensing.videoToggle": "[VIDEO_STATE] видео",
    "videoSensing.whenMotionGreaterThan": "когато видео движение > [REFERENCE]",
    "wedo2.getDistance": "разстояние",
    "wedo2.getTiltAngle": "tilt angle [TILT_DIRECTION]",
    "wedo2.isTilted": "tilted [TILT_DIRECTION_ANY]?",
    "wedo2.motorDirection.backward": "натам",
    "wedo2.motorDirection.forward": "насам",
    "wedo2.motorDirection.reverse": "обръщане",
    "wedo2.motorId.a": "мотор A",
    "wedo2.motorId.all": "всички мотори",
    "wedo2.motorId.b": "Мотор B",
    "wedo2.motorId.default": "motor",
    "wedo2.motorOff": "изключи [MOTOR_ID]",
    "wedo2.motorOn": "включи [MOTOR_ID]",
    "wedo2.motorOnFor": "включи [MOTOR_ID] за [DURATION] секунди",
    "wedo2.playNoteFor": "изсвири тон [NOTE] за [DURATION] секунди",
    "wedo2.setLightHue": "set light color to [HUE]",
    "wedo2.setMotorDirection": "задай на [MOTOR_ID] посока [MOTOR_DIRECTION]",
    "wedo2.startMotorPower": "направи мощност на [MOTOR_ID] на [POWER]",
    "wedo2.tiltDirection.any": "произволен",
    "wedo2.tiltDirection.down": "надолу",
    "wedo2.tiltDirection.left": "наляво",
    "wedo2.tiltDirection.right": "надясно",
    "wedo2.tiltDirection.up": "нагоре",
    "wedo2.whenDistance": "когато дистанция [OP] [REFERENCE]",
    "wedo2.whenTilted": "when tilted [TILT_DIRECTION_ANY]"
}