{
    "boost.color.any": "any color",
    "boost.color.black": "black",
    "boost.color.blue": "blue",
    "boost.color.green": "green",
    "boost.color.red": "red",
    "boost.color.white": "white",
    "boost.color.yellow": "yellow",
    "boost.getMotorPosition": "motor [MOTOR_REPORTER_ID] position",
    "boost.getTiltAngle": "tilt angle [TILT_DIRECTION]",
    "boost.motorDirection.backward": "that way",
    "boost.motorDirection.forward": "this way",
    "boost.motorDirection.reverse": "reverse",
    "boost.motorOff": "turn motor [MOTOR_ID] off",
    "boost.motorOn": "turn motor [MOTOR_ID] on",
    "boost.motorOnFor": "turn motor [MOTOR_ID] for [DURATION] seconds",
    "boost.motorOnForRotation": "turn motor [MOTOR_ID] for [ROTATION] rotations",
    "boost.seeingColor": "seeing [COLOR] brick?",
    "boost.setLightHue": "set light color to [HUE]",
    "boost.setMotorDirection": "set motor [MOTOR_ID] direction [MOTOR_DIRECTION]",
    "boost.setMotorPower": "set motor [MOTOR_ID] speed to [POWER] %",
    "boost.tiltDirection.any": "any",
    "boost.tiltDirection.down": "down",
    "boost.tiltDirection.left": "left",
    "boost.tiltDirection.right": "right",
    "boost.tiltDirection.up": "up",
    "boost.whenColor": "when [COLOR] brick seen",
    "boost.whenTilted": "when tilted [TILT_DIRECTION_ANY]",
    "ev3.beepNote": "mängi nooti [NOTE] [TIME] sek",
    "ev3.buttonPressed": "nupp [PORT] all?",
    "ev3.getBrightness": "heledus",
    "ev3.getDistance": "kaugus",
    "ev3.getMotorPosition": "mootori [PORT] positsioon",
    "ev3.motorSetPower": "võta mootori [PORT] võimsus [POWER] %",
    "ev3.motorTurnClockwise": "pööra mootor [PORT] päripäeva [TIME] sek",
    "ev3.motorTurnCounterClockwise": "pööra mootor [PORT] vastupäeva [TIME] sek",
    "ev3.whenBrightnessLessThan": "kui heledus < [DISTANCE]",
    "ev3.whenButtonPressed": "kui nupp [PORT] all",
    "ev3.whenDistanceLessThan": "kui kaugus < [DISTANCE]",
    "gdxfor.getAcceleration": "acceleration [DIRECTION]",
    "gdxfor.getForce": "force",
    "gdxfor.getSpin": "spin speed [DIRECTION]",
    "gdxfor.getTilt": "tilt angle [TILT]",
    "gdxfor.isFreeFalling": "falling?",
    "gdxfor.isTilted": "tilted [TILT]?",
    "gdxfor.pulled": "pulled",
    "gdxfor.pushed": "pushed",
    "gdxfor.shaken": "shaken",
    "gdxfor.startedFalling": "started falling",
    "gdxfor.tiltDirectionMenu.any": "any",
    "gdxfor.tiltDirectionMenu.back": "back",
    "gdxfor.tiltDirectionMenu.front": "front",
    "gdxfor.tiltDirectionMenu.left": "left",
    "gdxfor.tiltDirectionMenu.right": "right",
    "gdxfor.turnedFaceDown": "turned face down",
    "gdxfor.turnedFaceUp": "turned face up",
    "gdxfor.whenForcePushedOrPulled": "when force sensor [PUSH_PULL]",
    "gdxfor.whenGesture": "when [GESTURE]",
    "gdxfor.whenTilted": "when tilted [TILT]",
    "makeymakey.downArrow": "nool alla",
    "makeymakey.downArrowShort": "alla",
    "makeymakey.leftArrow": "nool vasakule",
    "makeymakey.leftArrowShort": "vasakule",
    "makeymakey.rightArrow": "nool paremale",
    "makeymakey.rightArrowShort": "paremale",
    "makeymakey.spaceKey": "tühik",
    "makeymakey.upArrow": "nool üles",
    "makeymakey.upArrowShort": "üles",
    "makeymakey.whenKeyPressed": "when [KEY] key pressed",
    "makeymakey.whenKeysPressedInOrder": "when [SEQUENCE] pressed in order",
    "microbit.buttonsMenu.any": "mõni",
    "microbit.clearDisplay": "tühjenda kuva",
    "microbit.defaultTextToDisplay": "Tere!",
    "microbit.displaySymbol": "kuva [MATRIX]",
    "microbit.displayText": "kuva tekst [TEXT]",
    "microbit.gesturesMenu.jumped": "hüppas",
    "microbit.gesturesMenu.moved": "liikus",
    "microbit.gesturesMenu.shaken": "rappus",
    "microbit.isButtonPressed": "[BTN] nupp all?",
    "microbit.isTilted": "kallutatud [DIRECTION]?",
    "microbit.pinStateMenu.off": "väljas",
    "microbit.pinStateMenu.on": "sees",
    "microbit.tiltAngle": "kaldenurk [DIRECTION]",
    "microbit.tiltDirectionMenu.any": "mõni",
    "microbit.tiltDirectionMenu.back": "tagasi",
    "microbit.tiltDirectionMenu.front": "edasi",
    "microbit.tiltDirectionMenu.left": "vasakule",
    "microbit.tiltDirectionMenu.right": "paremale",
    "microbit.whenButtonPressed": "kui [BTN] nupp all",
    "microbit.whenGesture": "kui [GESTURE]",
    "microbit.whenPinConnected": "Kui [PIN] ühendas",
    "microbit.whenTilted": "kui kallutatud [DIRECTION]",
    "music.categoryName": "Muusika",
    "music.changeTempo": "muuda tempot [TEMPO] võrra",
    "music.drumBass": "(2) Basstrumm",
    "music.drumBongo": "(13) Bongo",
    "music.drumCabasa": "(15) Cabasa",
    "music.drumClaves": "(9) Pulgad",
    "music.drumClosedHiHat": "(6) Suletud Hi-Hat",
    "music.drumConga": "(14) Konga",
    "music.drumCowbell": "(11) Lehmakell",
    "music.drumCrashCymbal": "(4) Taldrikud",
    "music.drumCuica": "(18) Cuica",
    "music.drumGuiro": "(16) Guiro",
    "music.drumHandClap": "(8) Käteplaks",
    "music.drumOpenHiHat": "(5) Lahtine Hi-Hat",
    "music.drumSideStick": "(3) Trummi serv",
    "music.drumSnare": "(1) Soolotrumm",
    "music.drumTambourine": "(7) Tamburiin",
    "music.drumTriangle": "(12) Triangel",
    "music.drumVibraslap": "(17) Põskvibrafon",
    "music.drumWoodBlock": "(10) Puitklots",
    "music.getTempo": "tempo",
    "music.instrumentBass": "(6) Bass",
    "music.instrumentBassoon": "(14) Fagott",
    "music.instrumentCello": "(8) Tšello",
    "music.instrumentChoir": "(15) Koor",
    "music.instrumentClarinet": "(10) Klarnet",
    "music.instrumentElectricGuitar": "(5) Elektrikitarr",
    "music.instrumentElectricPiano": "(2) Elektriklaver",
    "music.instrumentFlute": "(12) Flööt",
    "music.instrumentGuitar": "(4) Kitarr",
    "music.instrumentMarimba": "(19) Marimba",
    "music.instrumentMusicBox": "(17) Mängutoos",
    "music.instrumentOrgan": "(3) Orel",
    "music.instrumentPiano": "(1) Klaver",
    "music.instrumentPizzicato": "(7) Pizzicato",
    "music.instrumentSaxophone": "(11) Saksofon",
    "music.instrumentSteelDrum": "(18) Terastrumm",
    "music.instrumentSynthLead": "(20) Süntesaatori soolo",
    "music.instrumentSynthPad": "(21) Süntesaatori taust",
    "music.instrumentTrombone": "(9) Tromboon",
    "music.instrumentVibraphone": "(16) Vibrafon",
    "music.instrumentWoodenFlute": "(13) Puitflööt",
    "music.midiPlayDrumForBeats": "mängi trummi [DRUM] kestusega [BEATS]",
    "music.midiSetInstrument": "võta instrumendiks [INSTRUMENT]",
    "music.playDrumForBeats": "mängi trummi [DRUM] kestusega [BEATS]",
    "music.playNoteForBeats": "mängi nooti [NOTE] [BEATS] lööki",
    "music.restForBeats": "paus [BEATS] lööki",
    "music.setInstrument": "võta instrumendiks [INSTRUMENT]",
    "music.setTempo": "võta tempoks [TEMPO]",
    "pen.categoryName": "Pliiats",
    "pen.changeColorParam": "muuda pliiatsi [COLOR_PARAM] [VALUE] võrra",
    "pen.changeHue": "muuda pliiatsi värvi [HUE] võrra",
    "pen.changeShade": "muuda pliiatsi varjundit [SHADE] võrra",
    "pen.changeSize": "muuda pliiatsi suurust [SIZE] võrra",
    "pen.clear": "kustuta kõik",
    "pen.colorMenu.brightness": "heledus",
    "pen.colorMenu.color": "värv",
    "pen.colorMenu.saturation": "küllastus",
    "pen.colorMenu.transparency": "läbipaistvus",
    "pen.penDown": "pliiats alla",
    "pen.penUp": "pliiats üles",
    "pen.setColor": "võta pliiatsi värviks [COLOR]",
    "pen.setColorParam": "võta pliiatsi [COLOR_PARAM] [VALUE]",
    "pen.setHue": "võta pliiatsi värviks [HUE]",
    "pen.setShade": "võta pliiatsi varjundiks [SHADE]",
    "pen.setSize": "võta pliiatsi suuruseks [SIZE]",
    "pen.stamp": "jäljend",
    "speech.defaultWhenIHearValue": "alustame",
    "speech.extensionName": "Kõnetuvastus",
    "speech.listenAndWait": "kuula ja oota",
    "speech.speechReporter": "kõne",
    "speech.whenIHear": "kui kuulen [PHRASE]",
    "text2speech.alto": "alt",
    "text2speech.categoryName": "Text to Speech",
    "text2speech.defaultTextToSpeak": "hello",
    "text2speech.giant": "mörin",
    "text2speech.kitten": "kiisu",
    "text2speech.setLanguageBlock": "võta keeleks [LANGUAGE]",
    "text2speech.setVoiceBlock": "võta hääleks [VOICE]",
    "text2speech.speakAndWaitBlock": "ütle [WORDS]",
    "text2speech.squeak": "piiksumine",
    "text2speech.tenor": "tenor",
    "translate.categoryName": "Tõlgi",
    "translate.defaultTextToTranslate": "tere",
    "translate.translateBlock": "tõlgi [WORDS] [LANGUAGE] keelde",
    "translate.viewerLanguage": "keel",
    "videoSensing.categoryName": "Videoandurid",
    "videoSensing.direction": "suund",
    "videoSensing.motion": "liikumine",
    "videoSensing.off": "välja",
    "videoSensing.on": "sisse",
    "videoSensing.onFlipped": "peegeldatuna",
    "videoSensing.setVideoTransparency": "võta video läbipaistvus [TRANSPARENCY]",
    "videoSensing.sprite": "sprait",
    "videoSensing.stage": "lava",
    "videoSensing.videoOn": "[SUBJECT] video [ATTRIBUTE] ",
    "videoSensing.videoToggle": "lülita video [VIDEO_STATE]",
    "videoSensing.whenMotionGreaterThan": "kui video liikumine > [REFERENCE]",
    "wedo2.getDistance": "kaugus",
    "wedo2.getTiltAngle": "kaldenurk [TILT_DIRECTION]",
    "wedo2.isTilted": "kallutatud [TILT_DIRECTION_ANY]?",
    "wedo2.motorDirection.backward": "tagurpidi",
    "wedo2.motorDirection.forward": "edaspidi",
    "wedo2.motorDirection.reverse": "vastupidi",
    "wedo2.motorId.a": "mootor A",
    "wedo2.motorId.all": "kõik mootorid",
    "wedo2.motorId.b": "mootor B",
    "wedo2.motorId.default": "mootor",
    "wedo2.motorOff": "lülita [MOTOR_ID] välja",
    "wedo2.motorOn": "lülita [MOTOR_ID] sisse",
    "wedo2.motorOnFor": "lülita [MOTOR_ID] sisse [DURATION] sek",
    "wedo2.playNoteFor": "mängi nooti [NOTE] [DURATION] sek",
    "wedo2.setLightHue": "võta LED värviks [HUE]",
    "wedo2.setMotorDirection": "võta [MOTOR_ID] suunaks [MOTOR_DIRECTION]",
    "wedo2.startMotorPower": "võta [MOTOR_ID] võimsuseks [POWER]",
    "wedo2.tiltDirection.any": "mingi",
    "wedo2.tiltDirection.down": "alla",
    "wedo2.tiltDirection.left": "vasakule",
    "wedo2.tiltDirection.right": "paremale",
    "wedo2.tiltDirection.up": "üles",
    "wedo2.whenDistance": "kui kaugus [OP] [REFERENCE]",
    "wedo2.whenTilted": "kui kallutatud [TILT_DIRECTION_ANY]"
}