{
    "boost.color.any": "هر رنگی",
    "boost.color.black": "سیاه",
    "boost.color.blue": "آبی",
    "boost.color.green": "سبز",
    "boost.color.red": "قرمز",
    "boost.color.white": "سفید",
    "boost.color.yellow": "زرد",
    "boost.getMotorPosition": " موقعیت [MOTOR_REPORTER_ID]  موتور",
    "boost.getTiltAngle": "زاویه‌ی کج شدن [TILT_DIRECTION]",
    "boost.motorDirection.backward": "اون طرف",
    "boost.motorDirection.forward": "این طرف",
    "boost.motorDirection.reverse": "برعکس",
    "boost.motorOff": "موتور  [MOTOR_ID] را خاموش کن",
    "boost.motorOn": "موتور  [MOTOR_ID] روشن کن",
    "boost.motorOnFor": "موتور  [MOTOR_ID] را به مدت [DURATION] ثانیه بچرخان",
    "boost.motorOnForRotation": "موتور [MOTOR_ID] را به میزان [ROTATION] گردش، برچرخان",
    "boost.seeingColor": "آیا آجر [COLOR] مشاهده شده است؟",
    "boost.setLightHue": "رنگ نور را [HUE] قرار بده",
    "boost.setMotorDirection": "جهت موتور [MOTOR_ID] را به [MOTOR_DIRECTION] % تنظیم کن",
    "boost.setMotorPower": "سرعت موتور  [MOTOR_ID] را به  [POWER] % تنظیم کن",
    "boost.tiltDirection.any": "هر سمتی",
    "boost.tiltDirection.down": "پایین",
    "boost.tiltDirection.left": "به سمت چپ",
    "boost.tiltDirection.right": "به سمت راست",
    "boost.tiltDirection.up": "بالا",
    "boost.whenColor": "وقتی‌که رنگ  [COLOR] مشاهده شد",
    "boost.whenTilted": "وقتی که [TILT_DIRECTION_ANY] کج شد",
    "ev3.beepNote": "آهنگ [NOTE] را به مدت [TIME] ثانیه بوق بزن",
    "ev3.buttonPressed": "آیا دکمه‌ی [PORT] فشرده شده است؟",
    "ev3.getBrightness": "روشنایی",
    "ev3.getDistance": "فاصله",
    "ev3.getMotorPosition": "موقعیت موتور [PORT]",
    "ev3.motorSetPower": "تنظیم قدرت موتور [PORT] به [POWER]",
    "ev3.motorTurnClockwise": "موتور[PORT] به مدت [TIME] ثانیه این راه را دور بزند",
    "ev3.motorTurnCounterClockwise": "موتور [PORT] به مدت [TIME] ثانیه آن راه را دور بزند",
    "ev3.whenBrightnessLessThan": "وقتی‌که  [DISTANCE] < روشنایی",
    "ev3.whenButtonPressed": "وقتی که دکمه‌ی [PORT] فشار داده شد",
    "ev3.whenDistanceLessThan": "وقتی که فاصله < [DISTANCE]",
    "gdxfor.getAcceleration": "شتاب [DIRECTION]",
    "gdxfor.getForce": "نیرو",
    "gdxfor.getSpin": "سرعت چرخش [DIRECTION]",
    "gdxfor.getTilt": "زاویه‌ی شیب [TILT]",
    "gdxfor.isFreeFalling": "در حال سقوط؟",
    "gdxfor.isTilted": "[TILT] کج شده؟",
    "gdxfor.pulled": "کشیده",
    "gdxfor.pushed": "فشرده",
    "gdxfor.shaken": "تکان داده شد",
    "gdxfor.startedFalling": "سقوط شروع شد",
    "gdxfor.tiltDirectionMenu.any": "هر سمتی",
    "gdxfor.tiltDirectionMenu.back": "به سمت عقب",
    "gdxfor.tiltDirectionMenu.front": "به سمت جلو",
    "gdxfor.tiltDirectionMenu.left": "به سمت چپ",
    "gdxfor.tiltDirectionMenu.right": "به سمت راست",
    "gdxfor.turnedFaceDown": "چهره رو به پایین",
    "gdxfor.turnedFaceUp": "چهره رو به بالا",
    "gdxfor.whenForcePushedOrPulled": "وقتی حسگر [PUSH_PULL] اعمال شود",
    "gdxfor.whenGesture": "وقتی که [GESTURE]",
    "gdxfor.whenTilted": "وقتی که [TILT] کج شد",
    "makeymakey.downArrow": "جهت پایین",
    "makeymakey.downArrowShort": "پایین",
    "makeymakey.leftArrow": "کلید جهت چپ",
    "makeymakey.leftArrowShort": "به سمت چپ",
    "makeymakey.rightArrow": "کلید جهت راست",
    "makeymakey.rightArrowShort": "کلید جهت راست",
    "makeymakey.spaceKey": "کلید فاصله",
    "makeymakey.upArrow": "جهت بالا",
    "makeymakey.upArrowShort": "بالا",
    "makeymakey.whenKeyPressed": "وقتی کلید [KEY] فشرده شد",
    "makeymakey.whenKeysPressedInOrder": "وقتی [SEQUENCE] به ترتیب فشار داده شد",
    "microbit.buttonsMenu.any": "A یا B",
    "microbit.clearDisplay": "پاک کردن صفحه‌ی نمایش",
    "microbit.defaultTextToDisplay": "سلام!",
    "microbit.displaySymbol": "نمایش [MATRIX]",
    "microbit.displayText": "نمایش متن [TEXT]",
    "microbit.gesturesMenu.jumped": "پرید",
    "microbit.gesturesMenu.moved": "حرکت کرد",
    "microbit.gesturesMenu.shaken": "تکان داده شد",
    "microbit.isButtonPressed": "دکمه‌ی [BTN] فشار داده شد؟",
    "microbit.isTilted": "[DIRECTION] کج شد؟",
    "microbit.pinStateMenu.off": "خاموش",
    "microbit.pinStateMenu.on": "روشن",
    "microbit.tiltAngle": "زاویه‌ی شیب [DIRECTION]",
    "microbit.tiltDirectionMenu.any": "هر سمتی",
    "microbit.tiltDirectionMenu.back": "به سمت عقب",
    "microbit.tiltDirectionMenu.front": "به سمت جلو",
    "microbit.tiltDirectionMenu.left": "به سمت چپ",
    "microbit.tiltDirectionMenu.right": "به سمت راست",
    "microbit.whenButtonPressed": "وقتی که دکمه [BTN] فشار داده شد",
    "microbit.whenGesture": "وقتی که [GESTURE]",
    "microbit.whenPinConnected": "وقتی که پین [PIN] وصل شد",
    "microbit.whenTilted": "وقتی که [DIRECTION] کج شد",
    "music.categoryName": "موسیقی",
    "music.changeTempo": "تُندا را به میزان [TEMPO] تغییر بده",
    "music.drumBass": "(2) طبل بزرگ بم",
    "music.drumBongo": "(13) طبل بانگو",
    "music.drumCabasa": "(15) جغجغه‌ی کاباسا",
    "music.drumClaves": "(9) چوب‌های کلیوز",
    "music.drumClosedHiHat": "(6) ضرب دوسنج موازی نزدیک به هم",
    "music.drumConga": "(14) تیمپوی مدل کنگا",
    "music.drumCowbell": "(11) زنگ مدل کبل",
    "music.drumCrashCymbal": "(4) سنج تک پایه دار",
    "music.drumCuica": "(18) طبل مدل کویکا",
    "music.drumGuiro": "(16) جغجغه‌ی چوبی گویرو",
    "music.drumHandClap": "(8) دست زدن",
    "music.drumOpenHiHat": "(5) سنج دوگانه‌ی موازی ضربه‌ای با چوب",
    "music.drumSideStick": "(3) ضربه ی کنار چوب ",
    "music.drumSnare": "(1) طبل کوچک",
    "music.drumTambourine": "(7) دایره زنگی",
    "music.drumTriangle": "(12) زنگ مثلثی",
    "music.drumVibraslap": "(17) ضربه‌ی ارتعاشی",
    "music.drumWoodBlock": "(10) قطعه‌ی چوب ",
    "music.getTempo": "تُندا",
    "music.instrumentBass": "(6) گیتار بیس",
    "music.instrumentBassoon": "(14) ساز بادی فاگوت",
    "music.instrumentCello": "(8) ویولن سل",
    "music.instrumentChoir": "(15) گروه کر",
    "music.instrumentClarinet": "(10) ساز بادی کلارینت",
    "music.instrumentElectricGuitar": "(5) گیتار الکتریک",
    "music.instrumentElectricPiano": "(2) پیانو الکتریک",
    "music.instrumentFlute": "(12) فلوت",
    "music.instrumentGuitar": "(4) گیتار",
    "music.instrumentMarimba": "(19) سنتور چوبی آفریقایی مدل ماریمبا",
    "music.instrumentMusicBox": "(17) ساز کوکی جعبه‌ی موسیقی",
    "music.instrumentOrgan": "(3) ارگ",
    "music.instrumentPiano": "(1) پیانو",
    "music.instrumentPizzicato": "(7) ساز زهی و دستی پیتزیکاتو",
    "music.instrumentSaxophone": "(11) ساکسیفون",
    "music.instrumentSteelDrum": "(18) طبل فولادی",
    "music.instrumentSynthLead": "(20) صدای زیر ساز برقی ",
    "music.instrumentSynthPad": "(21) صدای پایدار ساز برقی",
    "music.instrumentTrombone": "(9) شیپور ترومبون",
    "music.instrumentVibraphone": "(16) ساز کوبه‌ای ویبرافون",
    "music.instrumentWoodenFlute": "(13) فلوت چوبی",
    "music.midiPlayDrumForBeats": "[BEATS] درامز را به میزان [DRUM] ضرب بنواز",
    "music.midiSetInstrument": "ساز [INSTRUMENT] شود",
    "music.playDrumForBeats": "[BEATS] درامز را به میزان [DRUM] ضرب بنواز",
    "music.playNoteForBeats": "نت [NOTE] به میزان [BEATS] ضرب بنواز",
    "music.restForBeats": "به میزان [BEATS] ضرب سکوت کن",
    "music.setInstrument": "ساز  [INSTRUMENT] شود",
    "music.setTempo": "تنظیم تُندا به [TEMPO]",
    "pen.categoryName": "قلم",
    "pen.changeColorParam": "[COLOR_PARAM] قلم را به میزان [VALUE] تغییر بده",
    "pen.changeHue": "رنگ قلم را به میزان [HUE] تغییر بده",
    "pen.changeShade": "سایه‌ی قلم را به میزان [SHADE] تغییر بده",
    "pen.changeSize": "اندازه‌ی قلم را به میزان [SIZE] تغییر بده",
    "pen.clear": "همه را پاک کن",
    "pen.colorMenu.brightness": "روشنایی",
    "pen.colorMenu.color": "رنگ",
    "pen.colorMenu.saturation": "اشباع",
    "pen.colorMenu.transparency": "شفافیت",
    "pen.penDown": "قلم پایین بیاید",
    "pen.penUp": "قلم بالا برود",
    "pen.setColor": "رنگ قلم را [COLOR] قرار بده",
    "pen.setColorParam": "[COLOR_PARAM] قلم را [VALUE] قرار بده",
    "pen.setHue": "رنگ قلم را [HUE] قرار بده",
    "pen.setShade": "تنظیم سایه‌ی قلم به [SHADE]",
    "pen.setSize": "اندازه‌ی قلم را [SIZE] قرار بده",
    "pen.stamp": "مهر",
    "speech.defaultWhenIHearValue": "بیایید شروع کنیم",
    "speech.extensionName": "گفتار به متن",
    "speech.listenAndWait": "گوش کن و صبر کن",
    "speech.speechReporter": "گفتار",
    "speech.whenIHear": "وقتی که من [PHRASE] را شنیدم",
    "text2speech.alto": "زیر",
    "text2speech.categoryName": "متن به گفتار",
    "text2speech.defaultTextToSpeak": "سلام",
    "text2speech.giant": "غول",
    "text2speech.kitten": "بچه گربه",
    "text2speech.setLanguageBlock": "تنظیم زبان به [LANGUAGE]",
    "text2speech.setVoiceBlock": "تنظیم صدا به [VOICE]",
    "text2speech.speakAndWaitBlock": "بگو [WORDS]",
    "text2speech.squeak": "کودکانه",
    "text2speech.tenor": "بم",
    "translate.categoryName": "ترجمه کردن",
    "translate.defaultTextToTranslate": "سلام",
    "translate.translateBlock": "[WORDS] را به [LANGUAGE] ترجمه کن",
    "translate.viewerLanguage": "زبان",
    "videoSensing.categoryName": "تشخیص ویدئو",
    "videoSensing.direction": "جهت",
    "videoSensing.motion": "حرکت",
    "videoSensing.off": "خاموش",
    "videoSensing.on": "روشن",
    "videoSensing.onFlipped": "روشن و قرینه",
    "videoSensing.setVideoTransparency": "شفافیت ویدیو را [TRANSPARENCY] قرار بده",
    "videoSensing.sprite": "شکلک",
    "videoSensing.stage": "صحنه",
    "videoSensing.videoOn": "[ATTRIBUTE]  ویدیو بر روی [SUBJECT]",
    "videoSensing.videoToggle": "تشخیص ویدیویی را [VIDEO_STATE] کن",
    "videoSensing.whenMotionGreaterThan": "وقتی که  [REFERENCE] < حرکت ویدیو",
    "wedo2.getDistance": "فاصله",
    "wedo2.getTiltAngle": "زاویه‌ ی کج شدن [TILT_DIRECTION]",
    "wedo2.isTilted": "آیا [TILT_DIRECTION_ANY] کج شد؟",
    "wedo2.motorDirection.backward": "اون طرف",
    "wedo2.motorDirection.forward": "این طرف",
    "wedo2.motorDirection.reverse": "برعکس",
    "wedo2.motorId.a": "موتور اول",
    "wedo2.motorId.all": "همه‌ ی موتورها",
    "wedo2.motorId.b": "موتور دوم",
    "wedo2.motorId.default": "موتور",
    "wedo2.motorOff": "خاموش کردن [MOTOR_ID]",
    "wedo2.motorOn": "روشن کردن [MOTOR_ID]",
    "wedo2.motorOnFor": "روشن کردن [MOTOR_ID] به مدت [DURATION] ثانیه",
    "wedo2.playNoteFor": "پخش نت [NOTE] برای [DURATION] ثانیه",
    "wedo2.setLightHue": "تنظیم رنگ نور به [HUE]",
    "wedo2.setMotorDirection": "تنظیم جهت [MOTOR_ID] به [MOTOR_DIRECTION]",
    "wedo2.startMotorPower": "تنظیم قدرت [MOTOR_ID] به [POWER]",
    "wedo2.tiltDirection.any": "هر سمتی",
    "wedo2.tiltDirection.down": "پایین",
    "wedo2.tiltDirection.left": "به سمت چپ",
    "wedo2.tiltDirection.right": "به سمت راست",
    "wedo2.tiltDirection.up": "بالا",
    "wedo2.whenDistance": "وقتی که فاصله‌ی [OP]  [REFERENCE]",
    "wedo2.whenTilted": "وقتی که [TILT_DIRECTION_ANY] کج شد"
}