{
    "boost.color.any": "warna apapun",
    "boost.color.black": "hitam",
    "boost.color.blue": "biru",
    "boost.color.green": "hijau",
    "boost.color.red": "merah",
    "boost.color.white": "putih",
    "boost.color.yellow": "kuning",
    "boost.getMotorPosition": "posisi motor [MOTOR_REPORTER_ID]",
    "boost.getTiltAngle": "sudut kemiringan [TILT_DIRECTION]",
    "boost.motorDirection.backward": "ke arah sana",
    "boost.motorDirection.forward": "ke arah sini",
    "boost.motorDirection.reverse": "reverse",
    "boost.motorOff": "matikan motor [MOTOR_ID]",
    "boost.motorOn": "nyalakan motor [MOTOR_ID]",
    "boost.motorOnFor": "nyalakan motor [MOTOR_ID] selama [DURATION] detik",
    "boost.motorOnForRotation": "nyalakan motor [MOTOR_ID] selama [ROTATION] rotasi",
    "boost.seeingColor": "melihat bata [COLOR]?",
    "boost.setLightHue": "atur warna lampu ke [HUE]",
    "boost.setMotorDirection": "atur arah motor [MOTOR_ID] [MOTOR_DIRECTION]",
    "boost.setMotorPower": "atur kecepatan motor [MOTOR_ID] ke [POWER] %",
    "boost.tiltDirection.any": "any",
    "boost.tiltDirection.down": "bawah",
    "boost.tiltDirection.left": "kiri",
    "boost.tiltDirection.right": "kanan",
    "boost.tiltDirection.up": "atas",
    "boost.whenColor": "ketika bata [COLOR] dilihat",
    "boost.whenTilted": "ketika dimiringkan [TILT_DIRECTION_ANY]",
    "ev3.beepNote": "bunyikan nada [NOTE] selama [TIME] detik",
    "ev3.buttonPressed": "tombol [PORT] ditekan?",
    "ev3.getBrightness": "kecerahan",
    "ev3.getDistance": "jarak",
    "ev3.getMotorPosition": "posisi motor [PORT]",
    "ev3.motorSetPower": "motor [PORT] atur kekuatan [POWER] %",
    "ev3.motorTurnClockwise": "motor [PORT] belok ke arah ini selama [TIME] detik",
    "ev3.motorTurnCounterClockwise": "motor [PORT] belok ke arah itu selama [TIME] detik",
    "ev3.whenBrightnessLessThan": "ketika kecerahan < [DISTANCE]",
    "ev3.whenButtonPressed": "ketika tombol [PORT] ditekan",
    "ev3.whenDistanceLessThan": "ketika jarak < [DISTANCE]",
    "gdxfor.getAcceleration": "akselerasi [DIRECTION]",
    "gdxfor.getForce": "gaya",
    "gdxfor.getSpin": "kecepatan berputar [DIRECTION]",
    "gdxfor.getTilt": "sudut kemiringan [TILT]",
    "gdxfor.isFreeFalling": "sedang jatuh bebas?",
    "gdxfor.isTilted": "dimiringkan [TILT]?",
    "gdxfor.pulled": "ditarik",
    "gdxfor.pushed": "didorong",
    "gdxfor.shaken": "digoyang",
    "gdxfor.startedFalling": "mulai jatuh bebas",
    "gdxfor.tiltDirectionMenu.any": "any",
    "gdxfor.tiltDirectionMenu.back": "belakang",
    "gdxfor.tiltDirectionMenu.front": "depan",
    "gdxfor.tiltDirectionMenu.left": "kiri",
    "gdxfor.tiltDirectionMenu.right": "kanan",
    "gdxfor.turnedFaceDown": "tengkurap",
    "gdxfor.turnedFaceUp": "telentang",
    "gdxfor.whenForcePushedOrPulled": "ketika sensor gaya [PUSH_PULL]",
    "gdxfor.whenGesture": "ketika [GESTURE]",
    "gdxfor.whenTilted": "ketika dimiringkan [TILT]",
    "makeymakey.downArrow": "panah bawah",
    "makeymakey.downArrowShort": "bawah",
    "makeymakey.leftArrow": "panah kiri",
    "makeymakey.leftArrowShort": "kiri",
    "makeymakey.rightArrow": "panah kanan",
    "makeymakey.rightArrowShort": "kanan",
    "makeymakey.spaceKey": "spasi",
    "makeymakey.upArrow": "panah atas",
    "makeymakey.upArrowShort": "atas",
    "makeymakey.whenKeyPressed": "ketika tombol [KEY] ditekan",
    "makeymakey.whenKeysPressedInOrder": "ketika [SEQUENCE] ditekan dalam urutan tersebut",
    "microbit.buttonsMenu.any": "manapun",
    "microbit.clearDisplay": "bersihkan tampilan",
    "microbit.defaultTextToDisplay": "Halo!",
    "microbit.displaySymbol": "tampilkan [MATRIX]",
    "microbit.displayText": "tampilkan teks [TEXT]",
    "microbit.gesturesMenu.jumped": "melompat",
    "microbit.gesturesMenu.moved": "bergerak",
    "microbit.gesturesMenu.shaken": "tergoyang",
    "microbit.isButtonPressed": "tombol [BTN] ditekan?",
    "microbit.isTilted": "miring [DIRECTION]?",
    "microbit.pinStateMenu.off": "mati",
    "microbit.pinStateMenu.on": "hidup",
    "microbit.tiltAngle": "sudut miring [DIRECTION]",
    "microbit.tiltDirectionMenu.any": "manapun",
    "microbit.tiltDirectionMenu.back": "belakang",
    "microbit.tiltDirectionMenu.front": "depan",
    "microbit.tiltDirectionMenu.left": "kiri",
    "microbit.tiltDirectionMenu.right": "kanan",
    "microbit.whenButtonPressed": "ketika tombol [BTN] ditekan",
    "microbit.whenGesture": "ketika [GESTURE]",
    "microbit.whenPinConnected": "ketika pin [PIN] disambung",
    "microbit.whenTilted": "ketika dimiringkan [DIRECTION]",
    "music.categoryName": "Musik",
    "music.changeTempo": "ubah tempo sebesar [TEMPO]",
    "music.drumBass": "(2) Drum Bass",
    "music.drumBongo": "(13) Bongo",
    "music.drumCabasa": "(15) Cabasa",
    "music.drumClaves": "(9) Claves",
    "music.drumClosedHiHat": "(6) Hi-Hat Tertutup",
    "music.drumConga": "(14) Conga",
    "music.drumCowbell": "(11) Lonceng Sapi",
    "music.drumCrashCymbal": "(4) Simbal",
    "music.drumCuica": "(18) Cuica",
    "music.drumGuiro": "(16) Guiro",
    "music.drumHandClap": "(8) Tepukan Tangan",
    "music.drumOpenHiHat": "(5) Hi-Hat Terbuka",
    "music.drumSideStick": "(3) Tongkat Samping",
    "music.drumSnare": "(1) Drum Senar",
    "music.drumTambourine": "(7) Tamborin",
    "music.drumTriangle": "(12) Triangle",
    "music.drumVibraslap": "(17) Vibraslap",
    "music.drumWoodBlock": "(10) Balok Kayu",
    "music.getTempo": "tempo",
    "music.instrumentBass": "(6) Bass",
    "music.instrumentBassoon": "(14) Fagot",
    "music.instrumentCello": "(8) Cello",
    "music.instrumentChoir": "(15) Paduan Suara",
    "music.instrumentClarinet": "(10) Klarinet",
    "music.instrumentElectricGuitar": "(5) Gitar Listrik",
    "music.instrumentElectricPiano": "(2) Piano Listrik",
    "music.instrumentFlute": "(12) Seruling",
    "music.instrumentGuitar": "(4) Gitar",
    "music.instrumentMarimba": "(19) Marimba",
    "music.instrumentMusicBox": "(17) Kotak Musik",
    "music.instrumentOrgan": "(3) Organ",
    "music.instrumentPiano": "(1) Piano",
    "music.instrumentPizzicato": "(7) Pizzicato",
    "music.instrumentSaxophone": "(11) Saksofon",
    "music.instrumentSteelDrum": "(18) Drum Baja",
    "music.instrumentSynthLead": "(20) Sintesis Pimpinan",
    "music.instrumentSynthPad": "(21) Pad Sintesis",
    "music.instrumentTrombone": "(9) Trombon",
    "music.instrumentVibraphone": "(16) Vibrafon",
    "music.instrumentWoodenFlute": "(13) Seruling Kayu",
    "music.midiPlayDrumForBeats": "mainkan drum [DRUM] selama [BEATS] ketukan",
    "music.midiSetInstrument": "atur instrumen ke [INSTRUMENT]",
    "music.playDrumForBeats": "mainkan drum [DRUM] selama [BEATS] ketukan",
    "music.playNoteForBeats": "mainkan nada [NOTE] selama [BEATS] ketukan",
    "music.restForBeats": "diam selama [BEATS] ketukan",
    "music.setInstrument": "atur instrumen ke [INSTRUMENT]",
    "music.setTempo": "atur tempo ke [TEMPO]",
    "pen.categoryName": "Pena",
    "pen.changeColorParam": "ubah [COLOR_PARAM] pena sebesar [VALUE]",
    "pen.changeHue": "ubah warna pena sebesar [HUE]",
    "pen.changeShade": "ubah kegelapan pena sebesar [SHADE]",
    "pen.changeSize": "ubah ukuran pena sebesar [SIZE]",
    "pen.clear": "hapus semua",
    "pen.colorMenu.brightness": "kecerahan",
    "pen.colorMenu.color": "warna",
    "pen.colorMenu.saturation": "saturasi",
    "pen.colorMenu.transparency": "transparansi",
    "pen.penDown": "tekan pena",
    "pen.penUp": "angkat pena",
    "pen.setColor": "atur warna pena ke [COLOR]",
    "pen.setColorParam": "atur [COLOR_PARAM] pena ke [VALUE]",
    "pen.setHue": "atur warna pena ke [HUE]",
    "pen.setShade": "atur kegelapan pena sebesar [SHADE]",
    "pen.setSize": "atur ukuran pena ke [SIZE]",
    "pen.stamp": "cap",
    "speech.defaultWhenIHearValue": "ayo pergi",
    "speech.extensionName": "Ucapan ke Teks",
    "speech.listenAndWait": "dengarkan dan tunggu",
    "speech.speechReporter": "ucapan",
    "speech.whenIHear": "ketika aku mendengar [PHRASE]",
    "text2speech.alto": "alto",
    "text2speech.categoryName": "Teks ke Ucapan.",
    "text2speech.defaultTextToSpeak": "halo",
    "text2speech.giant": "raksasa",
    "text2speech.kitten": "anak kucing",
    "text2speech.setLanguageBlock": "atur bahasa ke [LANGUAGE]",
    "text2speech.setVoiceBlock": "atur suara ke [VOICE]",
    "text2speech.speakAndWaitBlock": "ujarkan [WORDS]",
    "text2speech.squeak": "mencicit",
    "text2speech.tenor": "tenor",
    "translate.categoryName": "Terjemahkan",
    "translate.defaultTextToTranslate": "halo",
    "translate.translateBlock": "terjemahkan [WORDS] ke [LANGUAGE]",
    "translate.viewerLanguage": "bahasa",
    "videoSensing.categoryName": "Sensor Video",
    "videoSensing.direction": "arah",
    "videoSensing.motion": "gerakan",
    "videoSensing.off": "mati",
    "videoSensing.on": "hidup",
    "videoSensing.onFlipped": "nyala dibalik",
    "videoSensing.setVideoTransparency": "atur transparansi video ke [TRANSPARENCY]",
    "videoSensing.sprite": "sprite",
    "videoSensing.stage": "panggung",
    "videoSensing.videoOn": "video [ATTRIBUTE] di [SUBJECT]",
    "videoSensing.videoToggle": "nyalakan video [VIDEO_STATE]",
    "videoSensing.whenMotionGreaterThan": "ketika gerakan video > [REFERENCE]",
    "wedo2.getDistance": "jarak",
    "wedo2.getTiltAngle": "sudut kemiringan [TILT_DIRECTION]",
    "wedo2.isTilted": "dimiringkan [TILT_DIRECTION_ANY]?",
    "wedo2.motorDirection.backward": "ke arah sana",
    "wedo2.motorDirection.forward": "ke arah sini",
    "wedo2.motorDirection.reverse": "balikkan arah",
    "wedo2.motorId.a": "motor A",
    "wedo2.motorId.all": "semua motor",
    "wedo2.motorId.b": "motor B",
    "wedo2.motorId.default": "motor",
    "wedo2.motorOff": "matikan [MOTOR_ID]",
    "wedo2.motorOn": "nyalakan [MOTOR_ID]",
    "wedo2.motorOnFor": "nyalakan [MOTOR_ID] selama [DURATION] detik",
    "wedo2.playNoteFor": "mainkan nada [NOTE] selama [DURATION] detik",
    "wedo2.setLightHue": "atur warna lampu ke [HUE]",
    "wedo2.setMotorDirection": "atur arah [MOTOR_ID] ke [MOTOR_DIRECTION]",
    "wedo2.startMotorPower": "atur kekuatan [MOTOR_ID] ke [POWER]",
    "wedo2.tiltDirection.any": "manapun",
    "wedo2.tiltDirection.down": "bawah",
    "wedo2.tiltDirection.left": "kiri",
    "wedo2.tiltDirection.right": "kanan",
    "wedo2.tiltDirection.up": "atas",
    "wedo2.whenDistance": "ketika jarak [OP] [REFERENCE]",
    "wedo2.whenTilted": "ketika dimiringkan [TILT_DIRECTION_ANY]"
}