{
    "boost.color.any": "any color",
    "boost.color.black": "black",
    "boost.color.blue": "blue",
    "boost.color.green": "green",
    "boost.color.red": "red",
    "boost.color.white": "white",
    "boost.color.yellow": "yellow",
    "boost.getMotorPosition": "motor [MOTOR_REPORTER_ID] position",
    "boost.getTiltAngle": "tilt angle [TILT_DIRECTION]",
    "boost.motorDirection.backward": "that way",
    "boost.motorDirection.forward": "this way",
    "boost.motorDirection.reverse": "reverse",
    "boost.motorOff": "turn motor [MOTOR_ID] off",
    "boost.motorOn": "turn motor [MOTOR_ID] on",
    "boost.motorOnFor": "turn motor [MOTOR_ID] for [DURATION] seconds",
    "boost.motorOnForRotation": "turn motor [MOTOR_ID] for [ROTATION] rotations",
    "boost.seeingColor": "seeing [COLOR] brick?",
    "boost.setLightHue": "set light color to [HUE]",
    "boost.setMotorDirection": "set motor [MOTOR_ID] direction [MOTOR_DIRECTION]",
    "boost.setMotorPower": "set motor [MOTOR_ID] speed to [POWER] %",
    "boost.tiltDirection.any": "any",
    "boost.tiltDirection.down": "down",
    "boost.tiltDirection.left": "left",
    "boost.tiltDirection.right": "right",
    "boost.tiltDirection.up": "up",
    "boost.whenColor": "when [COLOR] brick seen",
    "boost.whenTilted": "when tilted [TILT_DIRECTION_ANY]",
    "ev3.beepNote": "beep note [NOTE] for [TIME] secs",
    "ev3.buttonPressed": "button [PORT] pressed?",
    "ev3.getBrightness": "brightness",
    "ev3.getDistance": "distance",
    "ev3.getMotorPosition": "motor [PORT] position",
    "ev3.motorSetPower": "motor [PORT] set power [POWER] %",
    "ev3.motorTurnClockwise": "motor [PORT] turn this way for [TIME] seconds",
    "ev3.motorTurnCounterClockwise": "motor [PORT] turn that way for [TIME] seconds",
    "ev3.whenBrightnessLessThan": "when brightness < [DISTANCE]",
    "ev3.whenButtonPressed": "when button [PORT] pressed",
    "ev3.whenDistanceLessThan": "when distance < [DISTANCE]",
    "gdxfor.getAcceleration": "acceleration [DIRECTION]",
    "gdxfor.getForce": "force",
    "gdxfor.getSpin": "spin speed [DIRECTION]",
    "gdxfor.getTilt": "tilt angle [TILT]",
    "gdxfor.isFreeFalling": "falling?",
    "gdxfor.isTilted": "tilted [TILT]?",
    "gdxfor.pulled": "pulled",
    "gdxfor.pushed": "pushed",
    "gdxfor.shaken": "shaken",
    "gdxfor.startedFalling": "started falling",
    "gdxfor.tiltDirectionMenu.any": "any",
    "gdxfor.tiltDirectionMenu.back": "back",
    "gdxfor.tiltDirectionMenu.front": "front",
    "gdxfor.tiltDirectionMenu.left": "left",
    "gdxfor.tiltDirectionMenu.right": "right",
    "gdxfor.turnedFaceDown": "turned face down",
    "gdxfor.turnedFaceUp": "turned face up",
    "gdxfor.whenForcePushedOrPulled": "when force sensor [PUSH_PULL]",
    "gdxfor.whenGesture": "when [GESTURE]",
    "gdxfor.whenTilted": "when tilted [TILT]",
    "makeymakey.downArrow": "down arrow",
    "makeymakey.downArrowShort": "down",
    "makeymakey.leftArrow": "left arrow",
    "makeymakey.leftArrowShort": "left",
    "makeymakey.rightArrow": "right arrow",
    "makeymakey.rightArrowShort": "right",
    "makeymakey.spaceKey": "space",
    "makeymakey.upArrow": "up arrow",
    "makeymakey.upArrowShort": "up",
    "makeymakey.whenKeyPressed": "when [KEY] key pressed",
    "makeymakey.whenKeysPressedInOrder": "when [SEQUENCE] pressed in order",
    "microbit.buttonsMenu.any": "any",
    "microbit.clearDisplay": "clear display",
    "microbit.defaultTextToDisplay": "Hello!",
    "microbit.displaySymbol": "display [MATRIX]",
    "microbit.displayText": "display text [TEXT]",
    "microbit.gesturesMenu.jumped": "jumped",
    "microbit.gesturesMenu.moved": "moved",
    "microbit.gesturesMenu.shaken": "shaken",
    "microbit.isButtonPressed": "[BTN] button pressed?",
    "microbit.isTilted": "tilted [DIRECTION]?",
    "microbit.pinStateMenu.off": "off",
    "microbit.pinStateMenu.on": "on",
    "microbit.tiltAngle": "tilt angle [DIRECTION]",
    "microbit.tiltDirectionMenu.any": "any",
    "microbit.tiltDirectionMenu.back": "back",
    "microbit.tiltDirectionMenu.front": "front",
    "microbit.tiltDirectionMenu.left": "left",
    "microbit.tiltDirectionMenu.right": "right",
    "microbit.whenButtonPressed": "when [BTN] button pressed",
    "microbit.whenGesture": "when [GESTURE]",
    "microbit.whenPinConnected": "when pin [PIN] connected",
    "microbit.whenTilted": "when tilted [DIRECTION]",
    "music.categoryName": "Tónlist",
    "music.changeTempo": "breyta hraða um  [TEMPO]",
    "music.drumBass": "(2) Bassa tromma",
    "music.drumBongo": "(13) Bongo tromma",
    "music.drumCabasa": "(15) Hrista",
    "music.drumClaves": "(9) Taktstangir",
    "music.drumClosedHiHat": "(6) Lokaður Hi-Hat",
    "music.drumConga": "(14) Konga tromma",
    "music.drumCowbell": "(11) Kúabjalla",
    "music.drumCrashCymbal": "(4) Glamrandi simball",
    "music.drumCuica": "(18) Cuica tromma",
    "music.drumGuiro": "(16) Guíró",
    "music.drumHandClap": "(8) Klapp",
    "music.drumOpenHiHat": "(5) Opinn Hi-Hat",
    "music.drumSideStick": "(3) Hliðar prik",
    "music.drumSnare": "(1) Sneriltromma",
    "music.drumTambourine": "(7) Tambúrína",
    "music.drumTriangle": "(12) Þríhyrningur",
    "music.drumVibraslap": "(17) Víbrastrengur",
    "music.drumWoodBlock": "(10) Viðarblokk",
    "music.getTempo": "taktur",
    "music.instrumentBass": "(6) Bassi",
    "music.instrumentBassoon": "(14) Fagott",
    "music.instrumentCello": "(8) Selló",
    "music.instrumentChoir": "(15) Kór",
    "music.instrumentClarinet": "(10) Klarinet",
    "music.instrumentElectricGuitar": "(5) Rafmagnsgítar",
    "music.instrumentElectricPiano": "(2) Rafmagnspíanó",
    "music.instrumentFlute": "(12) Flauta",
    "music.instrumentGuitar": "(4) Gítar",
    "music.instrumentMarimba": "(19) Marimba",
    "music.instrumentMusicBox": "(17) Spiladós",
    "music.instrumentOrgan": "(3) Orgel",
    "music.instrumentPiano": "(1) Píanó",
    "music.instrumentPizzicato": "(7) Pizzicato",
    "music.instrumentSaxophone": "(11) Saxófónn",
    "music.instrumentSteelDrum": "(18) Stál tromma",
    "music.instrumentSynthLead": "(20) Aðal hljóðgervill",
    "music.instrumentSynthPad": "(21) Hljóðgervill ",
    "music.instrumentTrombone": "(9) Básúna",
    "music.instrumentVibraphone": "(16) Víbrafónn",
    "music.instrumentWoodenFlute": "(13) Viðar flauta",
    "music.midiPlayDrumForBeats": "play drum [DRUM] for [BEATS] beats",
    "music.midiSetInstrument": "set instrument to [INSTRUMENT]",
    "music.playDrumForBeats": "spila trommu [DRUM] í [BEATS] slög",
    "music.playNoteForBeats": "spila nótu [NOTE] í [BEATS] slög",
    "music.restForBeats": "bíða í [BEATS] slög",
    "music.setInstrument": "setja hljóðfæri sem [INSTRUMENT]",
    "music.setTempo": "setja hraða sem [TEMPO]",
    "pen.categoryName": "Penni",
    "pen.changeColorParam": "breyta lit penna [COLOR_PARAM] í [VALUE]",
    "pen.changeHue": "breyta lit penna um [HUE]",
    "pen.changeShade": "breyta litbrigði penna um [SHADE]",
    "pen.changeSize": "breyta stærð penna um [SIZE]",
    "pen.clear": "hreinsa allt",
    "pen.colorMenu.brightness": "birtustig",
    "pen.colorMenu.color": "litur",
    "pen.colorMenu.saturation": "mettun",
    "pen.colorMenu.transparency": "gegnsæi",
    "pen.penDown": "penni niður",
    "pen.penUp": "penni upp",
    "pen.setColor": "setja lit penna sem [COLOR]",
    "pen.setColorParam": "setja lit penna [COLOR_PARAM]í [VALUE]",
    "pen.setHue": "setja lit penna sem [HUE]",
    "pen.setShade": "setja skugga penna í [SHADE]",
    "pen.setSize": "setja stærð penna í [SIZE]",
    "pen.stamp": "stimpla",
    "speech.defaultWhenIHearValue": "förum",
    "speech.extensionName": "Speech to Text",
    "speech.listenAndWait": "hlustaðu og bíddu",
    "speech.speechReporter": "tal",
    "speech.whenIHear": "þegar ég heyri [PHRASE]",
    "text2speech.alto": "alto",
    "text2speech.categoryName": "Text to Speech",
    "text2speech.defaultTextToSpeak": "hello",
    "text2speech.giant": "giant",
    "text2speech.kitten": "kettlingur",
    "text2speech.setLanguageBlock": "set language to [LANGUAGE]",
    "text2speech.setVoiceBlock": "setja rödd sem [VOICE]",
    "text2speech.speakAndWaitBlock": "tala [WORDS]",
    "text2speech.squeak": "tíst",
    "text2speech.tenor": "tenor",
    "translate.categoryName": "Translate",
    "translate.defaultTextToTranslate": "halló",
    "translate.translateBlock": "þýða [WORDS] á [LANGUAGE]",
    "translate.viewerLanguage": "tungumál",
    "videoSensing.categoryName": "Vídeó mæling",
    "videoSensing.direction": "átt",
    "videoSensing.motion": "hreyfing",
    "videoSensing.off": "af",
    "videoSensing.on": "á",
    "videoSensing.onFlipped": "á flippi",
    "videoSensing.setVideoTransparency": "setja gegnsæi hreyfimyndar í [TRANSPARENCY]",
    "videoSensing.sprite": "teikning",
    "videoSensing.stage": "svið",
    "videoSensing.videoOn": "vídeó [ATTRIBUTE] á [SUBJECT]",
    "videoSensing.videoToggle": "breyta vídeó [VIDEO_STATE]",
    "videoSensing.whenMotionGreaterThan": "þegar hreyfing í vídeó > [REFERENCE]",
    "wedo2.getDistance": "distance",
    "wedo2.getTiltAngle": "tilt angle [TILT_DIRECTION]",
    "wedo2.isTilted": "tilted [TILT_DIRECTION_ANY]?",
    "wedo2.motorDirection.backward": "that way",
    "wedo2.motorDirection.forward": "this way",
    "wedo2.motorDirection.reverse": "reverse",
    "wedo2.motorId.a": "motor A",
    "wedo2.motorId.all": "all motors",
    "wedo2.motorId.b": "motor B",
    "wedo2.motorId.default": "motor",
    "wedo2.motorOff": "turn [MOTOR_ID] off",
    "wedo2.motorOn": "turn [MOTOR_ID] on",
    "wedo2.motorOnFor": "turn [MOTOR_ID] on for [DURATION] seconds",
    "wedo2.playNoteFor": "play note [NOTE] for [DURATION] seconds",
    "wedo2.setLightHue": "set light color to [HUE]",
    "wedo2.setMotorDirection": "set [MOTOR_ID] direction to [MOTOR_DIRECTION]",
    "wedo2.startMotorPower": "set [MOTOR_ID] power to [POWER]",
    "wedo2.tiltDirection.any": "any",
    "wedo2.tiltDirection.down": "down",
    "wedo2.tiltDirection.left": "left",
    "wedo2.tiltDirection.right": "right",
    "wedo2.tiltDirection.up": "up",
    "wedo2.whenDistance": "when distance [OP] [REFERENCE]",
    "wedo2.whenTilted": "when tilted [TILT_DIRECTION_ANY]"
}