{
    "boost.color.any": "any color",
    "boost.color.black": "black",
    "boost.color.blue": "blue",
    "boost.color.green": "green",
    "boost.color.red": "red",
    "boost.color.white": "white",
    "boost.color.yellow": "yellow",
    "boost.getMotorPosition": "motor [MOTOR_REPORTER_ID] position",
    "boost.getTiltAngle": "tilt angle [TILT_DIRECTION]",
    "boost.motorDirection.backward": "that way",
    "boost.motorDirection.forward": "this way",
    "boost.motorDirection.reverse": "reverse",
    "boost.motorOff": "turn motor [MOTOR_ID] off",
    "boost.motorOn": "turn motor [MOTOR_ID] on",
    "boost.motorOnFor": "turn motor [MOTOR_ID] for [DURATION] seconds",
    "boost.motorOnForRotation": "turn motor [MOTOR_ID] for [ROTATION] rotations",
    "boost.seeingColor": "seeing [COLOR] brick?",
    "boost.setLightHue": "set light color to [HUE]",
    "boost.setMotorDirection": "set motor [MOTOR_ID] direction [MOTOR_DIRECTION]",
    "boost.setMotorPower": "set motor [MOTOR_ID] speed to [POWER] %",
    "boost.tiltDirection.any": "any",
    "boost.tiltDirection.down": "down",
    "boost.tiltDirection.left": "left",
    "boost.tiltDirection.right": "right",
    "boost.tiltDirection.up": "up",
    "boost.whenColor": "when [COLOR] brick seen",
    "boost.whenTilted": "when tilted [TILT_DIRECTION_ANY]",
    "ev3.beepNote": "pīkstināt noti [NOTE] [TIME] sekundes",
    "ev3.buttonPressed": "poga [PORT] piespiesta?",
    "ev3.getBrightness": "gaišums",
    "ev3.getDistance": "attālums",
    "ev3.getMotorPosition": "motora [PORT] pozīcija",
    "ev3.motorSetPower": "motoram [PORT] iestatīt enerģiju uz [POWER] %",
    "ev3.motorTurnClockwise": "motoru [PORT] pagriezt šajā virzienā [TIME] sekundes",
    "ev3.motorTurnCounterClockwise": "motoru [PORT] pagriezt tajā virzienā [TIME] sekundes",
    "ev3.whenBrightnessLessThan": "kad gaišums < [DISTANCE]",
    "ev3.whenButtonPressed": "kad poga [PORT] piespiesta",
    "ev3.whenDistanceLessThan": "kad attālums < [DISTANCE]",
    "gdxfor.getAcceleration": "paātrinājums [DIRECTION]",
    "gdxfor.getForce": "spēks",
    "gdxfor.getSpin": "spin speed [DIRECTION]",
    "gdxfor.getTilt": "tilt angle [TILT]",
    "gdxfor.isFreeFalling": "falling?",
    "gdxfor.isTilted": "tilted [TILT]?",
    "gdxfor.pulled": "pulled",
    "gdxfor.pushed": "pushed",
    "gdxfor.shaken": "shaken",
    "gdxfor.startedFalling": "started falling",
    "gdxfor.tiltDirectionMenu.any": "any",
    "gdxfor.tiltDirectionMenu.back": "back",
    "gdxfor.tiltDirectionMenu.front": "front",
    "gdxfor.tiltDirectionMenu.left": "left",
    "gdxfor.tiltDirectionMenu.right": "right",
    "gdxfor.turnedFaceDown": "turned face down",
    "gdxfor.turnedFaceUp": "turned face up",
    "gdxfor.whenForcePushedOrPulled": "when force sensor [PUSH_PULL]",
    "gdxfor.whenGesture": "when [GESTURE]",
    "gdxfor.whenTilted": "when tilted [TILT]",
    "makeymakey.downArrow": "lejuptaustiņš",
    "makeymakey.downArrowShort": "uz leju",
    "makeymakey.leftArrow": "kreisais bulttaustiņš",
    "makeymakey.leftArrowShort": "pa kreisi",
    "makeymakey.rightArrow": "labais bulttaustiņš",
    "makeymakey.rightArrowShort": "pa labi",
    "makeymakey.spaceKey": "atstarpe",
    "makeymakey.upArrow": "augšuptaustiņš",
    "makeymakey.upArrowShort": "uz augšu",
    "makeymakey.whenKeyPressed": "when [KEY] key pressed",
    "makeymakey.whenKeysPressedInOrder": "when [SEQUENCE] pressed in order",
    "microbit.buttonsMenu.any": "jebkāds",
    "microbit.clearDisplay": "notīrīt ekrānu",
    "microbit.defaultTextToDisplay": "Sveiki!",
    "microbit.displaySymbol": "rādīt [MATRIX]",
    "microbit.displayText": "rādīt tekstu [TEXT]",
    "microbit.gesturesMenu.jumped": "palēcās",
    "microbit.gesturesMenu.moved": "pārvietojās",
    "microbit.gesturesMenu.shaken": "pakratījās",
    "microbit.isButtonPressed": "[BTN] poga piespiesta?",
    "microbit.isTilted": "noliekts [DIRECTION]?",
    "microbit.pinStateMenu.off": "izslēgts",
    "microbit.pinStateMenu.on": "ieslēgts",
    "microbit.tiltAngle": "noliekt leņķī [DIRECTION]",
    "microbit.tiltDirectionMenu.any": "jebkur",
    "microbit.tiltDirectionMenu.back": "uz aizmuguri",
    "microbit.tiltDirectionMenu.front": "uz priekšu",
    "microbit.tiltDirectionMenu.left": "pa kreisi",
    "microbit.tiltDirectionMenu.right": "pa labi",
    "microbit.whenButtonPressed": "kad poga [BTN] piespiesta",
    "microbit.whenGesture": "kad [GESTURE]",
    "microbit.whenPinConnected": "kad spraudnis [PIN] savienots",
    "microbit.whenTilted": "kad noliekts [DIRECTION]",
    "music.categoryName": "Mūzika",
    "music.changeTempo": "mainīt tempu par [TEMPO]",
    "music.drumBass": "(2) Basa bungas",
    "music.drumBongo": "(13) Bongo",
    "music.drumCabasa": "(15) Kabasa",
    "music.drumClaves": "(9) Klaves",
    "music.drumClosedHiHat": "(6) Slēgtais Hi-Hat šķīvis",
    "music.drumConga": "(14) Konga",
    "music.drumCowbell": "(11) Zvans",
    "music.drumCrashCymbal": "(4) Crash šķīvji",
    "music.drumCuica": "(18) Cuica",
    "music.drumGuiro": "(16) Guiro",
    "music.drumHandClap": "(8) Roku plaukšķis",
    "music.drumOpenHiHat": "(5) Atvērts Hi-Hat šķīvis",
    "music.drumSideStick": "(3) Bungu malas piesitiens",
    "music.drumSnare": "(1) Solo bungas",
    "music.drumTambourine": "(7) Tamburīns",
    "music.drumTriangle": "(12) Trijstūris",
    "music.drumVibraslap": "(17) Vibra slaperis",
    "music.drumWoodBlock": "(10) Koka bloks",
    "music.getTempo": "temps",
    "music.instrumentBass": "(6) Bass",
    "music.instrumentBassoon": "(14) Fagots",
    "music.instrumentCello": "(8) Čells",
    "music.instrumentChoir": "(15) Koris",
    "music.instrumentClarinet": "(10) Klarnete",
    "music.instrumentElectricGuitar": "(5) Elektriskā ģitāra",
    "music.instrumentElectricPiano": "(2) Elektriskās klavieres",
    "music.instrumentFlute": "(12) Flauta",
    "music.instrumentGuitar": "(4) Ģitāra",
    "music.instrumentMarimba": "(19) Marimba",
    "music.instrumentMusicBox": "(17) Mūzikas lādīte",
    "music.instrumentOrgan": "(3) Ērģeles",
    "music.instrumentPiano": "(1)  Klavieres",
    "music.instrumentPizzicato": "(7) Pičkato",
    "music.instrumentSaxophone": "(11) Saksofons",
    "music.instrumentSteelDrum": "(18) Metāla bungas",
    "music.instrumentSynthLead": "(20) Galvenais sintezators",
    "music.instrumentSynthPad": "(21) Pavadošais sintezators",
    "music.instrumentTrombone": "(9) Trombons",
    "music.instrumentVibraphone": "(16) Ksilofons",
    "music.instrumentWoodenFlute": "(13) Koka flauta",
    "music.midiPlayDrumForBeats": "spēlēt bungas [DRUM] [BEATS] sitienus",
    "music.midiSetInstrument": "iestatīt instrumentu uz [INSTRUMENT]",
    "music.playDrumForBeats": "spēlēt bungas [DRUM] [BEATS] sitienus",
    "music.playNoteForBeats": "spēlēt noti [NOTE] [BEATS] sitienus",
    "music.restForBeats": "pauze [BEATS] sitienus",
    "music.setInstrument": "iestatīt instrumentu uz [INSTRUMENT]",
    "music.setTempo": "iestatīt tempu uz [TEMPO]",
    "pen.categoryName": "Zīmulis",
    "pen.changeColorParam": "mainīt zīmuļa [COLOR_PARAM] par [VALUE]",
    "pen.changeHue": "mainīt zīmuļa krāsu par [HUE]",
    "pen.changeShade": "mainīt zīmuļa tumšumu par [SHADE]",
    "pen.changeSize": "mainīt zīmuļa izmēru par [SIZE]",
    "pen.clear": "notīrīt visu",
    "pen.colorMenu.brightness": "gaišums",
    "pen.colorMenu.color": "krāsa",
    "pen.colorMenu.saturation": "piesātinājums",
    "pen.colorMenu.transparency": "caurspīdīgums",
    "pen.penDown": "zīmulis piespiests",
    "pen.penUp": "zīmulis pacelts",
    "pen.setColor": "iestatīt zīmuļa krāsu uz [COLOR]",
    "pen.setColorParam": "iestatīt zīmuļa [COLOR_PARAM] uz [VALUE]",
    "pen.setHue": "iestatīt zīmuļa krāsu uz [HUE]",
    "pen.setShade": "iestatīt zīmuļa tumšumu uz [SHADE]",
    "pen.setSize": "iestatīt zīmuļa izmēru uz [SIZE]",
    "pen.stamp": "zīmogs",
    "speech.defaultWhenIHearValue": "aiziet",
    "speech.extensionName": "Runas pārvēršana tekstā",
    "speech.listenAndWait": "klausīties un gaidīt",
    "speech.speechReporter": "runa",
    "speech.whenIHear": "kad es dzirdu [PHRASE]",
    "text2speech.alto": "alts",
    "text2speech.categoryName": "Text to Speech",
    "text2speech.defaultTextToSpeak": "hello",
    "text2speech.giant": "milzis",
    "text2speech.kitten": "kaķēns",
    "text2speech.setLanguageBlock": "iestatīt valodu uz [LANGUAGE]",
    "text2speech.setVoiceBlock": "iestatīt balsi uz [VOICE]",
    "text2speech.speakAndWaitBlock": "teikt [WORDS]",
    "text2speech.squeak": "pīkstiens",
    "text2speech.tenor": "tenors",
    "translate.categoryName": "Tulkot",
    "translate.defaultTextToTranslate": "sveiki",
    "translate.translateBlock": "tulkot [WORDS] uz [LANGUAGE]",
    "translate.viewerLanguage": "valoda",
    "videoSensing.categoryName": "Video uztveršana",
    "videoSensing.direction": "virziens",
    "videoSensing.motion": "kustība",
    "videoSensing.off": "izslēgt",
    "videoSensing.on": "ieslēgt",
    "videoSensing.onFlipped": "ieslēgt apgrieztu",
    "videoSensing.setVideoTransparency": "iestatīt video caurspīdīgumu uz [TRANSPARENCY]",
    "videoSensing.sprite": "gariņš",
    "videoSensing.stage": "skatuve",
    "videoSensing.videoOn": "video [ATTRIBUTE] uz [SUBJECT]",
    "videoSensing.videoToggle": "[VIDEO_STATE]video",
    "videoSensing.whenMotionGreaterThan": "kad video kustība > [REFERENCE]",
    "wedo2.getDistance": "attālums",
    "wedo2.getTiltAngle": "noliekt leņķī [TILT_DIRECTION]",
    "wedo2.isTilted": "noliekts [TILT_DIRECTION_ANY]?",
    "wedo2.motorDirection.backward": "uz otru pusi",
    "wedo2.motorDirection.forward": "uz šo pusi",
    "wedo2.motorDirection.reverse": "apgriezt pretējā virzienā",
    "wedo2.motorId.a": "motors A",
    "wedo2.motorId.all": "visi motori",
    "wedo2.motorId.b": "motors B",
    "wedo2.motorId.default": "motors",
    "wedo2.motorOff": "izslēgt [MOTOR_ID]",
    "wedo2.motorOn": "ieslēgt [MOTOR_ID]",
    "wedo2.motorOnFor": "ieslēgt [MOTOR_ID] [DURATION] sekundes",
    "wedo2.playNoteFor": "spēlēt noti [NOTE] [DURATION] sekundes",
    "wedo2.setLightHue": "iestatīt gaismas krāsu uz [HUE]",
    "wedo2.setMotorDirection": "iestatīt [MOTOR_ID] virzienu uz [MOTOR_DIRECTION]",
    "wedo2.startMotorPower": "iestatīt [MOTOR_ID] enerģiju uz [POWER]",
    "wedo2.tiltDirection.any": "jebkādā virzienā",
    "wedo2.tiltDirection.down": "uz leju",
    "wedo2.tiltDirection.left": "pa kreisi",
    "wedo2.tiltDirection.right": "pa labi",
    "wedo2.tiltDirection.up": "uz augšu",
    "wedo2.whenDistance": "kad attālums [OP][REFERENCE]",
    "wedo2.whenTilted": "kad noliekts [TILT_DIRECTION_ANY]"
}