{
    "boost.color.any": "vilken färg som helst",
    "boost.color.black": "svart",
    "boost.color.blue": "blå",
    "boost.color.green": "grön",
    "boost.color.red": "röd",
    "boost.color.white": "vit",
    "boost.color.yellow": "gul",
    "boost.getMotorPosition": "motor [MOTOR_REPORTER_ID] position",
    "boost.getTiltAngle": "lutningsvinkel [TILT_DIRECTION]",
    "boost.motorDirection.backward": "andra hållet",
    "boost.motorDirection.forward": "detta hållet",
    "boost.motorDirection.reverse": "ändra riktning",
    "boost.motorOff": "vrid motor [MOTOR_ID] av",
    "boost.motorOn": "vrid motor [MOTOR_ID] på",
    "boost.motorOnFor": "vrid motor [MOTOR_ID] i [DURATION] sekunder",
    "boost.motorOnForRotation": "vrid motor [MOTOR_ID] i [ROTATION] rotationer",
    "boost.seeingColor": "ser [COLOR] kloss?",
    "boost.setLightHue": "sätt ljusets färg till [HUE]",
    "boost.setMotorDirection": "sätt motor [MOTOR_ID] riktning [MOTOR_DIRECTION]",
    "boost.setMotorPower": "sätt motor [MOTOR_ID] hastighet till [POWER] %",
    "boost.tiltDirection.any": "någon",
    "boost.tiltDirection.down": "ned",
    "boost.tiltDirection.left": "vänster",
    "boost.tiltDirection.right": "höger",
    "boost.tiltDirection.up": "upp",
    "boost.whenColor": "när [COLOR] kloss upptäcks",
    "boost.whenTilted": "om lutar [TILT_DIRECTION_ANY]",
    "ev3.beepNote": "spela ton [NOTE] i [TIME]sekunder",
    "ev3.buttonPressed": "knapp [PORT] nedtryckt?",
    "ev3.getBrightness": "ljusstyrka",
    "ev3.getDistance": "avstånd",
    "ev3.getMotorPosition": "motor [PORT] position",
    "ev3.motorSetPower": "motor [PORT] sätt kraft [POWER] %",
    "ev3.motorTurnClockwise": "motor [PORT] rotera medsols i [TIME] sekunder",
    "ev3.motorTurnCounterClockwise": "motor [PORT] rotera motsols i [TIME] sekunder",
    "ev3.whenBrightnessLessThan": "om ljusstyrka < [DISTANCE]",
    "ev3.whenButtonPressed": "när knapp [PORT] trycks ned",
    "ev3.whenDistanceLessThan": "när avstånd < [DISTANCE]",
    "gdxfor.getAcceleration": "acceleration [DIRECTION]",
    "gdxfor.getForce": "kraft",
    "gdxfor.getSpin": "rotationshastighet [DIRECTION]",
    "gdxfor.getTilt": "lutningsvinkel [TILT]",
    "gdxfor.isFreeFalling": "fritt fall?",
    "gdxfor.isTilted": "lutar [TILT]?",
    "gdxfor.pulled": "dragits",
    "gdxfor.pushed": "knuffad",
    "gdxfor.shaken": "skaka",
    "gdxfor.startedFalling": "börjar falla",
    "gdxfor.tiltDirectionMenu.any": "någon",
    "gdxfor.tiltDirectionMenu.back": "tillbaka",
    "gdxfor.tiltDirectionMenu.front": "översta",
    "gdxfor.tiltDirectionMenu.left": "vänster",
    "gdxfor.tiltDirectionMenu.right": "höger",
    "gdxfor.turnedFaceDown": "vände logotyp nedåt",
    "gdxfor.turnedFaceUp": "vände logotyp uppåt",
    "gdxfor.whenForcePushedOrPulled": "när kraftsensorn [PUSH_PULL]",
    "gdxfor.whenGesture": "om [GESTURE]",
    "gdxfor.whenTilted": "när lutar [TILT]",
    "makeymakey.downArrow": "nedåtpil",
    "makeymakey.downArrowShort": "ned",
    "makeymakey.leftArrow": "vänsterpil",
    "makeymakey.leftArrowShort": "vänster",
    "makeymakey.rightArrow": "högerpil",
    "makeymakey.rightArrowShort": "höger",
    "makeymakey.spaceKey": "mellanslag",
    "makeymakey.upArrow": "uppåtpil",
    "makeymakey.upArrowShort": "upp",
    "makeymakey.whenKeyPressed": "när [KEY] tangenten trycks ned",
    "makeymakey.whenKeysPressedInOrder": "när [SEQUENCE] trycks ned efter varandra",
    "microbit.buttonsMenu.any": "någon",
    "microbit.clearDisplay": "rensa skärmen",
    "microbit.defaultTextToDisplay": "Hej!",
    "microbit.displaySymbol": "visa [MATRIX]",
    "microbit.displayText": "visa text [TEXT]",
    "microbit.gesturesMenu.jumped": "hoppa",
    "microbit.gesturesMenu.moved": "rör sig",
    "microbit.gesturesMenu.shaken": "skaka",
    "microbit.isButtonPressed": "[BTN] knappen nedtryckt?",
    "microbit.isTilted": "luta [DIRECTION]?",
    "microbit.pinStateMenu.off": "av",
    "microbit.pinStateMenu.on": "på",
    "microbit.tiltAngle": "luta riktning [DIRECTION]",
    "microbit.tiltDirectionMenu.any": "någon",
    "microbit.tiltDirectionMenu.back": "tillbaka",
    "microbit.tiltDirectionMenu.front": "översta",
    "microbit.tiltDirectionMenu.left": "vänster",
    "microbit.tiltDirectionMenu.right": "höger",
    "microbit.whenButtonPressed": "om knapp [BTN] trycks ned",
    "microbit.whenGesture": "om [GESTURE]",
    "microbit.whenPinConnected": "När pin [PIN] är kopplad",
    "microbit.whenTilted": "om lutar [DIRECTION]",
    "music.categoryName": "Musik",
    "music.changeTempo": "ändra tempo med [TEMPO]",
    "music.drumBass": "(2) Bastrumma",
    "music.drumBongo": "(13) Bongo",
    "music.drumCabasa": "(15) Cabasa",
    "music.drumClaves": "(9) Claves",
    "music.drumClosedHiHat": "(6) Stängd Hi-Hat",
    "music.drumConga": "(14) Congas",
    "music.drumCowbell": "(11) Koskälla",
    "music.drumCrashCymbal": "(4) Crashcymbal",
    "music.drumCuica": "(18) Cuica",
    "music.drumGuiro": "(16) Guiro",
    "music.drumHandClap": "(8) Handklapp",
    "music.drumOpenHiHat": "(5) Öppen Hi-Hat",
    "music.drumSideStick": "(3) Kantslag",
    "music.drumSnare": "(1) Virveltrumma",
    "music.drumTambourine": "(7) Tamburin",
    "music.drumTriangle": "(12) Triangel",
    "music.drumVibraslap": "(17) Vibraslap",
    "music.drumWoodBlock": "(10) Träblock",
    "music.getTempo": "tempo",
    "music.instrumentBass": "(6) Bas",
    "music.instrumentBassoon": "(14) Fagott",
    "music.instrumentCello": "(8) Cello",
    "music.instrumentChoir": "(15) Kör",
    "music.instrumentClarinet": "(10) Klarinett",
    "music.instrumentElectricGuitar": "(5) Elgitarr",
    "music.instrumentElectricPiano": "(2) Elpiano",
    "music.instrumentFlute": "(12) Flöjt",
    "music.instrumentGuitar": "(4) Gitarr",
    "music.instrumentMarimba": "(19) Marimba",
    "music.instrumentMusicBox": "(17) Speldosa",
    "music.instrumentOrgan": "(3) Orgel",
    "music.instrumentPiano": "(1) Piano",
    "music.instrumentPizzicato": "(7) Pizzicato",
    "music.instrumentSaxophone": "(11) Saxofon",
    "music.instrumentSteelDrum": "(18) Steel Drum",
    "music.instrumentSynthLead": "(20) Synth Lead",
    "music.instrumentSynthPad": "(21) Synth Pad",
    "music.instrumentTrombone": "(9) Trombon",
    "music.instrumentVibraphone": "(16) Vibrafon",
    "music.instrumentWoodenFlute": "(13) Träflöjt",
    "music.midiPlayDrumForBeats": "spela trumma [DRUM]i [BEATS] takter",
    "music.midiSetInstrument": "sätt instrument till [INSTRUMENT]",
    "music.playDrumForBeats": "spela trumma [DRUM]i [BEATS] takter",
    "music.playNoteForBeats": "spela not [NOTE]i [BEATS]takter",
    "music.restForBeats": "pausa i [BEATS]takter",
    "music.setInstrument": "sätt instrument till [INSTRUMENT]",
    "music.setTempo": "sätt tempo till [TEMPO]",
    "pen.categoryName": "Penna",
    "pen.changeColorParam": "ändra pennans [COLOR_PARAM]med [VALUE]",
    "pen.changeHue": "ändra pennans färg med [HUE]",
    "pen.changeShade": "ändra pennans skugga med [SHADE]",
    "pen.changeSize": "ändra pennans storlek med [SIZE]",
    "pen.clear": "radera allt",
    "pen.colorMenu.brightness": "ljusstyrka",
    "pen.colorMenu.color": "färg",
    "pen.colorMenu.saturation": "mättnad",
    "pen.colorMenu.transparency": "genomskinlighet",
    "pen.penDown": "penna ned",
    "pen.penUp": "penna upp",
    "pen.setColor": "sätt pennans färg [COLOR]",
    "pen.setColorParam": "sätt penna [COLOR_PARAM]till [VALUE]",
    "pen.setHue": "sätt pennans färg till [HUE]",
    "pen.setShade": "sätt pennans skugga till [SHADE]",
    "pen.setSize": "sätt pennans storlek [SIZE]",
    "pen.stamp": "stämpla",
    "speech.defaultWhenIHearValue": "kör igång",
    "speech.extensionName": "Tal till text",
    "speech.listenAndWait": "lyssna och vänta",
    "speech.speechReporter": "tala",
    "speech.whenIHear": "när jag hör [PHRASE]",
    "text2speech.alto": "alt",
    "text2speech.categoryName": "Text till tal",
    "text2speech.defaultTextToSpeak": "hej",
    "text2speech.giant": "jätte",
    "text2speech.kitten": "kattunge",
    "text2speech.setLanguageBlock": "sätt språk till [LANGUAGE]",
    "text2speech.setVoiceBlock": "sätt röst till [VOICE]",
    "text2speech.speakAndWaitBlock": "säg [WORDS]",
    "text2speech.squeak": "pip",
    "text2speech.tenor": "tenor",
    "translate.categoryName": "Översätta",
    "translate.defaultTextToTranslate": "hej",
    "translate.translateBlock": "översätt [WORDS] till [LANGUAGE]",
    "translate.viewerLanguage": "språk",
    "videoSensing.categoryName": "Video - Känna av",
    "videoSensing.direction": "riktning",
    "videoSensing.motion": "rörelse",
    "videoSensing.off": "av",
    "videoSensing.on": "på",
    "videoSensing.onFlipped": "vid förändring",
    "videoSensing.setVideoTransparency": "sätt videotransparens till [TRANSPARENCY]",
    "videoSensing.sprite": "sprajt",
    "videoSensing.stage": "scen",
    "videoSensing.videoOn": "video [ATTRIBUTE]på [SUBJECT]",
    "videoSensing.videoToggle": "sätt video till [VIDEO_STATE]",
    "videoSensing.whenMotionGreaterThan": "när videorörelse > [REFERENCE]",
    "wedo2.getDistance": "avstånd",
    "wedo2.getTiltAngle": "lutningsvinkel [TILT_DIRECTION]",
    "wedo2.isTilted": "lutar [TILT_DIRECTION_ANY] ?",
    "wedo2.motorDirection.backward": "andra hållet",
    "wedo2.motorDirection.forward": "detta hållet",
    "wedo2.motorDirection.reverse": "ändra riktning",
    "wedo2.motorId.a": "motor A",
    "wedo2.motorId.all": "alla motorer",
    "wedo2.motorId.b": "motor B",
    "wedo2.motorId.default": "motor",
    "wedo2.motorOff": "stoppa [MOTOR_ID]",
    "wedo2.motorOn": "starta [MOTOR_ID]",
    "wedo2.motorOnFor": "starta [MOTOR_ID] i [DURATION] sekunder",
    "wedo2.playNoteFor": "spela ton [NOTE] i [DURATION] sekunder",
    "wedo2.setLightHue": "sätt ljusets färg till [HUE]",
    "wedo2.setMotorDirection": "sätt [MOTOR_ID] riktning till [MOTOR_DIRECTION]",
    "wedo2.startMotorPower": "sätt kraften på [MOTOR_ID] till [POWER]",
    "wedo2.tiltDirection.any": "någon",
    "wedo2.tiltDirection.down": "ned",
    "wedo2.tiltDirection.left": "vänster",
    "wedo2.tiltDirection.right": "höger",
    "wedo2.tiltDirection.up": "upp",
    "wedo2.whenDistance": "om avstånd [OP] [REFERENCE]",
    "wedo2.whenTilted": "om lutar [TILT_DIRECTION_ANY]"
}