{
    "boost.color.any": "будь-який колір",
    "boost.color.black": "чорний",
    "boost.color.blue": "синій",
    "boost.color.green": "зелений",
    "boost.color.red": "червоний",
    "boost.color.white": "білий",
    "boost.color.yellow": "жовтий",
    "boost.getMotorPosition": "позиція [MOTOR_REPORTER_ID]",
    "boost.getTiltAngle": "кут нахилу [TILT_DIRECTION]",
    "boost.motorDirection.backward": "за годинником",
    "boost.motorDirection.forward": "проти годинника",
    "boost.motorDirection.reverse": "обернути",
    "boost.motorOff": "вимкнути [MOTOR_ID]",
    "boost.motorOn": "увімкнути [MOTOR_ID]",
    "boost.motorOnFor": "увімкнути [MOTOR_ID] на [DURATION] секунд",
    "boost.motorOnForRotation": "увімкнути [MOTOR_ID] на [ROTATION] оборотів",
    "boost.seeingColor": "бачить кубик кольору [COLOR] ?",
    "boost.setLightHue": "встановити колір світла в [HUE]",
    "boost.setMotorDirection": "встановити [MOTOR_ID] напрям [MOTOR_DIRECTION]",
    "boost.setMotorPower": "встановити [MOTOR_ID] швидкість в [POWER] %",
    "boost.tiltDirection.any": "будь-який",
    "boost.tiltDirection.down": "вниз",
    "boost.tiltDirection.left": "ліворуч",
    "boost.tiltDirection.right": "праворуч",
    "boost.tiltDirection.up": "вгору",
    "boost.whenColor": "якщо бачить кубик кольору [COLOR] то",
    "boost.whenTilted": "коли нахил [TILT_DIRECTION_ANY]",
    "ev3.beepNote": "пищати [NOTE] [TIME] секунд",
    "ev3.buttonPressed": "кнопку [PORT] натиснуто?",
    "ev3.getBrightness": "яскравість",
    "ev3.getDistance": "відстань",
    "ev3.getMotorPosition": "позиція двигуна [PORT]",
    "ev3.motorSetPower": "встановити потужність [PORT] в [POWER] %",
    "ev3.motorTurnClockwise": "увімкнути двигун [PORT] у такому напрямі на [TIME] секунд",
    "ev3.motorTurnCounterClockwise": "увімкнути двигун [PORT] у  зворотньому напрямі на [TIME] секунд",
    "ev3.whenBrightnessLessThan": "якщо яскравість < [DISTANCE]",
    "ev3.whenButtonPressed": "якщо кнопку [PORT] натиснуто",
    "ev3.whenDistanceLessThan": "якщо дистанція < [DISTANCE]",
    "gdxfor.getAcceleration": "прискорення [DIRECTION]",
    "gdxfor.getForce": "сила",
    "gdxfor.getSpin": "швидкість обертання [DIRECTION]",
    "gdxfor.getTilt": "кут нахилу [TILT]",
    "gdxfor.isFreeFalling": "падає?",
    "gdxfor.isTilted": "нахил [TILT]?",
    "gdxfor.pulled": "виштовхнуто",
    "gdxfor.pushed": "заштовхнуто",
    "gdxfor.shaken": "струснуто",
    "gdxfor.startedFalling": "початок падіння",
    "gdxfor.tiltDirectionMenu.any": "будь-який",
    "gdxfor.tiltDirectionMenu.back": "назад",
    "gdxfor.tiltDirectionMenu.front": "вперед",
    "gdxfor.tiltDirectionMenu.left": "ліворуч",
    "gdxfor.tiltDirectionMenu.right": "праворуч",
    "gdxfor.turnedFaceDown": "лицем донизу",
    "gdxfor.turnedFaceUp": "лицем вверх",
    "gdxfor.whenForcePushedOrPulled": "поки сенсор сили [PUSH_PULL]",
    "gdxfor.whenGesture": "коли [GESTURE]",
    "gdxfor.whenTilted": "коли нахилено [TILT]",
    "makeymakey.downArrow": "стрілка вниз",
    "makeymakey.downArrowShort": "вниз",
    "makeymakey.leftArrow": "стрілка ліворуч",
    "makeymakey.leftArrowShort": "ліворуч",
    "makeymakey.rightArrow": "стрілка праворуч",
    "makeymakey.rightArrowShort": "праворуч",
    "makeymakey.spaceKey": "пропуск",
    "makeymakey.upArrow": "стрілка вгору",
    "makeymakey.upArrowShort": "вгору",
    "makeymakey.whenKeyPressed": "поки клавішу [KEY] натиснуто",
    "makeymakey.whenKeysPressedInOrder": "поки натиснуто по порядку [SEQUENCE]",
    "microbit.buttonsMenu.any": "будь-який",
    "microbit.clearDisplay": "очистити дисплей",
    "microbit.defaultTextToDisplay": "Привіт!",
    "microbit.displaySymbol": "показати [MATRIX]",
    "microbit.displayText": "показати текст [TEXT]",
    "microbit.gesturesMenu.jumped": "підкинуто",
    "microbit.gesturesMenu.moved": "рухається",
    "microbit.gesturesMenu.shaken": "струснуто",
    "microbit.isButtonPressed": "кнопку [BTN] натиснуто?",
    "microbit.isTilted": "нахил [DIRECTION]?",
    "microbit.pinStateMenu.off": "Вимк",
    "microbit.pinStateMenu.on": "Увімкн",
    "microbit.tiltAngle": "кут нахилу [DIRECTION]",
    "microbit.tiltDirectionMenu.any": "будь-який",
    "microbit.tiltDirectionMenu.back": "назад",
    "microbit.tiltDirectionMenu.front": "вперед",
    "microbit.tiltDirectionMenu.left": "ліворуч",
    "microbit.tiltDirectionMenu.right": "праворуч",
    "microbit.whenButtonPressed": "коли кнопку [BTN] натиснуто",
    "microbit.whenGesture": "коли [GESTURE]",
    "microbit.whenPinConnected": "коли контакт [PIN] приєднано",
    "microbit.whenTilted": "коли нахил [DIRECTION]",
    "music.categoryName": "Музика",
    "music.changeTempo": "змінити темп на [TEMPO]",
    "music.drumBass": "(2) Великий басовий барабан",
    "music.drumBongo": "(13) Бонго",
    "music.drumCabasa": "(15) Кабаса",
    "music.drumClaves": "(9) Клавесин",
    "music.drumClosedHiHat": "(6) Закритий хет",
    "music.drumConga": "(14) Конга",
    "music.drumCowbell": "(11) Дзвіночок",
    "music.drumCrashCymbal": "(4) Удар тарілок",
    "music.drumCuica": "(18) Куїка",
    "music.drumGuiro": "(16) Гуїро",
    "music.drumHandClap": "(8) Плескіт долонь",
    "music.drumOpenHiHat": "(5) Відкритий високий хет",
    "music.drumSideStick": "(3) Удар по ободу",
    "music.drumSnare": "(1) Малий барабан",
    "music.drumTambourine": "(7) Тамбурин",
    "music.drumTriangle": "(12) Трикутник",
    "music.drumVibraslap": "(17) Вібруючий слеп",
    "music.drumWoodBlock": "(10) Дерев’яна коробка",
    "music.getTempo": "темп",
    "music.instrumentBass": "(6) Бас",
    "music.instrumentBassoon": "(14) Фагот",
    "music.instrumentCello": "(8) Віолончель",
    "music.instrumentChoir": "(15) Хор",
    "music.instrumentClarinet": "(10) Кларнет",
    "music.instrumentElectricGuitar": "(5) Електрогітара",
    "music.instrumentElectricPiano": "(2) Електропіаніно",
    "music.instrumentFlute": "(12) Флейта",
    "music.instrumentGuitar": "(4) Гітара",
    "music.instrumentMarimba": "(19) Марімба",
    "music.instrumentMusicBox": "(17) Музична скринька",
    "music.instrumentOrgan": "(3) Орган",
    "music.instrumentPiano": "(1) Піаніно",
    "music.instrumentPizzicato": "(7) Піцикато",
    "music.instrumentSaxophone": "(11) Саксофон",
    "music.instrumentSteelDrum": "(18) Стальний барабан",
    "music.instrumentSynthLead": "(20) Ведучий синтезатор",
    "music.instrumentSynthPad": "(21) Синтезатор Pad",
    "music.instrumentTrombone": "(9) Тромбон",
    "music.instrumentVibraphone": "(16) Вібрафон",
    "music.instrumentWoodenFlute": "(13) Дерев’яна флейта",
    "music.midiPlayDrumForBeats": "програти на барабані [DRUM] [BEATS] ударів",
    "music.midiSetInstrument": "грати інструментом [INSTRUMENT]",
    "music.playDrumForBeats": "програти на барабані [DRUM] [BEATS] ударів",
    "music.playNoteForBeats": "програти ноту [NOTE] [BEATS] тактів",
    "music.restForBeats": "пауза [BEATS] тактів",
    "music.setInstrument": "грати інструментом [INSTRUMENT]",
    "music.setTempo": "встановити темп в [TEMPO]",
    "pen.categoryName": "Олівець",
    "pen.changeColorParam": "змінити [COLOR_PARAM] олівця на [VALUE]",
    "pen.changeHue": "змінити колір олівця на [HUE]",
    "pen.changeShade": "змінити тінь олівця на [SHADE]",
    "pen.changeSize": "змінити розмір олівця на [SIZE]",
    "pen.clear": "очистити все",
    "pen.colorMenu.brightness": "яскравість",
    "pen.colorMenu.color": "колір",
    "pen.colorMenu.saturation": "насиченість",
    "pen.colorMenu.transparency": "прозорість",
    "pen.penDown": "опустити олівець",
    "pen.penUp": "підняти олівець",
    "pen.setColor": "надати олівцю колір [COLOR]",
    "pen.setColorParam": "надати [COLOR_PARAM] олівця значення [VALUE]",
    "pen.setHue": "задати колір олівця [HUE]",
    "pen.setShade": "задати тінь олівця [SHADE]",
    "pen.setSize": "задати розмір олівця [SIZE]",
    "pen.stamp": "штамп",
    "speech.defaultWhenIHearValue": "вперед",
    "speech.extensionName": "Проказати текст",
    "speech.listenAndWait": "слухати і чекати",
    "speech.speechReporter": "мовлення",
    "speech.whenIHear": "коли я чую [PHRASE]",
    "text2speech.alto": "альт",
    "text2speech.categoryName": "Текст-у-Мову",
    "text2speech.defaultTextToSpeak": "привіт",
    "text2speech.giant": "гігант",
    "text2speech.kitten": "котик",
    "text2speech.setLanguageBlock": "встановити мову [LANGUAGE]",
    "text2speech.setVoiceBlock": "встановити голос як [VOICE]",
    "text2speech.speakAndWaitBlock": "говорити [WORDS]",
    "text2speech.squeak": "писк",
    "text2speech.tenor": "тенор",
    "translate.categoryName": "Перекласти",
    "translate.defaultTextToTranslate": "привіт",
    "translate.translateBlock": "перекласти [WORDS] на [LANGUAGE]",
    "translate.viewerLanguage": "мова",
    "videoSensing.categoryName": "Відеоспостереження",
    "videoSensing.direction": "напрям",
    "videoSensing.motion": "рух",
    "videoSensing.off": "Вимк",
    "videoSensing.on": "Увімкн",
    "videoSensing.onFlipped": "перевернуто",
    "videoSensing.setVideoTransparency": "встановити прозорість відео в [TRANSPARENCY]",
    "videoSensing.sprite": "спрайт",
    "videoSensing.stage": "сцена",
    "videoSensing.videoOn": "відео [ATTRIBUTE] на [SUBJECT]",
    "videoSensing.videoToggle": "перемкнути відео [VIDEO_STATE]",
    "videoSensing.whenMotionGreaterThan": "коли рух відео > [REFERENCE]",
    "wedo2.getDistance": "відстань",
    "wedo2.getTiltAngle": "кут нахилу [TILT_DIRECTION]",
    "wedo2.isTilted": "нахилено [TILT_DIRECTION_ANY]?",
    "wedo2.motorDirection.backward": "за годинником",
    "wedo2.motorDirection.forward": "проти годинника",
    "wedo2.motorDirection.reverse": "обернути",
    "wedo2.motorId.a": "двигун A",
    "wedo2.motorId.all": "всі двигуни",
    "wedo2.motorId.b": "двигун B",
    "wedo2.motorId.default": "двигун",
    "wedo2.motorOff": "[MOTOR_ID] вимкнути",
    "wedo2.motorOn": "[MOTOR_ID] увімкнути",
    "wedo2.motorOnFor": "увімкнути [MOTOR_ID] на [DURATION] секунд",
    "wedo2.playNoteFor": "грати ноту [NOTE] [DURATION] секунд",
    "wedo2.setLightHue": "встановити колір світла в [HUE]",
    "wedo2.setMotorDirection": "встановити напрям [MOTOR_ID] [MOTOR_DIRECTION]",
    "wedo2.startMotorPower": "встановити потужність [MOTOR_ID] [POWER]",
    "wedo2.tiltDirection.any": "будь-який",
    "wedo2.tiltDirection.down": "вниз",
    "wedo2.tiltDirection.left": "ліворуч",
    "wedo2.tiltDirection.right": "праворуч",
    "wedo2.tiltDirection.up": "вгору",
    "wedo2.whenDistance": "коли дистанція [OP] [REFERENCE]",
    "wedo2.whenTilted": "коли нахил [TILT_DIRECTION_ANY]"
}