{
    "camp.title": "Scratch Camp: Hluboký ponor",
    "camp.dates": "24. července -  13. srpna",
    "camp.welcome": "Vítáme tě na Scratch Campu 2017!",
    "camp.welcomeIntro": "Pojď se s námi ponořit do oceánu a navrhni svůj vlastní výtvor. Tvůj výtvor může být cokoli co můžeš najít v oceánu - skutečné nebo smyšlené! <br /> V letošním táboru, se s námi můžeš potopit hlubuko ve třech částech:",
    "camp.part1Dates": "1. část (24. - 30. července)",
    "camp.detailsTitle": "Podrobnosti:",
    "camp.part1Details": "Vytvoř projekt, který nám představí skutečnou nebo smyšlenou postavu, která žije v oceánu. můžeš vytvořit příšeru z hlubin, roztomilou malou hvězdici, žraloka co jí taco nebo něco jiného co si představíš.",
    "camp.particpateTitle": "Jak přispět:",
    "camp.part1Particpate": "1. část tábora se bude konat v <a href=\"https://scratch.mit.edu/studios/4160302/\">Main Camp Cabin studio</a>. Zde se můžeš ptát, prohlížet si výtvory ostatních a předložit svůj vlastní. Jdi do studia a dozvíš se víc!",
    "camp.part2Dates": "2. část (31. července - 6. srpna)",
    "camp.part2Details": "Nyní vytvoř svou postavu interaktivní! Má tvá postava nějaké otázky na nás? Co se stane, když na ni klikneš? Má nějaké zvláštní schopnosti? A víc!",
    "camp.part2Particpate": "2. část tábora se také bude konat v <a href=\"https://scratch.mit.edu/studios/4160302/\">Main Camp Cabin studio</a>. Zde se můžeš ptát, prohlížet si výtvory ostatních a předložit svůj vlastní. Jdi do studia a dozvíš se víc!",
    "camp.part3Dates": "3. část (7. - 13. srpna)",
    "camp.part3Details": "Vytvoř svůj vlastní projekt a použij v něm výtvory ostatních. může to být hra, příběh, animace nebo cokoli co si vymyslíš!",
    "camp.part3Particpate": "<a href=\"https://scratch.mit.edu/studios/4160301/\">Final Projects Camp Cabin studio</a> bude pořádat 3.část letošního Scratch Camp. Zde můžete předložit svůj finální projekt, poskytnout zpětnou vazbu ostatním a oslavovat Scratch Camp! Proplavte do studia, když začne 3.část!",
    "camp.helpfulInfo": "Užitečná informace",
    "camp.infoCounselors": "<a href=\"https://scratch.mit.edu/studios/4160300/\">Camp Counselors studio</a> nabízí spoustu příkladů pro tvůj oceán. Můžeš zde také přímo mluvit s poradci.",
    "camp.infoPart3": "Pamatuj, 3. část musí obsahovat výtvory ostatních vytvořené pro tento Scratch Camp. Použij jejich 2.část, aby ses dozvěděl něco víc o postavě!",
    "camp.infoTime": "Nedělej si starosti s tím, jestli tam nejsi celou dobu, můžeš se vždy podílet na jakékoli části! Jen se bav a potápěj se hluboko!"
}