{
    "paint.paintEditor.hue": "Аԥштәы",
    "paint.paintEditor.saturation": "Аԥштәылгазаара",
    "paint.paintEditor.brightness": "Ажжара",
    "gui.comingSoon.message1": "Шәгәы шәырҭынч, ари ҳара аус адулара ҳаҿуп {emoji}",
    "gui.comingSoon.message2": "Иаарласны...",
    "gui.comingSoon.message3": "Ари, ҳара аус адулара ҳаҿуп {emoji}",
    "paint.paintEditor.fill": "Аҭарҭәара",
    "paint.paintEditor.costume": "Акостиум",
    "paint.paintEditor.group": "Иргәыԥтәуп",
    "paint.paintEditor.ungroup": "Аргәыԥра ықәгатәуп",
    "paint.paintEditor.undo": "Иаҟәыхтәуп",
    "paint.paintEditor.redo": "Еиҭанагӡатәуп",
    "paint.paintEditor.forward": "Ԥхьаҟа",
    "paint.paintEditor.backward": "Шьҭахьҟа",
    "paint.paintEditor.front": "Аԥхьатәи аҿаԥшырахь",
    "paint.paintEditor.back": "Шьҭахьҟа",
    "paint.paintEditor.more": "Иҵегь",
    "paint.modeTools.brushSize": "Ашәагаа",
    "paint.modeTools.eraserSize": "Аныхга аҭбаара",
    "paint.modeTools.copy": "Акопиа ахыхтәуп",
    "paint.modeTools.paste": "Иҭаргылатәуп",
    "paint.modeTools.delete": "Ианыхтәуп",
    "paint.modeTools.curved": "Архәақәа рахь",
    "paint.modeTools.pointed": "Иҵарқәоу",
    "paint.modeTools.thickness": "Ашәпара",
    "paint.modeTools.flipHorizontal": "Горизонталла ианырԥшртәуп",
    "paint.modeTools.flipVertical": "Вертикалла ианырԥштәуп",
    "paint.modeTools.filled": "Иҭарҭәоу",
    "paint.modeTools.outlined": "Иҿыкәыршоу",
    "paint.paintEditor.bitmap": "Аконвертациа арастртә графика ахь",
    "paint.paintEditor.vector": "Аконвертациа авектортә графика ахь ",
    "paint.paintEditor.stroke": "Аконтур",
    "paint.brushMode.brush": "Ашәыга",
    "paint.eraserMode.eraser": "Аныхга",
    "paint.fillMode.fill": "Аҭарҭәара",
    "paint.lineMode.line": "Аҵәаӷәа",
    "paint.ovalMode.oval": "Агьежь",
    "paint.rectMode.rect": "Аԥшькәакьиаша",
    "paint.reshapeMode.reshape": "Аформа аԥсахра",
    "paint.roundedRectMode.roundedRect": "Ихаргьежьу аԥшькәакьиаша",
    "paint.selectMode.select": "Иалхтәуп",
    "paint.textMode.text": "Атекст",
    "paint.colorPicker.swap": "Аиҭныԥсахлара"
}