{
    "paint.paintEditor.hue": "ቀለም",
    "paint.paintEditor.saturation": "ርኬት",
    "paint.paintEditor.brightness": "ብሩህነት",
    "gui.comingSoon.message1": "አትጨነቁ፣ የሰራንበት ነው {emoji}",
    "gui.comingSoon.message2": "በቅርቡ ይደርሳል...",
    "gui.comingSoon.message3": "የሰራንበት ነው {emoji}",
    "paint.paintEditor.fill": "ምላት",
    "paint.paintEditor.costume": "ልብስ",
    "paint.paintEditor.group": "ቡድን",
    "paint.paintEditor.ungroup": "በቡድን የተመደበውን በተን",
    "paint.paintEditor.undo": "መልስ",
    "paint.paintEditor.redo": "ድጋሜ አድርግ",
    "paint.paintEditor.forward": "ወደፊት",
    "paint.paintEditor.backward": "ወደኋላ",
    "paint.paintEditor.front": "ፊት",
    "paint.paintEditor.back": "ኋላ",
    "paint.paintEditor.more": "ተጨማሪ",
    "paint.modeTools.brushSize": "ልክ",
    "paint.modeTools.eraserSize": "የላጲስ ልክ",
    "paint.modeTools.copy": "ቅዳ",
    "paint.modeTools.paste": "ለጥፍ",
    "paint.modeTools.delete": "አጥፋ",
    "paint.modeTools.curved": "የታጠፈ",
    "paint.modeTools.pointed": "ሾለ",
    "paint.modeTools.thickness": "ውፍረት",
    "paint.modeTools.flipHorizontal": "በግድምታ አሽከርክር",
    "paint.modeTools.flipVertical": "በሽቅብዮሽ አሽከርክር",
    "paint.modeTools.filled": "የተሟላ",
    "paint.modeTools.outlined": "የተቀረፀ",
    "paint.paintEditor.bitmap": "ወደ ንድፈ ቅንጣት ለውጥ",
    "paint.paintEditor.vector": "ወደ ቬክተር ለውጥ",
    "paint.paintEditor.stroke": "ቅረፅ",
    "paint.brushMode.brush": "ብሩሽ",
    "paint.eraserMode.eraser": "ላጲስ",
    "paint.fillMode.fill": "ምላት",
    "paint.lineMode.line": "መስመር",
    "paint.ovalMode.oval": "ክብ",
    "paint.rectMode.rect": "አራት ማዕዘን",
    "paint.reshapeMode.reshape": "እንደገና ቅረጽ",
    "paint.roundedRectMode.roundedRect": "የተድበለበለ አራት ማዕዘን",
    "paint.selectMode.select": "ምረጥ",
    "paint.textMode.text": "ጽሀፍ",
    "paint.colorPicker.swap": "ለዋውጥ"
}