{
    "paint.paintEditor.hue": "Գոյն",
    "paint.paintEditor.saturation": "Հագեցուածութիւն",
    "paint.paintEditor.brightness": "Պայծառութիւն",
    "gui.comingSoon.message1": "Մի անհանգստացեք, մենք աշխատում ենք դրա վրայ {emoji}",
    "gui.comingSoon.message2": "Շուտով…",
    "gui.comingSoon.message3": "Մենք աշխատում ենք դրա վրայ {emoji}",
    "paint.paintEditor.fill": "Լցնել",
    "paint.paintEditor.costume": "Զգեստ",
    "paint.paintEditor.group": "Խմբաւորել",
    "paint.paintEditor.ungroup": "Ապախմբաւորել",
    "paint.paintEditor.undo": "Չեղարկել",
    "paint.paintEditor.redo": "Կրկնել",
    "paint.paintEditor.forward": "Առաջ",
    "paint.paintEditor.backward": "Ետ",
    "paint.paintEditor.front": "Առաջին հերթ",
    "paint.paintEditor.back": "Ետ",
    "paint.paintEditor.more": "Ելի",
    "paint.modeTools.brushSize": "Չապս",
    "paint.modeTools.eraserSize": "Ռետինի հաստութիւնը",
    "paint.modeTools.copy": "Պատճենել",
    "paint.modeTools.paste": "Տեղադրել",
    "paint.modeTools.delete": "Ջնջել",
    "paint.modeTools.curved": "Կորերով",
    "paint.modeTools.pointed": "Փյունիկ",
    "paint.modeTools.thickness": "Հաստութիւն",
    "paint.modeTools.flipHorizontal": "Կտրել հորիզոնական",
    "paint.modeTools.flipVertical": "Կտրոլ ուղղահայաց",
    "paint.modeTools.filled": "Լցուած",
    "paint.modeTools.outlined": "Շրջանաձեւ",
    "paint.paintEditor.bitmap": "Փոխարկել Raster Graphics- ին",
    "paint.paintEditor.vector": "Փոխակերպեք վեկտորի գրաֆիկայի",
    "paint.paintEditor.stroke": "Եզրագիծ",
    "paint.brushMode.brush": "Խոզանակ",
    "paint.eraserMode.eraser": "Ռետին",
    "paint.fillMode.fill": "Լցնել",
    "paint.lineMode.line": "Տող",
    "paint.ovalMode.oval": "Շրջան",
    "paint.rectMode.rect": "Ուղղանկիւն",
    "paint.reshapeMode.reshape": "Ձեւի փոփոխութիւն",
    "paint.roundedRectMode.roundedRect": "Կլորացուած ուղղանկիւն",
    "paint.selectMode.select": "Ընտրել",
    "paint.textMode.text": "Տեսկտ",
    "paint.colorPicker.swap": "Փոխել"
}
