{
    "paint.paintEditor.hue": "Rəng",
    "paint.paintEditor.saturation": "Dolğunluq",
    "paint.paintEditor.brightness": "Parlaqlıq",
    "gui.comingSoon.message1": "Narahat olmayın, biz bunun üzərində çalışırıq {emoji}",
    "gui.comingSoon.message2": "Tezliklə ...",
    "gui.comingSoon.message3": "Biz bunun üzərində çalışırıq {emoji}",
    "paint.paintEditor.fill": "Rənglə doldur",
    "paint.paintEditor.costume": "Libas",
    "paint.paintEditor.group": "Qrup",
    "paint.paintEditor.ungroup": "Qrupu ləğv et",
    "paint.paintEditor.undo": "Ləğv et",
    "paint.paintEditor.redo": "Redo",
    "paint.paintEditor.forward": "İrəli",
    "paint.paintEditor.backward": "Geri",
    "paint.paintEditor.front": "Ön",
    "paint.paintEditor.back": "Geri",
    "paint.paintEditor.more": "Daha çox",
    "paint.modeTools.brushSize": "Ölçü",
    "paint.modeTools.eraserSize": "Pozanın ölçüsü",
    "paint.modeTools.copy": "Kopyala",
    "paint.modeTools.paste": "Yerləşdir",
    "paint.modeTools.delete": "Sil",
    "paint.modeTools.curved": "Əyri",
    "paint.modeTools.pointed": "İşarələnmiş",
    "paint.modeTools.thickness": "Qalınlıq",
    "paint.modeTools.flipHorizontal": "Üfiqi çevir",
    "paint.modeTools.flipVertical": "Şaquli çevir",
    "paint.modeTools.filled": "Dolu",
    "paint.modeTools.outlined": "Konturlanmış",
    "paint.paintEditor.bitmap": "Rastr qrafikasına çevir",
    "paint.paintEditor.vector": "Vektor qrafikasına çevir",
    "paint.paintEditor.stroke": "Kontur",
    "paint.brushMode.brush": "Brush",
    "paint.eraserMode.eraser": "Eraser",
    "paint.fillMode.fill": "Fill",
    "paint.lineMode.line": "Line",
    "paint.ovalMode.oval": "Circle",
    "paint.rectMode.rect": "Rectangle",
    "paint.reshapeMode.reshape": "Reshape",
    "paint.roundedRectMode.roundedRect": "Rounded Rectangle",
    "paint.selectMode.select": "Select",
    "paint.textMode.text": "Text",
    "paint.colorPicker.swap": "Dəyişdir"
}