{
    "paint.paintEditor.hue": "Колер",
    "paint.paintEditor.saturation": "Насычанасць",
    "paint.paintEditor.brightness": "Яркасць",
    "gui.comingSoon.message1": "Не хвалюйцеся, мы працуем над гэтым {emoji}",
    "gui.comingSoon.message2": "У бліжэйшы час...",
    "gui.comingSoon.message3": "Мы працуем над гэтым {emoji}",
    "paint.paintEditor.fill": "Заліўка",
    "paint.paintEditor.costume": "Касцюм",
    "paint.paintEditor.group": "Згрупаваць",
    "paint.paintEditor.ungroup": "Разгрупаваць",
    "paint.paintEditor.undo": "Адмяніць",
    "paint.paintEditor.redo": "Вярнуць",
    "paint.paintEditor.forward": "Наперад",
    "paint.paintEditor.backward": "Назад",
    "paint.paintEditor.front": "На пярэдні план",
    "paint.paintEditor.back": "Назад",
    "paint.paintEditor.more": "Яшчэ",
    "paint.modeTools.brushSize": "Памер",
    "paint.modeTools.eraserSize": "Памер гумкі",
    "paint.modeTools.copy": "Капіраваць",
    "paint.modeTools.paste": "Уставіць",
    "paint.modeTools.delete": "Выдаліць",
    "paint.modeTools.curved": "Выгнутыя",
    "paint.modeTools.pointed": "Завостраныя",
    "paint.modeTools.thickness": "Таўшчыня",
    "paint.modeTools.flipHorizontal": "Адлюстраваць па гарызанталі",
    "paint.modeTools.flipVertical": "Адлюстраваць па вертыкалі",
    "paint.modeTools.filled": "Заліты",
    "paint.modeTools.outlined": "Абведзены",
    "paint.paintEditor.bitmap": "Канвертаваць у растравую графіку",
    "paint.paintEditor.vector": "Канвертаваць у вектарную графіку",
    "paint.paintEditor.stroke": "Контур",
    "paint.brushMode.brush": "Пэндзлік",
    "paint.eraserMode.eraser": "Гумка",
    "paint.fillMode.fill": "Заліўка",
    "paint.lineMode.line": "Рыса",
    "paint.ovalMode.oval": "Кола",
    "paint.rectMode.rect": "Прамавугольнік",
    "paint.reshapeMode.reshape": "Змяніць форму",
    "paint.roundedRectMode.roundedRect": "Скруглёны прамавугольнік",
    "paint.selectMode.select": "Выбраць",
    "paint.textMode.text": "Тэкст",
    "paint.colorPicker.swap": "Замяніць"
}