{
    "paint.paintEditor.hue": "Цвят",
    "paint.paintEditor.saturation": "Наситеност",
    "paint.paintEditor.brightness": "Яркост",
    "gui.comingSoon.message1": "Don't worry, we're on it {emoji}",
    "gui.comingSoon.message2": "Очаквайте скоро…",
    "gui.comingSoon.message3": "We're working on it {emoji}",
    "paint.paintEditor.fill": "Запълване",
    "paint.paintEditor.costume": "Костюм",
    "paint.paintEditor.group": "Групиране",
    "paint.paintEditor.ungroup": "Разгрупиране",
    "paint.paintEditor.undo": "Отмяна",
    "paint.paintEditor.redo": "Повтаряне",
    "paint.paintEditor.forward": "Напред",
    "paint.paintEditor.backward": "Назад",
    "paint.paintEditor.front": "Front",
    "paint.paintEditor.back": "Back",
    "paint.paintEditor.more": "Още",
    "paint.modeTools.brushSize": "Size",
    "paint.modeTools.eraserSize": "Размер на гумата",
    "paint.modeTools.copy": "Копиране",
    "paint.modeTools.paste": "Поставяне",
    "paint.modeTools.delete": "Изтриване",
    "paint.modeTools.curved": "Curved",
    "paint.modeTools.pointed": "Pointed",
    "paint.modeTools.thickness": "Thickness",
    "paint.modeTools.flipHorizontal": "Хоризонтално обръщане",
    "paint.modeTools.flipVertical": "Вертикално обръщане",
    "paint.modeTools.filled": "Filled",
    "paint.modeTools.outlined": "Outlined",
    "paint.paintEditor.bitmap": "Преобразуване в растерен режим",
    "paint.paintEditor.vector": "Convert to Vector",
    "paint.paintEditor.stroke": "Outline",
    "paint.brushMode.brush": "Четка",
    "paint.eraserMode.eraser": "Eraser",
    "paint.fillMode.fill": "Запълване",
    "paint.lineMode.line": "Линия",
    "paint.ovalMode.oval": "Окръжност",
    "paint.rectMode.rect": "Правоъгълник",
    "paint.reshapeMode.reshape": "Оформяне",
    "paint.roundedRectMode.roundedRect": "Rounded Rectangle",
    "paint.selectMode.select": "Маркиране",
    "paint.textMode.text": "Текст",
    "paint.colorPicker.swap": "Swap"
}