{
    "paint.paintEditor.hue": "ڕەنگ",
    "paint.paintEditor.saturation": "تێری",
    "paint.paintEditor.brightness": "ڕووناکی",
    "gui.comingSoon.message1": "نیگەران مەبە، ئێمە خەریکین {emoji}",
    "gui.comingSoon.message2": "بەم زووانە...",
    "gui.comingSoon.message3": "ئێمە کاری لەسەر دەکەین {emoji}",
    "paint.paintEditor.fill": "پڕکردنەوە",
    "paint.paintEditor.costume": "بەرگ",
    "paint.paintEditor.group": "گروپ کردن",
    "paint.paintEditor.ungroup": "نا گروپ کردن",
    "paint.paintEditor.undo": "هه‌ڵوه‌شاندنه‌وه‌",
    "paint.paintEditor.redo": "کردنەوە",
    "paint.paintEditor.forward": "بۆ پێشەوە",
    "paint.paintEditor.backward": "بۆ دواوە",
    "paint.paintEditor.front": "پێشەوە",
    "paint.paintEditor.back": "دواوە",
    "paint.paintEditor.more": "زیاتر",
    "paint.modeTools.brushSize": "قەبارە",
    "paint.modeTools.eraserSize": "قەبارەی سڕەوە",
    "paint.modeTools.copy": "لەبەرگرتنەوە",
    "paint.modeTools.paste": "لکاندن",
    "paint.modeTools.delete": "سڕینەوە",
    "paint.modeTools.curved": "چەماوە",
    "paint.modeTools.pointed": "ئاماژە بۆکراو",
    "paint.modeTools.thickness": "ئەستوورایی",
    "paint.modeTools.flipHorizontal": "هەڵگەڕانەوەی ئاسۆیی",
    "paint.modeTools.flipVertical": "هەڵگەڕانەوەی ستوونی",
    "paint.modeTools.filled": "پڕکراوە",
    "paint.modeTools.outlined": "چوارچێوەکراو",
    "paint.paintEditor.bitmap": "گۆڕینی بۆ Bitmap",
    "paint.paintEditor.vector": "گۆڕینی بۆ Vector",
    "paint.paintEditor.stroke": "چوارچێوە",
    "paint.brushMode.brush": "فڵچە",
    "paint.eraserMode.eraser": "سڕەوە",
    "paint.fillMode.fill": "پڕکردنەوە",
    "paint.lineMode.line": "هێڵ",
    "paint.ovalMode.oval": "بازنە",
    "paint.rectMode.rect": "لاکێشە",
    "paint.reshapeMode.reshape": "شێوەکردنەوە",
    "paint.roundedRectMode.roundedRect": "لاکێشەی خڕ",
    "paint.selectMode.select": "دیاریکردن",
    "paint.textMode.text": "دەق",
    "paint.colorPicker.swap": "ئاڵوگۆڕ"
}