{
    "paint.paintEditor.hue": "Farve",
    "paint.paintEditor.saturation": "Farvemætning",
    "paint.paintEditor.brightness": "Lysstyrke",
    "gui.comingSoon.message1": "Du skal ikke bekymre dig, vi arbejder på sagen {emoji}",
    "gui.comingSoon.message2": "Kommer snart...",
    "gui.comingSoon.message3": "Vi arbejder på sagen {emoji}",
    "paint.paintEditor.fill": "Fyld",
    "paint.paintEditor.costume": "Kostume",
    "paint.paintEditor.group": "Gruppe",
    "paint.paintEditor.ungroup": "Opdel",
    "paint.paintEditor.undo": "Fortryd",
    "paint.paintEditor.redo": "Gør om",
    "paint.paintEditor.forward": "Forrest",
    "paint.paintEditor.backward": "Bagerst",
    "paint.paintEditor.front": "Foran",
    "paint.paintEditor.back": "Bagved",
    "paint.paintEditor.more": "Mere",
    "paint.modeTools.brushSize": "Størrelse",
    "paint.modeTools.eraserSize": "Viskelæderets størrelse",
    "paint.modeTools.copy": "Kopier",
    "paint.modeTools.paste": "Sæt ind",
    "paint.modeTools.delete": "Slet",
    "paint.modeTools.curved": "Buet",
    "paint.modeTools.pointed": "Spids",
    "paint.modeTools.thickness": "Tykkelse",
    "paint.modeTools.flipHorizontal": "Vend venstre-højre",
    "paint.modeTools.flipVertical": "Vend op og ned",
    "paint.modeTools.filled": "Fyldt",
    "paint.modeTools.outlined": "Kant streg",
    "paint.paintEditor.bitmap": "Konverter til Bitmap",
    "paint.paintEditor.vector": "Konverter til Vektor",
    "paint.paintEditor.stroke": "Kant",
    "paint.brushMode.brush": "Pensel",
    "paint.eraserMode.eraser": "Viskelæder",
    "paint.fillMode.fill": "Fyld",
    "paint.lineMode.line": "Linje",
    "paint.ovalMode.oval": "Cirkel",
    "paint.rectMode.rect": "Rektangel",
    "paint.reshapeMode.reshape": "Omform",
    "paint.roundedRectMode.roundedRect": "Afrundet rektangel",
    "paint.selectMode.select": "Vælg",
    "paint.textMode.text": "Tekst",
    "paint.colorPicker.swap": "Byt"
}