{
    "paint.paintEditor.hue": "Color",
    "paint.paintEditor.saturation": "Saturación",
    "paint.paintEditor.brightness": "Brillo",
    "gui.comingSoon.message1": "No te preocupes, estamos en eso {emoji}",
    "gui.comingSoon.message2": "Próximamente...",
    "gui.comingSoon.message3": "Estamos trabajando en ello {emoji}",
    "paint.paintEditor.fill": "Relleno",
    "paint.paintEditor.costume": "Disfraz",
    "paint.paintEditor.group": "Agrupar",
    "paint.paintEditor.ungroup": "Desagrupar",
    "paint.paintEditor.undo": "Deshacer",
    "paint.paintEditor.redo": "Rehacer",
    "paint.paintEditor.forward": "Adelante",
    "paint.paintEditor.backward": "Atrás",
    "paint.paintEditor.front": "Al frente",
    "paint.paintEditor.back": "Al fondo",
    "paint.paintEditor.more": "Más",
    "paint.modeTools.brushSize": "Tamaño",
    "paint.modeTools.eraserSize": "Tamaño del borrador",
    "paint.modeTools.copy": "Copiar",
    "paint.modeTools.paste": "Pegar",
    "paint.modeTools.delete": "Eliminar",
    "paint.modeTools.curved": "Curvo",
    "paint.modeTools.pointed": "Puntiagudo",
    "paint.modeTools.thickness": "Grosor",
    "paint.modeTools.flipHorizontal": "Voltear horizontal",
    "paint.modeTools.flipVertical": "Voltear vertical",
    "paint.modeTools.filled": "Relleno",
    "paint.modeTools.outlined": "Con contorno",
    "paint.paintEditor.bitmap": "Convertir a mapa de bits",
    "paint.paintEditor.vector": "Convertir a vector",
    "paint.paintEditor.stroke": "Contorno",
    "paint.brushMode.brush": "Pincel",
    "paint.eraserMode.eraser": "Borrador",
    "paint.fillMode.fill": "Relleno",
    "paint.lineMode.line": "Línea",
    "paint.ovalMode.oval": "Círculo",
    "paint.rectMode.rect": "Rectángulo",
    "paint.reshapeMode.reshape": "Cambiar forma",
    "paint.roundedRectMode.roundedRect": "Rectángulo redondeado",
    "paint.selectMode.select": "Seleccionar",
    "paint.textMode.text": "Texto",
    "paint.colorPicker.swap": "Intercambiar"
}