{
    "paint.paintEditor.hue": "Kolorea",
    "paint.paintEditor.saturation": "Asetasuna",
    "paint.paintEditor.brightness": "Distira",
    "gui.comingSoon.message1": "Lasai, horretan gabiltza {emoji}",
    "gui.comingSoon.message2": "Laster ...",
    "gui.comingSoon.message3": "Horretan ari gara {emoji}",
    "paint.paintEditor.fill": "Bete",
    "paint.paintEditor.costume": "Tankera",
    "paint.paintEditor.group": "Taldekatu",
    "paint.paintEditor.ungroup": "Desegin taldea",
    "paint.paintEditor.undo": "Desegin",
    "paint.paintEditor.redo": "Berregin",
    "paint.paintEditor.forward": "Aurrealderantz",
    "paint.paintEditor.backward": "Atzealderantz",
    "paint.paintEditor.front": "Aurrealdera",
    "paint.paintEditor.back": "Atzealdera",
    "paint.paintEditor.more": "Gehiago",
    "paint.modeTools.brushSize": "Tamaina",
    "paint.modeTools.eraserSize": "Ezabatzailearen tamaina",
    "paint.modeTools.copy": "Kopiatu",
    "paint.modeTools.paste": "Itsatsi",
    "paint.modeTools.delete": "Ezabatu",
    "paint.modeTools.curved": "Kurbatua",
    "paint.modeTools.pointed": "Zorrotza",
    "paint.modeTools.thickness": "Lodiera",
    "paint.modeTools.flipHorizontal": "Islatu horizontalki",
    "paint.modeTools.flipVertical": "Islatu bertikalki",
    "paint.modeTools.filled": "Betea",
    "paint.modeTools.outlined": "Eskematizatua",
    "paint.paintEditor.bitmap": "Bihurtu Bitmap",
    "paint.paintEditor.vector": "Bihurtu bektore",
    "paint.paintEditor.stroke": "Eskema",
    "paint.brushMode.brush": "Pintzela",
    "paint.eraserMode.eraser": "Ezabatzailea",
    "paint.fillMode.fill": "Bete",
    "paint.lineMode.line": "Marra",
    "paint.ovalMode.oval": "Zirkuloa",
    "paint.rectMode.rect": "Laukizuzena",
    "paint.reshapeMode.reshape": "Aldatu forma",
    "paint.roundedRectMode.roundedRect": "Laukizuzen biribildua",
    "paint.selectMode.select": "Hautatu",
    "paint.textMode.text": "Testua",
    "paint.colorPicker.swap": "Trukatu"
}