{
    "paint.paintEditor.hue": "Väri",
    "paint.paintEditor.saturation": "Värikylläisyys",
    "paint.paintEditor.brightness": "Kirkkaus",
    "gui.comingSoon.message1": "Älä huoli, toteutamme sitä {emoji}",
    "gui.comingSoon.message2": "Tulossa pian...",
    "gui.comingSoon.message3": "Toteutamme sitä {emoji}",
    "paint.paintEditor.fill": "Täytä",
    "paint.paintEditor.costume": "Asuste",
    "paint.paintEditor.group": "Ryhmitä",
    "paint.paintEditor.ungroup": "Pura ryhmitys",
    "paint.paintEditor.undo": "Kumoa",
    "paint.paintEditor.redo": "Tee uudelleen",
    "paint.paintEditor.forward": "Eteenpäin",
    "paint.paintEditor.backward": "Taaksepäin",
    "paint.paintEditor.front": "Eteen",
    "paint.paintEditor.back": "Taakse",
    "paint.paintEditor.more": "Enemmän",
    "paint.modeTools.brushSize": "Koko",
    "paint.modeTools.eraserSize": "Kumin koko",
    "paint.modeTools.copy": "Kopioi",
    "paint.modeTools.paste": "Liitä",
    "paint.modeTools.delete": "Poista",
    "paint.modeTools.curved": "Kaartuva",
    "paint.modeTools.pointed": "Teräväkärkinen",
    "paint.modeTools.thickness": "Paksuus",
    "paint.modeTools.flipHorizontal": "Käännä vaakasuoraan",
    "paint.modeTools.flipVertical": "Käännä pystysuoraan",
    "paint.modeTools.filled": "Täytetty",
    "paint.modeTools.outlined": "Ääriviivallinen",
    "paint.paintEditor.bitmap": "Muunna bittikartaksi",
    "paint.paintEditor.vector": "Muunna vektoriksi",
    "paint.paintEditor.stroke": "Ääriviiva",
    "paint.brushMode.brush": "Sivellin",
    "paint.eraserMode.eraser": "Pyyhekumi",
    "paint.fillMode.fill": "Täytä",
    "paint.lineMode.line": "Viiva",
    "paint.ovalMode.oval": "Ympyrä",
    "paint.rectMode.rect": "Suorakulmio",
    "paint.reshapeMode.reshape": "Muotoile uudelleen",
    "paint.roundedRectMode.roundedRect": "Pyöristetty suorakulmio",
    "paint.selectMode.select": "Valitse",
    "paint.textMode.text": "Teksti",
    "paint.colorPicker.swap": "Vaihda"
}