{
    "paint.paintEditor.hue": "Dath",
    "paint.paintEditor.saturation": "Sàthachd",
    "paint.paintEditor.brightness": "Soilleireachd",
    "gui.comingSoon.message1": "Na gabh dragh, tha sinn ag obair air {emoji}",
    "gui.comingSoon.message2": "Ri thighinn a dh’aithghearr…",
    "gui.comingSoon.message3": "Tha sinn ag obair air {emoji}",
    "paint.paintEditor.fill": "Lìonadh",
    "paint.paintEditor.costume": "Dreach",
    "paint.paintEditor.group": "Buidhnich",
    "paint.paintEditor.ungroup": "Sgaoil am buidheann",
    "paint.paintEditor.undo": "Neo-dhèan",
    "paint.paintEditor.redo": "Ath-dhèan",
    "paint.paintEditor.forward": "Gluais an comhair a’ bheòil",
    "paint.paintEditor.backward": "Gluais an comhair a’ chùil",
    "paint.paintEditor.front": "Gluais dhan fhìor-bheulaibh",
    "paint.paintEditor.back": "Gluais dhan fhìor-chùlaibh",
    "paint.paintEditor.more": "Barrachd",
    "paint.modeTools.brushSize": "Meud na bruise",
    "paint.modeTools.eraserSize": "Meud an t‑suathain",
    "paint.modeTools.copy": "Dèan lethbhreac",
    "paint.modeTools.paste": "Cuir ann",
    "paint.modeTools.delete": "Sguab às",
    "paint.modeTools.curved": "Cruinn",
    "paint.modeTools.pointed": "Biorach",
    "paint.modeTools.thickness": "Tiughad",
    "paint.modeTools.flipHorizontal": "Flip air a’ chòmhnard",
    "paint.modeTools.flipVertical": "Flip gu h‑inghearach",
    "paint.modeTools.filled": "Lìonta",
    "paint.modeTools.outlined": "Oir‑loidhne",
    "paint.paintEditor.bitmap": "Iompaich na bitmap",
    "paint.paintEditor.vector": "Iompaich na vector",
    "paint.paintEditor.stroke": "Oir‑loidhne",
    "paint.brushMode.brush": "Bruis",
    "paint.eraserMode.eraser": "Suathan",
    "paint.fillMode.fill": "Lìonadh",
    "paint.lineMode.line": "Loidhne",
    "paint.ovalMode.oval": "Cearcall",
    "paint.rectMode.rect": "Ceart-cheàrnach",
    "paint.reshapeMode.reshape": "Atharraich cruth",
    "paint.roundedRectMode.roundedRect": "Ceart-cheàrnach cruinnte",
    "paint.selectMode.select": "Tagh",
    "paint.textMode.text": "Teacsa",
    "paint.colorPicker.swap": "Suaip"
}