{
    "paint.paintEditor.hue": "Cor",
    "paint.paintEditor.saturation": "Saturación",
    "paint.paintEditor.brightness": "Luminosidade",
    "gui.comingSoon.message1": "Non te preocupes, andamos niso {emoji}",
    "gui.comingSoon.message2": "Proximamente...",
    "gui.comingSoon.message3": "Andamos a traballar nisto {emoji}",
    "paint.paintEditor.fill": "Recheo",
    "paint.paintEditor.costume": "Vestimenta",
    "paint.paintEditor.group": "Agrupar",
    "paint.paintEditor.ungroup": "Desagrupar",
    "paint.paintEditor.undo": "Desfacer",
    "paint.paintEditor.redo": "Refacer",
    "paint.paintEditor.forward": "Adiante",
    "paint.paintEditor.backward": "Atrás",
    "paint.paintEditor.front": "Traer á fronte",
    "paint.paintEditor.back": "Levar ao fondo",
    "paint.paintEditor.more": "Máis",
    "paint.modeTools.brushSize": "Tamaño",
    "paint.modeTools.eraserSize": "Tamaño do borrador",
    "paint.modeTools.copy": "Copiar",
    "paint.modeTools.paste": "Pegar",
    "paint.modeTools.delete": "Eliminar",
    "paint.modeTools.curved": "A curvas",
    "paint.modeTools.pointed": "Bordes Afiados",
    "paint.modeTools.thickness": "Gordura",
    "paint.modeTools.flipHorizontal": "Voltear en horizontal",
    "paint.modeTools.flipVertical": "Voltear en vertical",
    "paint.modeTools.filled": "Enchido",
    "paint.modeTools.outlined": "Bordos",
    "paint.paintEditor.bitmap": "Converter en mapa de bits",
    "paint.paintEditor.vector": "Converter en vectores",
    "paint.paintEditor.stroke": "Bordo",
    "paint.brushMode.brush": "Pincel",
    "paint.eraserMode.eraser": "Borrador",
    "paint.fillMode.fill": "Encher",
    "paint.lineMode.line": "Liña",
    "paint.ovalMode.oval": "Círculo",
    "paint.rectMode.rect": "Rectángulo",
    "paint.reshapeMode.reshape": "Reformar",
    "paint.roundedRectMode.roundedRect": "Rectángulo arredondado",
    "paint.selectMode.select": "Seleccionar",
    "paint.textMode.text": "Texto",
    "paint.colorPicker.swap": "Trocar"
}