{
    "paint.paintEditor.hue": "צבע",
    "paint.paintEditor.saturation": "רוויה",
    "paint.paintEditor.brightness": "בהירות",
    "gui.comingSoon.message1": "אל דאגה, אנחנו מטפלים בזה {emoji}",
    "gui.comingSoon.message2": "בקרוב...",
    "gui.comingSoon.message3": "אנחנו עובדים על זה {emoji}",
    "paint.paintEditor.fill": "מילוי",
    "paint.paintEditor.costume": "תלבושת",
    "paint.paintEditor.group": "קבץ",
    "paint.paintEditor.ungroup": "בטל קיבוץ",
    "paint.paintEditor.undo": "בטל",
    "paint.paintEditor.redo": "בצע שוב",
    "paint.paintEditor.forward": "קדימה",
    "paint.paintEditor.backward": "אחורה",
    "paint.paintEditor.front": "העבר לקידמה",
    "paint.paintEditor.back": "העבר לרקע",
    "paint.paintEditor.more": "עוד",
    "paint.modeTools.brushSize": "גודל",
    "paint.modeTools.eraserSize": "גודל מחק",
    "paint.modeTools.copy": "העתק",
    "paint.modeTools.paste": "הדבק",
    "paint.modeTools.delete": "מחק",
    "paint.modeTools.curved": "מעוקל",
    "paint.modeTools.pointed": "מחודד",
    "paint.modeTools.thickness": "עובי",
    "paint.modeTools.flipHorizontal": "הפוך אופקית",
    "paint.modeTools.flipVertical": "הפוך אנכית",
    "paint.modeTools.filled": "מלא",
    "paint.modeTools.outlined": "מסורטט",
    "paint.paintEditor.bitmap": "המרה למפת סיביות",
    "paint.paintEditor.vector": "המרה לוקטור",
    "paint.paintEditor.stroke": "מסגרת",
    "paint.brushMode.brush": "מברשת",
    "paint.eraserMode.eraser": "מחק",
    "paint.fillMode.fill": "מילוי",
    "paint.lineMode.line": "קו",
    "paint.ovalMode.oval": "עיגול",
    "paint.rectMode.rect": "מלבן",
    "paint.reshapeMode.reshape": "שנה צורה",
    "paint.roundedRectMode.roundedRect": "מלבן מעוגל",
    "paint.selectMode.select": "בחר",
    "paint.textMode.text": "טקסט",
    "paint.colorPicker.swap": "החלף"
}