{
    "paint.paintEditor.hue": "Boja",
    "paint.paintEditor.saturation": "Saturacija",
    "paint.paintEditor.brightness": "Osvjetljenje",
    "gui.comingSoon.message1": "Ne brini, radimo na tome{emoji}",
    "gui.comingSoon.message2": "Pričekajte trenutak...",
    "gui.comingSoon.message3": "Radimo na tome{emoji}",
    "paint.paintEditor.fill": "Ispuna",
    "paint.paintEditor.costume": "Kostim",
    "paint.paintEditor.group": "Grupiraj",
    "paint.paintEditor.ungroup": "Razgrupiraj",
    "paint.paintEditor.undo": "Poništi",
    "paint.paintEditor.redo": "Ponovi",
    "paint.paintEditor.forward": "Naprijed",
    "paint.paintEditor.backward": "Natrag",
    "paint.paintEditor.front": "prednji",
    "paint.paintEditor.back": "Stražnji",
    "paint.paintEditor.more": "Više",
    "paint.modeTools.brushSize": "Veličina",
    "paint.modeTools.eraserSize": "Debljina gumice",
    "paint.modeTools.copy": "Kopiraj",
    "paint.modeTools.paste": "Zalijepi",
    "paint.modeTools.delete": "Izbriši",
    "paint.modeTools.curved": "Zaobljen",
    "paint.modeTools.pointed": "Šiljast",
    "paint.modeTools.thickness": "Debljina",
    "paint.modeTools.flipHorizontal": "Obrni vodoravno",
    "paint.modeTools.flipVertical": "Obrni okomito",
    "paint.modeTools.filled": "Ispunjeno",
    "paint.modeTools.outlined": "Obrubljeno",
    "paint.paintEditor.bitmap": "Pretvori u mapu bitova",
    "paint.paintEditor.vector": "Pretvori u vektor",
    "paint.paintEditor.stroke": "Obrub",
    "paint.brushMode.brush": "Kist",
    "paint.eraserMode.eraser": "Gumica",
    "paint.fillMode.fill": "Ispuna",
    "paint.lineMode.line": "Linija",
    "paint.ovalMode.oval": "Kružnica",
    "paint.rectMode.rect": "Pravokutnik",
    "paint.reshapeMode.reshape": "Preoblikuj",
    "paint.roundedRectMode.roundedRect": "Pravokutnik",
    "paint.selectMode.select": "Označi",
    "paint.textMode.text": "Tekst",
    "paint.colorPicker.swap": "Zamijeni"
}