{
    "paint.paintEditor.hue": "Koulè",
    "paint.paintEditor.saturation": "Satirasyon",
    "paint.paintEditor.brightness": "Ekleraj",
    "gui.comingSoon.message1": "Pa enkyete w, n ap travay sou li{emoji}",
    "gui.comingSoon.message2": "Disponib talè",
    "gui.comingSoon.message3": "N ap travay sou li{emoji}",
    "paint.paintEditor.fill": "Ranpli",
    "paint.paintEditor.costume": "Kostim",
    "paint.paintEditor.group": "Gwoup",
    "paint.paintEditor.ungroup": "Degwoupe",
    "paint.paintEditor.undo": "Anile",
    "paint.paintEditor.redo": "Fè ankò",
    "paint.paintEditor.forward": "Avanse",
    "paint.paintEditor.backward": "Bak",
    "paint.paintEditor.front": "Douvan",
    "paint.paintEditor.back": "Dèyè",
    "paint.paintEditor.more": "Plis",
    "paint.modeTools.brushSize": "Tay",
    "paint.modeTools.eraserSize": "Tay gòm",
    "paint.modeTools.copy": "Kopye",
    "paint.modeTools.paste": "Kole",
    "paint.modeTools.delete": "Efase",
    "paint.modeTools.curved": "Koube",
    "paint.modeTools.pointed": "Pwenti",
    "paint.modeTools.thickness": "Epesè",
    "paint.modeTools.flipHorizontal": "Ranvèse orizontalman",
    "paint.modeTools.flipVertical": "Ranvèse vètikalman",
    "paint.modeTools.filled": "Ranpli",
    "paint.modeTools.outlined": "An kontou",
    "paint.paintEditor.bitmap": "Konvèti an Bitmap",
    "paint.paintEditor.vector": "Konvèti an vektè",
    "paint.paintEditor.stroke": "Kontou",
    "paint.brushMode.brush": "Penso",
    "paint.eraserMode.eraser": "Gòm",
    "paint.fillMode.fill": "Ranpli",
    "paint.lineMode.line": "Liy",
    "paint.ovalMode.oval": "Sèk",
    "paint.rectMode.rect": "Rektang",
    "paint.reshapeMode.reshape": "Refòme",
    "paint.roundedRectMode.roundedRect": "Rektang Awondi",
    "paint.selectMode.select": "Seleksyone",
    "paint.textMode.text": "Tèks",
    "paint.colorPicker.swap": "Echanje"
}