{
    "paint.paintEditor.hue": "Szín",
    "paint.paintEditor.saturation": "Telítettség",
    "paint.paintEditor.brightness": "Fényerő",
    "gui.comingSoon.message1": "Ne aggódj, rajta vagyunk {emoji}",
    "gui.comingSoon.message2": "Hamarosan...",
    "gui.comingSoon.message3": "Dolgozunk rajta {emoji}",
    "paint.paintEditor.fill": "Kitöltés",
    "paint.paintEditor.costume": "Jelmez",
    "paint.paintEditor.group": "Csoportosítás",
    "paint.paintEditor.ungroup": "Csoport bontása",
    "paint.paintEditor.undo": "Visszavonás",
    "paint.paintEditor.redo": "Mégis",
    "paint.paintEditor.forward": "Előreküld",
    "paint.paintEditor.backward": "Hátraküld",
    "paint.paintEditor.front": "Legelőre",
    "paint.paintEditor.back": "Leghátra",
    "paint.paintEditor.more": "Több",
    "paint.modeTools.brushSize": "Méret",
    "paint.modeTools.eraserSize": "Radír méret",
    "paint.modeTools.copy": "Másolás",
    "paint.modeTools.paste": "Beillesztés",
    "paint.modeTools.delete": "Törlés",
    "paint.modeTools.curved": "Ívelt",
    "paint.modeTools.pointed": "Csúcsos",
    "paint.modeTools.thickness": "Vastagság",
    "paint.modeTools.flipHorizontal": "Vízszintes tükrözés",
    "paint.modeTools.flipVertical": "Függőleges tükrözés",
    "paint.modeTools.filled": "Kitöltött",
    "paint.modeTools.outlined": "Körvonalazott",
    "paint.paintEditor.bitmap": "Konvertálás Bitképpé",
    "paint.paintEditor.vector": "Konvertálás Vektorképpe",
    "paint.paintEditor.stroke": "Körvonal",
    "paint.brushMode.brush": "Ecset",
    "paint.eraserMode.eraser": "Radír",
    "paint.fillMode.fill": "Kitöltés",
    "paint.lineMode.line": "Vonal",
    "paint.ovalMode.oval": "Kör",
    "paint.rectMode.rect": "Téglalap",
    "paint.reshapeMode.reshape": "Újraformálás",
    "paint.roundedRectMode.roundedRect": "Kerekített téglalap",
    "paint.selectMode.select": "Kijelölés",
    "paint.textMode.text": "Szöveg",
    "paint.colorPicker.swap": "Csere"
}