{
    "paint.paintEditor.hue": "Warna",
    "paint.paintEditor.saturation": "Saturasi",
    "paint.paintEditor.brightness": "Keterangan",
    "gui.comingSoon.message1": "Jangan khawatir, kami sedang mengerjakannya {emoji}",
    "gui.comingSoon.message2": "Akan Segera Datang",
    "gui.comingSoon.message3": "Kami sedang mengerjakannya {emoji}",
    "paint.paintEditor.fill": "Isi",
    "paint.paintEditor.costume": "Kostum",
    "paint.paintEditor.group": "Kelompokkan",
    "paint.paintEditor.ungroup": "Pisahkan",
    "paint.paintEditor.undo": "Undo",
    "paint.paintEditor.redo": "Ulangi",
    "paint.paintEditor.forward": "Maju",
    "paint.paintEditor.backward": "Mundur",
    "paint.paintEditor.front": "Depan",
    "paint.paintEditor.back": "Back",
    "paint.paintEditor.more": "Lebih",
    "paint.modeTools.brushSize": "Ukuran",
    "paint.modeTools.eraserSize": "Ukuran penghapus",
    "paint.modeTools.copy": "Salin",
    "paint.modeTools.paste": "Tempel",
    "paint.modeTools.delete": "Hapus",
    "paint.modeTools.curved": "Bundar",
    "paint.modeTools.pointed": "Tajam",
    "paint.modeTools.thickness": "Ketebalan",
    "paint.modeTools.flipHorizontal": "Balikkan Secara Horisontal",
    "paint.modeTools.flipVertical": "Balikkan Secara Vertikal",
    "paint.modeTools.filled": "Terisi",
    "paint.modeTools.outlined": "Garis besar",
    "paint.paintEditor.bitmap": "Sesuaikan ke Bitmap",
    "paint.paintEditor.vector": "Sesuaikan ke Vektor",
    "paint.paintEditor.stroke": "Garis besar",
    "paint.brushMode.brush": "Kuas",
    "paint.eraserMode.eraser": "Penghapus",
    "paint.fillMode.fill": "Isi",
    "paint.lineMode.line": "Garis",
    "paint.ovalMode.oval": "Lingkaran",
    "paint.rectMode.rect": "Persegi panjang",
    "paint.reshapeMode.reshape": "Bentuk ulang",
    "paint.roundedRectMode.roundedRect": "Persegi Bulat",
    "paint.selectMode.select": "Pilih",
    "paint.textMode.text": "Teks",
    "paint.colorPicker.swap": "Tukar"
}