{
    "paint.paintEditor.hue": "Litur",
    "paint.paintEditor.saturation": "mettun",
    "paint.paintEditor.brightness": "Birtustig",
    "gui.comingSoon.message1": "Ekki hafa áhyggjur, við erum að vinna í þessu {emoji}",
    "gui.comingSoon.message2": "Kemur bráðlega...",
    "gui.comingSoon.message3": "Við erum að vinna í þessu {emoji}",
    "paint.paintEditor.fill": "Fylla",
    "paint.paintEditor.costume": "Búningur",
    "paint.paintEditor.group": "Hópur",
    "paint.paintEditor.ungroup": "Leysa upp hóp",
    "paint.paintEditor.undo": "Afgera",
    "paint.paintEditor.redo": "Endurgera",
    "paint.paintEditor.forward": "Áfram",
    "paint.paintEditor.backward": "Aftur á bak",
    "paint.paintEditor.front": "Fremst",
    "paint.paintEditor.back": "Til baka",
    "paint.paintEditor.more": "Meira",
    "paint.modeTools.brushSize": "Stærð",
    "paint.modeTools.eraserSize": "Stærð strokleðurs",
    "paint.modeTools.copy": "Afrita",
    "paint.modeTools.paste": "Líma",
    "paint.modeTools.delete": "Eyða",
    "paint.modeTools.curved": "Sveigja",
    "paint.modeTools.pointed": "Oddmjótt",
    "paint.modeTools.thickness": "Þykkt",
    "paint.modeTools.flipHorizontal": "Flippa lárétt",
    "paint.modeTools.flipVertical": "Flippa lóðrétt",
    "paint.modeTools.filled": "Fylla",
    "paint.modeTools.outlined": "Útlína",
    "paint.paintEditor.bitmap": "Umbreyta í Bitmap",
    "paint.paintEditor.vector": "Umbreyta í vektor",
    "paint.paintEditor.stroke": "Útlína",
    "paint.brushMode.brush": "Bursti",
    "paint.eraserMode.eraser": "Strokleður",
    "paint.fillMode.fill": "Fylla",
    "paint.lineMode.line": "Lína",
    "paint.ovalMode.oval": "Hringur",
    "paint.rectMode.rect": "Ferhyrningur",
    "paint.reshapeMode.reshape": "Ummynda",
    "paint.roundedRectMode.roundedRect": "Rúnaður ferhyrningur",
    "paint.selectMode.select": "Velja",
    "paint.textMode.text": "Texti",
    "paint.colorPicker.swap": "Skipta"
}