{
    "paint.paintEditor.hue": "Colore",
    "paint.paintEditor.saturation": "Saturazione",
    "paint.paintEditor.brightness": "Luminosità",
    "gui.comingSoon.message1": "Tranquillo, ci stiamo lavorando {emoji}",
    "gui.comingSoon.message2": "Disponibile a Breve...",
    "gui.comingSoon.message3": "Ci stiamo lavorando {emoji}",
    "paint.paintEditor.fill": "Riempimento",
    "paint.paintEditor.costume": "Costume",
    "paint.paintEditor.group": "Raggruppa",
    "paint.paintEditor.ungroup": "Separa",
    "paint.paintEditor.undo": "Annulla",
    "paint.paintEditor.redo": "Ripristina",
    "paint.paintEditor.forward": "Porta avanti",
    "paint.paintEditor.backward": "Porta indietro",
    "paint.paintEditor.front": "Primo piano",
    "paint.paintEditor.back": "Secondo piano",
    "paint.paintEditor.more": "Altro",
    "paint.modeTools.brushSize": "Dimensione",
    "paint.modeTools.eraserSize": "Dimensione gomma",
    "paint.modeTools.copy": "Copia",
    "paint.modeTools.paste": "Incolla",
    "paint.modeTools.delete": "Cancella",
    "paint.modeTools.curved": "Curva",
    "paint.modeTools.pointed": "Angolo",
    "paint.modeTools.thickness": "Spessore",
    "paint.modeTools.flipHorizontal": "Rifletti in Orizzontale",
    "paint.modeTools.flipVertical": "Capovolgi",
    "paint.modeTools.filled": "Riempito",
    "paint.modeTools.outlined": "Contorno",
    "paint.paintEditor.bitmap": "Converti in Bitmap",
    "paint.paintEditor.vector": "Converti in Vettoriale",
    "paint.paintEditor.stroke": "Contorno",
    "paint.brushMode.brush": "Pennello",
    "paint.eraserMode.eraser": "Gomma",
    "paint.fillMode.fill": "Riempimento",
    "paint.lineMode.line": "Linea",
    "paint.ovalMode.oval": "Cerchio",
    "paint.rectMode.rect": "Rettangolo",
    "paint.reshapeMode.reshape": "Modifica contorno",
    "paint.roundedRectMode.roundedRect": "Rettangolo Arrotondato",
    "paint.selectMode.select": "Seleziona",
    "paint.textMode.text": "Testo",
    "paint.colorPicker.swap": "Scambia"
}