{
    "paint.paintEditor.hue": "ფერი",
    "paint.paintEditor.saturation": "გაჯერება",
    "paint.paintEditor.brightness": "სიკაშკაშე",
    "gui.comingSoon.message1": "ნუ ღელავთ, ჩვენ ვმუშაობთ ამ პრობლემაზე {emoji}",
    "gui.comingSoon.message2": "მალე იქნება...",
    "gui.comingSoon.message3": "ჩვენ ვმუშაობთ ამ პრობლემაზე {emoji}",
    "paint.paintEditor.fill": "შევსება",
    "paint.paintEditor.costume": "კოსტიუმი",
    "paint.paintEditor.group": "დაჯგუფება",
    "paint.paintEditor.ungroup": "ჯგუფის დაშლა ",
    "paint.paintEditor.undo": "გაუქმება",
    "paint.paintEditor.redo": "აღდგენა",
    "paint.paintEditor.forward": "წინ",
    "paint.paintEditor.backward": "უკან",
    "paint.paintEditor.front": "წინ",
    "paint.paintEditor.back": "უკან",
    "paint.paintEditor.more": "სხვა",
    "paint.modeTools.brushSize": "ზომა",
    "paint.modeTools.eraserSize": "საშლელის ზომა",
    "paint.modeTools.copy": "კოპირება",
    "paint.modeTools.paste": "ჩასმა",
    "paint.modeTools.delete": "წაშლა",
    "paint.modeTools.curved": "გამრუდებული",
    "paint.modeTools.pointed": "მიმართული",
    "paint.modeTools.thickness": "სისქე",
    "paint.modeTools.flipHorizontal": "ჰორიზონტალურად არეკვლა",
    "paint.modeTools.flipVertical": "ვერტიკალურად არეკვლა",
    "paint.modeTools.filled": "შევსებული",
    "paint.modeTools.outlined": "შემოხაზული",
    "paint.paintEditor.bitmap": "გარდასახე რასტრული გრაფიკად",
    "paint.paintEditor.vector": "გარდასახე ვექტორად",
    "paint.paintEditor.stroke": "გამოკვეთე",
    "paint.brushMode.brush": "ფუნჯი",
    "paint.eraserMode.eraser": "საშლელი",
    "paint.fillMode.fill": "შევსება",
    "paint.lineMode.line": "ხაზი",
    "paint.ovalMode.oval": "წრე",
    "paint.rectMode.rect": "მართკუთხედი",
    "paint.reshapeMode.reshape": "ფორმის შეცვლა",
    "paint.roundedRectMode.roundedRect": "დამრგვალებული მართკუთხედი",
    "paint.selectMode.select": "არჩევა",
    "paint.textMode.text": "ტექსტი",
    "paint.colorPicker.swap": "შეცვლა"
}