{
    "paint.paintEditor.hue": "ពណ៌",
    "paint.paintEditor.saturation": "កម្រិតដិត",
    "paint.paintEditor.brightness": "កម្រិតពន្លឺ",
    "gui.comingSoon.message1": "កុំបារម្ភ! ពួកយើងកំពុងតែធ្វើការលើហ្នឹងហើយ {emoji}",
    "gui.comingSoon.message2": "មកដល់ឆាប់ៗ...",
    "gui.comingSoon.message3": "ពួកយើងកំពុងតែធ្វើការលើហ្នឹងហើយ {emoji}",
    "paint.paintEditor.fill": "ផ្ទៃ",
    "paint.paintEditor.costume": "រូបរាង",
    "paint.paintEditor.group": "ដាក់ក្រុម",
    "paint.paintEditor.ungroup": "បំបែកក្រុម",
    "paint.paintEditor.undo": "មិនធ្វើវិញ",
    "paint.paintEditor.redo": "ធ្វើឡើងវិញ",
    "paint.paintEditor.forward": "ទៅមុខ",
    "paint.paintEditor.backward": "ថយក្រោយ",
    "paint.paintEditor.front": "មុខគេ",
    "paint.paintEditor.back": "ក្រោយគេ",
    "paint.paintEditor.more": "ច្រើនទៀត",
    "paint.modeTools.brushSize": "ទំហំ",
    "paint.modeTools.eraserSize": "ទំហំជ័រលុប",
    "paint.modeTools.copy": "ចម្លង",
    "paint.modeTools.paste": "ភ្ជាប់",
    "paint.modeTools.delete": "លុប",
    "paint.modeTools.curved": "កោង",
    "paint.modeTools.pointed": "ស្រួច",
    "paint.modeTools.thickness": "កម្រាស់",
    "paint.modeTools.flipHorizontal": "ត្រឡប់ផ្ដេក",
    "paint.modeTools.flipVertical": "ត្រឡប់ឈរ",
    "paint.modeTools.filled": "មានផ្ទៃ",
    "paint.modeTools.outlined": "មានគ្រោង",
    "paint.paintEditor.bitmap": "បម្លែងជា Bitmap",
    "paint.paintEditor.vector": "បម្លែងជា Vector",
    "paint.paintEditor.stroke": "បន្ទាត់គែម",
    "paint.brushMode.brush": "ជក់",
    "paint.eraserMode.eraser": "ជ័រលុប",
    "paint.fillMode.fill": "ផ្ទៃ",
    "paint.lineMode.line": "បន្ទាត់",
    "paint.ovalMode.oval": "រង្វង់",
    "paint.rectMode.rect": "ចតុកោណកែង",
    "paint.reshapeMode.reshape": "កែរូបរាង",
    "paint.roundedRectMode.roundedRect": "ចតុកោណកែងជ្រុងមូល",
    "paint.selectMode.select": "ជ្រើសរើស",
    "paint.textMode.text": "អត្ថបទ",
    "paint.colorPicker.swap": "ប្តូរពណ៌"
}