{
    "paint.paintEditor.hue": "색상",
    "paint.paintEditor.saturation": "채도",
    "paint.paintEditor.brightness": "명도",
    "gui.comingSoon.message1": "걱정 마세요, 작업 중입니다 {emoji}",
    "gui.comingSoon.message2": "곧 이용 가능합니다...",
    "gui.comingSoon.message3": "작업 중입니다 {emoji}",
    "paint.paintEditor.fill": "채우기 색",
    "paint.paintEditor.costume": "모양",
    "paint.paintEditor.group": "그룹화 적용",
    "paint.paintEditor.ungroup": "그룹화 해제",
    "paint.paintEditor.undo": "되돌리기",
    "paint.paintEditor.redo": "재시도",
    "paint.paintEditor.forward": "앞으로",
    "paint.paintEditor.backward": "뒤로",
    "paint.paintEditor.front": "맨 앞으로",
    "paint.paintEditor.back": "맨 뒤로",
    "paint.paintEditor.more": "기타",
    "paint.modeTools.brushSize": "크기",
    "paint.modeTools.eraserSize": "지우개 크기",
    "paint.modeTools.copy": "복사",
    "paint.modeTools.paste": "붙이기",
    "paint.modeTools.delete": "삭제",
    "paint.modeTools.curved": "굽은 모양",
    "paint.modeTools.pointed": "꺾인 모양",
    "paint.modeTools.thickness": "굵기",
    "paint.modeTools.flipHorizontal": "좌우 뒤집기",
    "paint.modeTools.flipVertical": "상하 뒤집기",
    "paint.modeTools.filled": "채우기",
    "paint.modeTools.outlined": "윤곽선",
    "paint.paintEditor.bitmap": "비트맵으로 바꾸기",
    "paint.paintEditor.vector": "벡터로 바꾸기",
    "paint.paintEditor.stroke": "윤곽선 색",
    "paint.brushMode.brush": "붓",
    "paint.eraserMode.eraser": "지우개",
    "paint.fillMode.fill": "채우기 색",
    "paint.lineMode.line": "선",
    "paint.ovalMode.oval": "원",
    "paint.rectMode.rect": "직사각형",
    "paint.reshapeMode.reshape": "형태 고치기",
    "paint.roundedRectMode.roundedRect": "모서리가 둥근 직사각형",
    "paint.selectMode.select": "선택",
    "paint.textMode.text": "텍스트",
    "paint.colorPicker.swap": "바꾸기"
}