{
    "paint.paintEditor.hue": "Spalva",
    "paint.paintEditor.saturation": "Sodrumas",
    "paint.paintEditor.brightness": "Šviesumas",
    "gui.comingSoon.message1": "Ramybės, mes šį bei tą tobuliname {emoji}",
    "gui.comingSoon.message2": "Netrukus...",
    "gui.comingSoon.message3": "Šį bei tą tobuliname {emoji}",
    "paint.paintEditor.fill": "Užpildymas",
    "paint.paintEditor.costume": "Kaukė",
    "paint.paintEditor.group": "Grupuoti",
    "paint.paintEditor.ungroup": "Išgrupuoti",
    "paint.paintEditor.undo": "Atšaukti",
    "paint.paintEditor.redo": "Grąžinti",
    "paint.paintEditor.forward": "Artyn",
    "paint.paintEditor.backward": "Tolyn",
    "paint.paintEditor.front": "Į priekį",
    "paint.paintEditor.back": "Atgal",
    "paint.paintEditor.more": "Daugiau",
    "paint.modeTools.brushSize": "Dydis",
    "paint.modeTools.eraserSize": "Trintuko dydis",
    "paint.modeTools.copy": "Kopijuoti",
    "paint.modeTools.paste": "Įklijuoti",
    "paint.modeTools.delete": "Šalinti",
    "paint.modeTools.curved": "Lenktas",
    "paint.modeTools.pointed": "Tiesus",
    "paint.modeTools.thickness": "Storis",
    "paint.modeTools.flipHorizontal": "Apversti horizontaliai",
    "paint.modeTools.flipVertical": "Apversti vertikaliai",
    "paint.modeTools.filled": "Užpildyta",
    "paint.modeTools.outlined": "Su kontūru",
    "paint.paintEditor.bitmap": "Keisti į piešinį taškais",
    "paint.paintEditor.vector": "Keisti į piešinį linijomis",
    "paint.paintEditor.stroke": "Kontūrai",
    "paint.brushMode.brush": "Teptukas",
    "paint.eraserMode.eraser": "Trintukas",
    "paint.fillMode.fill": "Užpildyti",
    "paint.lineMode.line": "Linija",
    "paint.ovalMode.oval": "Apskritimas",
    "paint.rectMode.rect": "Stačiakampis",
    "paint.reshapeMode.reshape": "Pakeisti formą",
    "paint.roundedRectMode.roundedRect": "Užapvalintas stačiakampis",
    "paint.selectMode.select": "Pažymėti",
    "paint.textMode.text": "Tekstas",
    "paint.colorPicker.swap": "Sukeisti"
}