{
    "paint.paintEditor.hue": "Krāsa",
    "paint.paintEditor.saturation": "Piesātinājums",
    "paint.paintEditor.brightness": "Gaišums",
    "gui.comingSoon.message1": "Neuztraucies, mēs pie tā strādājam {emoji}",
    "gui.comingSoon.message2": "Drīzumā...",
    "gui.comingSoon.message3": "Mēs pie tā strādājam {emoji}",
    "paint.paintEditor.fill": "Aizpildīt",
    "paint.paintEditor.costume": "Tērps",
    "paint.paintEditor.group": "Grupēt",
    "paint.paintEditor.ungroup": "Atgrupēt",
    "paint.paintEditor.undo": "Atsaukt",
    "paint.paintEditor.redo": "Atcelt atsaukšanu",
    "paint.paintEditor.forward": "Uz priekšu",
    "paint.paintEditor.backward": "Atpakaļ",
    "paint.paintEditor.front": "Uz priekšpusi",
    "paint.paintEditor.back": "Uz aizmuguri",
    "paint.paintEditor.more": "Vairāk",
    "paint.modeTools.brushSize": "Izmērs",
    "paint.modeTools.eraserSize": "Dzēšgumijas izmērs",
    "paint.modeTools.copy": "Kopēt",
    "paint.modeTools.paste": "Ielīmēt",
    "paint.modeTools.delete": "Dzēst",
    "paint.modeTools.curved": "Izliekts",
    "paint.modeTools.pointed": "Lauzts",
    "paint.modeTools.thickness": "Biezums",
    "paint.modeTools.flipHorizontal": "Apmest horizontāli",
    "paint.modeTools.flipVertical": "Apmest vertikāli",
    "paint.modeTools.filled": "Aizpildīts",
    "paint.modeTools.outlined": "Neaizpildīts",
    "paint.paintEditor.bitmap": "Pārvērst rastra grafikā",
    "paint.paintEditor.vector": "Pārvērst vektorgrafikā",
    "paint.paintEditor.stroke": "Kontūra",
    "paint.brushMode.brush": "Ota",
    "paint.eraserMode.eraser": "Dzēšgumija",
    "paint.fillMode.fill": "Aizpildīt",
    "paint.lineMode.line": "Līnija",
    "paint.ovalMode.oval": "Aplis",
    "paint.rectMode.rect": "Taisnstūris",
    "paint.reshapeMode.reshape": "Pārveidot",
    "paint.roundedRectMode.roundedRect": "Noapaļots taisnstūris",
    "paint.selectMode.select": "Atlasīt",
    "paint.textMode.text": "Teksts",
    "paint.colorPicker.swap": "Mainīt"
}