{
    "paint.paintEditor.hue": "Tae",
    "paint.paintEditor.saturation": "Waiwai",
    "paint.paintEditor.brightness": "Pīataata",
    "gui.comingSoon.message1": "Kaua e āwangawanga, ka ekengia e mātou {emoji}",
    "gui.comingSoon.message2": "Ākuanei kei konei...",
    "gui.comingSoon.message3": "Kei te ngana mātou ki te whakaoti {emoji}",
    "paint.paintEditor.fill": "Whakakīia",
    "paint.paintEditor.costume": "Kākahu",
    "paint.paintEditor.group": "Whakarōpūngia",
    "paint.paintEditor.ungroup": "Wehea",
    "paint.paintEditor.undo": "Wetekia",
    "paint.paintEditor.redo": "Mahia anōtia",
    "paint.paintEditor.forward": "Ki mua",
    "paint.paintEditor.backward": "Ki muri",
    "paint.paintEditor.front": "Mua",
    "paint.paintEditor.back": "Hoki atu",
    "paint.paintEditor.more": "Anō",
    "paint.modeTools.brushSize": "Rahi",
    "paint.modeTools.eraserSize": "Te rahi kōmuru",
    "paint.modeTools.copy": "Tāruatia",
    "paint.modeTools.paste": "Whakapiri",
    "paint.modeTools.delete": "Mukua",
    "paint.modeTools.curved": "Ānau",
    "paint.modeTools.pointed": "Koi",
    "paint.modeTools.thickness": "Mātotoru",
    "paint.modeTools.flipHorizontal": "Pore whakapae",
    "paint.modeTools.flipVertical": "Pore poutū",
    "paint.modeTools.filled": "Kua kī",
    "paint.modeTools.outlined": "Kua whakahuahuatia",
    "paint.paintEditor.bitmap": "Whakawhitia hei Maheremoka",
    "paint.paintEditor.vector": "Whakawhitia hei Pere",
    "paint.paintEditor.stroke": "Whakahuahua",
    "paint.brushMode.brush": "Paraihe",
    "paint.eraserMode.eraser": "Kōmuru",
    "paint.fillMode.fill": "Whakakīia",
    "paint.lineMode.line": "Rārangi",
    "paint.ovalMode.oval": "Porowhita",
    "paint.rectMode.rect": "Tapawhā Roa",
    "paint.reshapeMode.reshape": "Tāraia anōtia",
    "paint.roundedRectMode.roundedRect": "Tapawhā Roa Tōpuku",
    "paint.selectMode.select": "Kōwhiria",
    "paint.textMode.text": "Kuputuhi",
    "paint.colorPicker.swap": "Whakawhitia"
}