{
    "paint.paintEditor.hue": "Kleur",
    "paint.paintEditor.saturation": "Verzadiging",
    "paint.paintEditor.brightness": "Helderheid",
    "gui.comingSoon.message1": "Geen zorgen; we zijn er mee bezig {emoji}",
    "gui.comingSoon.message2": "Binnenkort beschikbaar...",
    "gui.comingSoon.message3": "We werken er aan {emoji}",
    "paint.paintEditor.fill": "Vulling",
    "paint.paintEditor.costume": "Uiterlijk",
    "paint.paintEditor.group": "Groeperen",
    "paint.paintEditor.ungroup": "Groep opheffen",
    "paint.paintEditor.undo": "Ongedaan maken",
    "paint.paintEditor.redo": "Opnieuw",
    "paint.paintEditor.forward": "Naar voren",
    "paint.paintEditor.backward": "Naar achteren",
    "paint.paintEditor.front": "Naar voorgrond",
    "paint.paintEditor.back": "Naar achtergrond",
    "paint.paintEditor.more": "Meer",
    "paint.modeTools.brushSize": "Grootte",
    "paint.modeTools.eraserSize": "Gum-breedte",
    "paint.modeTools.copy": "Kopie maken ",
    "paint.modeTools.paste": "Plakken",
    "paint.modeTools.delete": "Verwijder",
    "paint.modeTools.curved": "Gebogen",
    "paint.modeTools.pointed": "Puntig",
    "paint.modeTools.thickness": "Dikte",
    "paint.modeTools.flipHorizontal": "Links-rechts omdraaien",
    "paint.modeTools.flipVertical": "Boven-onder omdraaien",
    "paint.modeTools.filled": "Gevuld",
    "paint.modeTools.outlined": "Omtrek",
    "paint.paintEditor.bitmap": "Zet om naar bitmap",
    "paint.paintEditor.vector": "Zet om naar vector",
    "paint.paintEditor.stroke": "Omtrek",
    "paint.brushMode.brush": "Kwast",
    "paint.eraserMode.eraser": "Gum",
    "paint.fillMode.fill": "Vulling",
    "paint.lineMode.line": "Lijn",
    "paint.ovalMode.oval": "Cirkel",
    "paint.rectMode.rect": "Rechthoek",
    "paint.reshapeMode.reshape": "Opnieuw vormen",
    "paint.roundedRectMode.roundedRect": "Afgeronde rechthoek",
    "paint.selectMode.select": "Selecteren",
    "paint.textMode.text": "Tekst",
    "paint.colorPicker.swap": "Wissel"
}