{
    "paint.paintEditor.hue": "Cor",
    "paint.paintEditor.saturation": "Saturação",
    "paint.paintEditor.brightness": "Brilho",
    "gui.comingSoon.message1": "Não se preocupe, estamos trabalhando nisso {emoji}",
    "gui.comingSoon.message2": "Em breve...",
    "gui.comingSoon.message3": "Estamos trabalhando nisso {emoji}",
    "paint.paintEditor.fill": "Preencher",
    "paint.paintEditor.costume": "Fantasia",
    "paint.paintEditor.group": "Agrupar",
    "paint.paintEditor.ungroup": "Desagrupar",
    "paint.paintEditor.undo": "Desfazer",
    "paint.paintEditor.redo": "Refazer",
    "paint.paintEditor.forward": "Para a Frente",
    "paint.paintEditor.backward": "Para Trás",
    "paint.paintEditor.front": "Frente",
    "paint.paintEditor.back": "Atrás",
    "paint.paintEditor.more": "Mais",
    "paint.modeTools.brushSize": "Tamanho",
    "paint.modeTools.eraserSize": "Tamanho da borracha",
    "paint.modeTools.copy": "Copiar",
    "paint.modeTools.paste": "Colar",
    "paint.modeTools.delete": "Apagar",
    "paint.modeTools.curved": "Curvado",
    "paint.modeTools.pointed": "Apontado",
    "paint.modeTools.thickness": "Espessura",
    "paint.modeTools.flipHorizontal": "Espelhar Horizontalmente",
    "paint.modeTools.flipVertical": "Espelhar Verticalmente",
    "paint.modeTools.filled": "Preenchido",
    "paint.modeTools.outlined": "Contornar",
    "paint.paintEditor.bitmap": "Converter para Bitmap",
    "paint.paintEditor.vector": "Converter pra Vetor",
    "paint.paintEditor.stroke": "Contornar",
    "paint.brushMode.brush": "Pincel",
    "paint.eraserMode.eraser": "Apagador",
    "paint.fillMode.fill": "Preencher",
    "paint.lineMode.line": "Linha",
    "paint.ovalMode.oval": "Círculo",
    "paint.rectMode.rect": "Retângulo",
    "paint.reshapeMode.reshape": "Remodelar",
    "paint.roundedRectMode.roundedRect": "Retângulo Arredondado",
    "paint.selectMode.select": "Selecionar",
    "paint.textMode.text": "Texto",
    "paint.colorPicker.swap": "Troque"
}