{
    "paint.paintEditor.hue": "Matiz",
    "paint.paintEditor.saturation": "Saturação",
    "paint.paintEditor.brightness": "Brilho",
    "gui.comingSoon.message1": "Não se preocupe, estamos a trabalhar afincadamente nisto {emoji}",
    "gui.comingSoon.message2": "Em Breve…",
    "gui.comingSoon.message3": "Estamos a trabalhar afincadamente nisto {emoji}",
    "paint.paintEditor.fill": "Interior",
    "paint.paintEditor.costume": "Traje",
    "paint.paintEditor.group": "Agrupar",
    "paint.paintEditor.ungroup": "Desagrupar",
    "paint.paintEditor.undo": "Desfazer",
    "paint.paintEditor.redo": "Refazer",
    "paint.paintEditor.forward": "Avançar",
    "paint.paintEditor.backward": "Recuar",
    "paint.paintEditor.front": "Para a Frente",
    "paint.paintEditor.back": "Para Trás",
    "paint.paintEditor.more": "Mais",
    "paint.modeTools.brushSize": "Tamanho",
    "paint.modeTools.eraserSize": "Tamanho da borracha",
    "paint.modeTools.copy": "Copiar",
    "paint.modeTools.paste": "Colar",
    "paint.modeTools.delete": "Remover",
    "paint.modeTools.curved": "Arredondado",
    "paint.modeTools.pointed": "Em Ângulo",
    "paint.modeTools.thickness": "Espessura",
    "paint.modeTools.flipHorizontal": "Inverter Horizontalmente",
    "paint.modeTools.flipVertical": "Inverter Verticalmente",
    "paint.modeTools.filled": "A cheio",
    "paint.modeTools.outlined": "Com contorno",
    "paint.paintEditor.bitmap": "Converter para Bitmap",
    "paint.paintEditor.vector": "Converter para Vectorial",
    "paint.paintEditor.stroke": "Contorno",
    "paint.brushMode.brush": "Pincel",
    "paint.eraserMode.eraser": "Borracha",
    "paint.fillMode.fill": "Preencher",
    "paint.lineMode.line": "Linha",
    "paint.ovalMode.oval": "Círculo",
    "paint.rectMode.rect": "Rectângulo",
    "paint.reshapeMode.reshape": "Remodelar",
    "paint.roundedRectMode.roundedRect": "Rectângulo Arredondado",
    "paint.selectMode.select": "Seleccionar",
    "paint.textMode.text": "Texto",
    "paint.colorPicker.swap": "Trocar"
}