{
    "paint.paintEditor.hue": "Kiʾea",
    "paint.paintEditor.saturation": "Saturación",
    "paint.paintEditor.brightness": "ʾUira",
    "gui.comingSoon.message1": "ina koe ko tipa tipa, i matou e aŋa a mo ra meʾe {emoji}",
    "gui.comingSoon.message2": "Na he oho mai…",
    "gui.comingSoon.message3": "e aŋa a mo ra meʾe {emoji}",
    "paint.paintEditor.fill": "hāʾī",
    "paint.paintEditor.costume": "Diseño",
    "paint.paintEditor.group": "piri",
    "paint.paintEditor.ungroup": "haka kore te piri",
    "paint.paintEditor.undo": "moumou",
    "paint.paintEditor.redo": "he anga haka ʾou",
    "paint.paintEditor.forward": "a muʾa",
    "paint.paintEditor.backward": "A tuʾa ",
    "paint.paintEditor.front": "i muʾa",
    "paint.paintEditor.back": "a tuʾa ",
    "paint.paintEditor.more": "te tahi",
    "paint.modeTools.brushSize": "he haito",
    "paint.modeTools.eraserSize": "he nui nui o te ua ua haka kore",
    "paint.modeTools.copy": "ko tuʾu meʾe a",
    "paint.modeTools.paste": "pipiri",
    "paint.modeTools.delete": "haka kore",
    "paint.modeTools.curved": "pikopiko",
    "paint.modeTools.pointed": "titika",
    "paint.modeTools.thickness": "peŋo peŋo",
    "paint.modeTools.flipHorizontal": "haka teka pahe hau titika",
    "paint.modeTools.flipVertical": "e rori mo haka titika",
    "paint.modeTools.filled": "hāʾī",
    "paint.modeTools.outlined": "Contorneado",
    "paint.paintEditor.bitmap": "haka āŋa ki te mapa bits",
    "paint.paintEditor.vector": "e rori ki te vector",
    "paint.paintEditor.stroke": "Tītī",
    "paint.brushMode.brush": "purumu paru",
    "paint.eraserMode.eraser": "ua ua haka kore",
    "paint.fillMode.fill": "hāʾī",
    "paint.lineMode.line": "hore hore",
    "paint.ovalMode.oval": "taka taka",
    "paint.rectMode.rect": "avahata poto roa",
    "paint.reshapeMode.reshape": "e hoki mo haka titika te āŋa",
    "paint.roundedRectMode.roundedRect": "avahata poto roa hai titi taka taka",
    "paint.selectMode.select": "tuhi",
    "paint.textMode.text": "papaʾi",
    "paint.colorPicker.swap": "rori"
}