{
    "paint.paintEditor.hue": "Culoare",
    "paint.paintEditor.saturation": "Saturație",
    "paint.paintEditor.brightness": "Strălucire",
    "gui.comingSoon.message1": "Nu-ți face griji, ne ocupăm de asta {emoji}",
    "gui.comingSoon.message2": "În curând...",
    "gui.comingSoon.message3": "Lucrăm la asta {emoji}",
    "paint.paintEditor.fill": "Umplere",
    "paint.paintEditor.costume": "Costum",
    "paint.paintEditor.group": "Grupează",
    "paint.paintEditor.ungroup": "Degrupează",
    "paint.paintEditor.undo": "Anulează ultima modificare",
    "paint.paintEditor.redo": "Refă acțiunea anulată",
    "paint.paintEditor.forward": "În față",
    "paint.paintEditor.backward": "În spate",
    "paint.paintEditor.front": "Primul",
    "paint.paintEditor.back": "Înapoi",
    "paint.paintEditor.more": "Altele",
    "paint.modeTools.brushSize": "Dimensiune",
    "paint.modeTools.eraserSize": "Grosimea radierei",
    "paint.modeTools.copy": "Copiază",
    "paint.modeTools.paste": "Lipește",
    "paint.modeTools.delete": "Șterge",
    "paint.modeTools.curved": "Curbat",
    "paint.modeTools.pointed": "Unghi",
    "paint.modeTools.thickness": "Grosime",
    "paint.modeTools.flipHorizontal": "Întoarce orizontal",
    "paint.modeTools.flipVertical": "Întoarce vertical",
    "paint.modeTools.filled": "Plin",
    "paint.modeTools.outlined": "Contur",
    "paint.paintEditor.bitmap": "Convertește la bitmap",
    "paint.paintEditor.vector": "Convertește în format vectorial",
    "paint.paintEditor.stroke": "Contur",
    "paint.brushMode.brush": "Pensulă",
    "paint.eraserMode.eraser": "Radieră",
    "paint.fillMode.fill": "Umplere",
    "paint.lineMode.line": "Linie",
    "paint.ovalMode.oval": "Cerc",
    "paint.rectMode.rect": "Dreptunghi",
    "paint.reshapeMode.reshape": "Remodelează",
    "paint.roundedRectMode.roundedRect": "Dreptunghi rotunjit",
    "paint.selectMode.select": "Selectează",
    "paint.textMode.text": "Text",
    "paint.colorPicker.swap": "Schimbă"
}