{
    "paint.paintEditor.hue": "Barva",
    "paint.paintEditor.saturation": "nasičenost",
    "paint.paintEditor.brightness": "Svetlost",
    "gui.comingSoon.message1": "Ne skrbi, delamo na tem {emoji}",
    "gui.comingSoon.message2": "Kmalu ...",
    "gui.comingSoon.message3": "Delamo na tem {emoji}",
    "paint.paintEditor.fill": "Zapolni",
    "paint.paintEditor.costume": "Videz",
    "paint.paintEditor.group": "Združi",
    "paint.paintEditor.ungroup": "Razdruži",
    "paint.paintEditor.undo": "Razveljavi",
    "paint.paintEditor.redo": "Uveljavi",
    "paint.paintEditor.forward": "naprej",
    "paint.paintEditor.backward": "nazaj",
    "paint.paintEditor.front": "Spredaj",
    "paint.paintEditor.back": "Nazaj",
    "paint.paintEditor.more": "Več",
    "paint.modeTools.brushSize": "Velikost",
    "paint.modeTools.eraserSize": "Širina radirke",
    "paint.modeTools.copy": "Kopiraj",
    "paint.modeTools.paste": "prilepi",
    "paint.modeTools.delete": "Izbriši",
    "paint.modeTools.curved": "Zaobljeno",
    "paint.modeTools.pointed": "Točkovno",
    "paint.modeTools.thickness": "debelina",
    "paint.modeTools.flipHorizontal": "Obrni vodoravno",
    "paint.modeTools.flipVertical": "Obrni navpično",
    "paint.modeTools.filled": "polnitev",
    "paint.modeTools.outlined": "očrtano",
    "paint.paintEditor.bitmap": "Pretvori v bitno sliko",
    "paint.paintEditor.vector": "Pretvori v vektorsko sliko",
    "paint.paintEditor.stroke": "Obroba",
    "paint.brushMode.brush": "Čopič",
    "paint.eraserMode.eraser": "Radirka",
    "paint.fillMode.fill": "Zapolni",
    "paint.lineMode.line": "Črta",
    "paint.ovalMode.oval": "Krog",
    "paint.rectMode.rect": "Pravokotnik",
    "paint.reshapeMode.reshape": "Preoblikuj",
    "paint.roundedRectMode.roundedRect": "Zaokrožen pravokotnik",
    "paint.selectMode.select": "Izberi",
    "paint.textMode.text": "Besedilo",
    "paint.colorPicker.swap": "zamenjaj"
}