{
    "paint.paintEditor.hue": "Färg",
    "paint.paintEditor.saturation": "Mättnad",
    "paint.paintEditor.brightness": "Ljusstyrka",
    "gui.comingSoon.message1": "Det är lugnt, vi jobbar på det {emoji}",
    "gui.comingSoon.message2": "Kommer snart...",
    "gui.comingSoon.message3": "Vi jobbar på det {emoji}",
    "paint.paintEditor.fill": "Fyll",
    "paint.paintEditor.costume": "Klädsel",
    "paint.paintEditor.group": "Gruppera",
    "paint.paintEditor.ungroup": "Dela upp grupp",
    "paint.paintEditor.undo": "Ångra",
    "paint.paintEditor.redo": "Gör om",
    "paint.paintEditor.forward": "Framåt",
    "paint.paintEditor.backward": "Bakåt",
    "paint.paintEditor.front": "Placera längst fram",
    "paint.paintEditor.back": "Placera längst bak",
    "paint.paintEditor.more": "Mer",
    "paint.modeTools.brushSize": "Storlek",
    "paint.modeTools.eraserSize": "Suddgummi storlek",
    "paint.modeTools.copy": "Kopiera",
    "paint.modeTools.paste": "Klistra in",
    "paint.modeTools.delete": "Radera",
    "paint.modeTools.curved": "Böjd",
    "paint.modeTools.pointed": "Spetsig",
    "paint.modeTools.thickness": "Tjocklek",
    "paint.modeTools.flipHorizontal": "Vänd vågrätt",
    "paint.modeTools.flipVertical": "Vänd lodrätt",
    "paint.modeTools.filled": "Fylld",
    "paint.modeTools.outlined": "Ofylld",
    "paint.paintEditor.bitmap": "Gör till bitmapp",
    "paint.paintEditor.vector": "Konvertera till vektor",
    "paint.paintEditor.stroke": "Kontur",
    "paint.brushMode.brush": "Pensel",
    "paint.eraserMode.eraser": "Radergummi",
    "paint.fillMode.fill": "Fyll",
    "paint.lineMode.line": "Linje",
    "paint.ovalMode.oval": "Cirkel",
    "paint.rectMode.rect": "Rektangel",
    "paint.reshapeMode.reshape": "Omforma",
    "paint.roundedRectMode.roundedRect": "Rektangel rundade hörn",
    "paint.selectMode.select": "Välj",
    "paint.textMode.text": "Text",
    "paint.colorPicker.swap": "Växla färg"
}