{
    "paint.paintEditor.hue": "Rangi",
    "paint.paintEditor.saturation": "Kiasi Ya Rangi",
    "paint.paintEditor.brightness": "Mng'aro",
    "gui.comingSoon.message1": "Tafadhali subiri dakika chache tunaishughulikia {emoji}",
    "gui.comingSoon.message2": "Inakuja hivi karibuni...",
    "gui.comingSoon.message3": "Tunaishughulikia {emoji}",
    "paint.paintEditor.fill": "Jaza Rangi",
    "paint.paintEditor.costume": "Mtindo",
    "paint.paintEditor.group": "Kusanya",
    "paint.paintEditor.ungroup": "Toa Kwenye Kundi",
    "paint.paintEditor.undo": "Ondoa",
    "paint.paintEditor.redo": "Rudia",
    "paint.paintEditor.forward": "Enda Mbele",
    "paint.paintEditor.backward": "Rudi Nyuma",
    "paint.paintEditor.front": "Mbele",
    "paint.paintEditor.back": "Nyuma",
    "paint.paintEditor.more": "Zaidi",
    "paint.modeTools.brushSize": "Ukubwa ",
    "paint.modeTools.eraserSize": "Ukubwa wa kifutio",
    "paint.modeTools.copy": "Nakala",
    "paint.modeTools.paste": "Bandika",
    "paint.modeTools.delete": "Futa",
    "paint.modeTools.curved": "Fanya Mzingo",
    "paint.modeTools.pointed": "Fanya Kipeo",
    "paint.modeTools.thickness": "Unene",
    "paint.modeTools.flipHorizontal": "Zungusha Kwa Mlalo",
    "paint.modeTools.flipVertical": "Zungusha Kwa Wima",
    "paint.modeTools.filled": "Iliyojazwa",
    "paint.modeTools.outlined": "Mstari Uliozungukwa",
    "paint.paintEditor.bitmap": "Badilisha kuwa Bitmap",
    "paint.paintEditor.vector": "Badilisha kuwa Vector",
    "paint.paintEditor.stroke": "Mstari Wa Kuzunguka",
    "paint.brushMode.brush": "Brashi",
    "paint.eraserMode.eraser": "Kifutio",
    "paint.fillMode.fill": "Jaza Rangi",
    "paint.lineMode.line": "Mstari",
    "paint.ovalMode.oval": "Duara",
    "paint.rectMode.rect": "Mstatili",
    "paint.reshapeMode.reshape": "Badilisha Umbo",
    "paint.roundedRectMode.roundedRect": "Mstatili Uilo Na Pembe Za Mviringo",
    "paint.selectMode.select": "Chagua",
    "paint.textMode.text": "Maandishi",
    "paint.colorPicker.swap": "Badilisha"
}