{
    "paint.paintEditor.hue": "Rang",
    "paint.paintEditor.saturation": "To'yinganlik",
    "paint.paintEditor.brightness": "Yorqinlik",
    "gui.comingSoon.message1": "Xavotir olmang, biz shu yerdamiz. {emoji}",
    "gui.comingSoon.message2": "Tez kunda...",
    "gui.comingSoon.message3": "Biz uning ustida ishlayapmiz {emoji}",
    "paint.paintEditor.fill": "To'ldirish",
    "paint.paintEditor.costume": "Kostyum",
    "paint.paintEditor.group": "Guruh",
    "paint.paintEditor.ungroup": "Guruhlashni bekor qilish",
    "paint.paintEditor.undo": "Bekor qilish",
    "paint.paintEditor.redo": "Qaytarish",
    "paint.paintEditor.forward": "Oldiga",
    "paint.paintEditor.backward": "Orqaga",
    "paint.paintEditor.front": "Eng oldiga",
    "paint.paintEditor.back": "Eng orqaga",
    "paint.paintEditor.more": "Ko'proq",
    "paint.modeTools.brushSize": "O'lchami",
    "paint.modeTools.eraserSize": "O'chirg'ich o'lchami",
    "paint.modeTools.copy": "Nusxa olish",
    "paint.modeTools.paste": "Joylashtirish",
    "paint.modeTools.delete": "O'chirish",
    "paint.modeTools.curved": "Egri",
    "paint.modeTools.pointed": "Ko'rsatilgan",
    "paint.modeTools.thickness": "Qalinligi",
    "paint.modeTools.flipHorizontal": "Chapdan o'ngga burish",
    "paint.modeTools.flipVertical": "Yuqoridan pastga burish",
    "paint.modeTools.filled": "Bo'yash",
    "paint.modeTools.outlined": "Qisqartirilgan",
    "paint.paintEditor.bitmap": "Rastr tasvirga o'zgartirish",
    "paint.paintEditor.vector": "Vektor tasvirga o'zgartirish",
    "paint.paintEditor.stroke": "Ramqa",
    "paint.brushMode.brush": "Kistichka",
    "paint.eraserMode.eraser": "O'chirg'ich",
    "paint.fillMode.fill": "Bo'yash",
    "paint.lineMode.line": "Chiziq",
    "paint.ovalMode.oval": "Aylana",
    "paint.rectMode.rect": "Toʻrtburchak",
    "paint.reshapeMode.reshape": "Burchakli to'rtburchak",
    "paint.roundedRectMode.roundedRect": "Aval shakl berish",
    "paint.selectMode.select": "Tanlash",
    "paint.textMode.text": "Yozuv",
    "paint.colorPicker.swap": "Almashtirish"
}