{
    "paint.paintEditor.hue": "Màu",
    "paint.paintEditor.saturation": "Độ bão hòa",
    "paint.paintEditor.brightness": "Độ sáng",
    "gui.comingSoon.message1": "Đừng lo, chúng tôi đang phát triển tính năng này {emoji}",
    "gui.comingSoon.message2": "Sắp có...",
    "gui.comingSoon.message3": "Chúng tôi đang tiếp tục phát triển tính năng này {emoji}",
    "paint.paintEditor.fill": "Tô",
    "paint.paintEditor.costume": "Thiết kế",
    "paint.paintEditor.group": "Nhóm",
    "paint.paintEditor.ungroup": "Hủy nhóm",
    "paint.paintEditor.undo": "Hoàn tác",
    "paint.paintEditor.redo": "Làm lại ",
    "paint.paintEditor.forward": "Đưa lên phía trên",
    "paint.paintEditor.backward": "Đưa ra phía sau",
    "paint.paintEditor.front": "Đưa lên phía trên cùng",
    "paint.paintEditor.back": "Đưa ra phía sau cùng",
    "paint.paintEditor.more": "Nhiều hơn",
    "paint.modeTools.brushSize": "Kích thước ",
    "paint.modeTools.eraserSize": "Kích thước tẩy",
    "paint.modeTools.copy": "Sao chép",
    "paint.modeTools.paste": "Dán",
    "paint.modeTools.delete": "Xóa",
    "paint.modeTools.curved": "Uốn cong",
    "paint.modeTools.pointed": "Góc nhọn",
    "paint.modeTools.thickness": "Độ dày ngòi bút",
    "paint.modeTools.flipHorizontal": "Lật ngang",
    "paint.modeTools.flipVertical": "Lật dọc",
    "paint.modeTools.filled": "Hình đầy",
    "paint.modeTools.outlined": "Hình rỗng",
    "paint.paintEditor.bitmap": "Chuyển thành Bitmap",
    "paint.paintEditor.vector": "Chuyển thành Vector",
    "paint.paintEditor.stroke": "Viền",
    "paint.brushMode.brush": "Cọ vẽ",
    "paint.eraserMode.eraser": "Tẩy",
    "paint.fillMode.fill": "Tô",
    "paint.lineMode.line": "Dòng",
    "paint.ovalMode.oval": "Hình tròn",
    "paint.rectMode.rect": "Hình chữ nhật",
    "paint.reshapeMode.reshape": "Đổi hình dạng",
    "paint.roundedRectMode.roundedRect": "Hình vuông góc tròn",
    "paint.selectMode.select": "Chọn",
    "paint.textMode.text": "Văn bản",
    "paint.colorPicker.swap": "Đổi màu"
}