{
    "paint.paintEditor.hue": "颜色",
    "paint.paintEditor.saturation": "饱和度",
    "paint.paintEditor.brightness": "亮度",
    "gui.comingSoon.message1": "别急，我们还在开发 {emoji}",
    "gui.comingSoon.message2": "很快就能用了……",
    "gui.comingSoon.message3": "我们还在开发这个功能 {emoji}",
    "paint.paintEditor.fill": "填充",
    "paint.paintEditor.costume": "造型",
    "paint.paintEditor.group": "组合",
    "paint.paintEditor.ungroup": "拆散",
    "paint.paintEditor.undo": "撤销",
    "paint.paintEditor.redo": "重做",
    "paint.paintEditor.forward": "往前放",
    "paint.paintEditor.backward": "往后放",
    "paint.paintEditor.front": "放最前面",
    "paint.paintEditor.back": "放最后面",
    "paint.paintEditor.more": "更多",
    "paint.modeTools.brushSize": "粗细",
    "paint.modeTools.eraserSize": "橡皮擦大小",
    "paint.modeTools.copy": "复制",
    "paint.modeTools.paste": "粘贴",
    "paint.modeTools.delete": "删除",
    "paint.modeTools.curved": "曲线",
    "paint.modeTools.pointed": "折线",
    "paint.modeTools.thickness": "粗细",
    "paint.modeTools.flipHorizontal": "水平翻转",
    "paint.modeTools.flipVertical": "垂直翻转",
    "paint.modeTools.filled": "实心",
    "paint.modeTools.outlined": "轮廓",
    "paint.paintEditor.bitmap": "转换为位图",
    "paint.paintEditor.vector": "转换为矢量图",
    "paint.paintEditor.stroke": "轮廓",
    "paint.brushMode.brush": "画笔",
    "paint.eraserMode.eraser": "橡皮擦",
    "paint.fillMode.fill": "填充",
    "paint.lineMode.line": "线段",
    "paint.ovalMode.oval": "圆",
    "paint.rectMode.rect": "矩形",
    "paint.reshapeMode.reshape": "变形",
    "paint.roundedRectMode.roundedRect": "圆角矩形",
    "paint.selectMode.select": "选择",
    "paint.textMode.text": "文本",
    "paint.colorPicker.swap": "交换"
}