{
    "paint.paintEditor.hue": "Umbala",
    "paint.paintEditor.saturation": "Ukukhanya kombala",
    "paint.paintEditor.brightness": "Ukukhanya",
    "gui.comingSoon.message1": "Ungakhazeni sesikhona siyasebenza {emoji}",
    "gui.comingSoon.message2": "Kuyeza Maduzane...",
    "gui.comingSoon.message3": "Sisebenza kona kuyimanje {emoji}",
    "paint.paintEditor.fill": "Gcwalisa",
    "paint.paintEditor.costume": "Impahla",
    "paint.paintEditor.group": "Iqembu",
    "paint.paintEditor.ungroup": "Hlukanisa",
    "paint.paintEditor.undo": "Yenza kabusha",
    "paint.paintEditor.redo": "Ukwenzakabusha",
    "paint.paintEditor.forward": "Phambili",
    "paint.paintEditor.backward": "Emuva",
    "paint.paintEditor.front": "Phambili",
    "paint.paintEditor.back": "Emuva",
    "paint.paintEditor.more": "Okunye",
    "paint.modeTools.brushSize": "Isisindo",
    "paint.modeTools.eraserSize": "Irabha ubude",
    "paint.modeTools.copy": "Khopisha",
    "paint.modeTools.paste": "Namathisela",
    "paint.modeTools.delete": "Susa",
    "paint.modeTools.curved": "Lugobile ",
    "paint.modeTools.pointed": "Iphoyinti",
    "paint.modeTools.thickness": "Ugqinsi",
    "paint.modeTools.flipHorizontal": "Phendula ngokuya emaceleni",
    "paint.modeTools.flipVertical": "Phendula ngokuya phansi naphezulu",
    "paint.modeTools.filled": "Kugcwele",
    "paint.modeTools.outlined": "Kugqamile",
    "paint.paintEditor.bitmap": "Shitsela kuBitmap",
    "paint.paintEditor.vector": "Shitsela kuVector",
    "paint.paintEditor.stroke": "Kugqamise",
    "paint.brushMode.brush": "Ibhrashi",
    "paint.eraserMode.eraser": "Irabha",
    "paint.fillMode.fill": "Gcwalisa",
    "paint.lineMode.line": "Umugqa",
    "paint.ovalMode.oval": "Indingiliza",
    "paint.rectMode.rect": "Irectangle",
    "paint.reshapeMode.reshape": "Ukubuyisele esimeni",
    "paint.roundedRectMode.roundedRect": "Indingiliza yerectangle",
    "paint.selectMode.select": "Khetha",
    "paint.textMode.text": "Umbhalo",
    "paint.colorPicker.swap": "Shitsha "
}